#
# A fatal error has been detected by the Java Runtime Environment:
#
#  EXCEPTION_ACCESS_VIOLATION (0xc0000005) at pc=0x00007ffe70543e37, pid=40012, tid=19632
#
# JRE version: OpenJDK Runtime Environment Corretto-21.0.11.10.1 (21.0.11+10) (build 21.0.11+10-LTS)
# Java VM: OpenJDK 64-Bit Server VM Corretto-21.0.11.10.1 (21.0.11+10-LTS, mixed mode, tiered, compressed oops, compressed class ptrs, g1 gc, windows-amd64)
# Problematic frame:
# C  [skiko-windows-x64.dll+0x723e37]
#
# No core dump will be written. Minidumps are not enabled by default on client versions of Windows
#
# If you would like to submit a bug report, please visit:
#   https://github.com/corretto/corretto-21/issues/
# The crash happened outside the Java Virtual Machine in native code.
# See problematic frame for where to report the bug.
#

---------------  S U M M A R Y ------------

Command Line: -Djpackage.app-version=0.5.0 -Dcompose.application.resources.dir=C:\Users\antoi\AppData\Local\OmniApp\app\app\resources -Dcompose.application.configure.swing.globals=true -Dskiko.library.path=C:\Users\antoi\AppData\Local\OmniApp\app\app -Djpackage.app-path=C:\Users\antoi\AppData\Local\OmniApp\app\org.example.project.exe org.example.project.MainKt

Host: Intel(R) Core(TM) Ultra 9 185H, 22 cores, 23G,  Windows 11 , 64 bit Build 26100 (10.0.26100.9444)
Time: Tue Sep 29 13:37:38 2026 elapsed time: 6524.788077 seconds (0d 1h 48m 44s)

---------------  T H R E A D  ---------------

Current thread (0x00000285a0b70db0):  JavaThread "AWT-EventQueue-0"        [_thread_in_native, id=19632, stack(0x000000d9ebe00000,0x000000d9ebf00000) (1024K)]

Stack: [0x000000d9ebe00000,0x000000d9ebf00000],  sp=0x000000d9ebefe5a0,  free space=1017k
Native frames: (J=compiled Java code, j=interpreted, Vv=VM code, C=native code)
C  [skiko-windows-x64.dll+0x723e37]

Java frames: (J=compiled Java code, j=interpreted, Vv=VM code)
J 5894  org.jetbrains.skia.impl.Managed._nInvokeFinalizer(JJ)V (0 bytes) @ 0x000002858b1ddd1c [0x000002858b1ddcc0+0x000000000000005c]
J 12867 c2 org.jetbrains.skia.impl.CleanableImpl.clean()V (21 bytes) @ 0x000002858b8adfc8 [0x000002858b8adcc0+0x0000000000000308]
j  org.jetbrains.skia.impl.Managed.close()V+108
j  org.jetbrains.skiko.context.ContextHandler.dispose()V+12
j  org.jetbrains.skiko.redrawer.Direct3DRedrawer.dispose()V+21
j  org.jetbrains.skiko.SkiaLayer.redrawerManager$lambda$0(Lorg/jetbrains/skiko/SkiaLayer;Lorg/jetbrains/skiko/GraphicsApi;Lorg/jetbrains/skiko/redrawer/Redrawer;)Lorg/jetbrains/skiko/redrawer/Redrawer;+11
j  org.jetbrains.skiko.SkiaLayer$$Lambda+0x0000000800256248.invoke(Ljava/lang/Object;Ljava/lang/Object;)Ljava/lang/Object;+12
j  org.jetbrains.skiko.redrawer.RedrawerManager.findNextWorkingRenderApi(Z)V+53
j  org.jetbrains.skiko.redrawer.RedrawerManager.findNextWorkingRenderApi$default(Lorg/jetbrains/skiko/redrawer/RedrawerManager;ZILjava/lang/Object;)V+10
J 16644 c2 org.jetbrains.skiko.redrawer.Direct3DRedrawer.draw(Lkotlin/coroutines/Continuation;)Ljava/lang/Object; (664 bytes) @ 0x000002858b0c2594 [0x000002858b0c1180+0x0000000000001414]
J 14167 c2 org.jetbrains.skiko.redrawer.Direct3DRedrawer$draw$1.invokeSuspend(Ljava/lang/Object;)Ljava/lang/Object; (28 bytes) @ 0x000002858b7d37c0 [0x000002858b7d3720+0x00000000000000a0]
J 12096 c2 kotlin.coroutines.jvm.internal.BaseContinuationImpl.resumeWith(Ljava/lang/Object;)V (124 bytes) @ 0x000002858b7b7348 [0x000002858b7b72e0+0x0000000000000068]
J 19974 c2 kotlinx.coroutines.DispatchedTask.run()V (400 bytes) @ 0x000002858bae2214 [0x000002858bae1d20+0x00000000000004f4]
j  java.awt.event.InvocationEvent.dispatch()V+47 java.desktop@21.0.11
j  java.awt.EventQueue.dispatchEventImpl(Ljava/awt/AWTEvent;Ljava/lang/Object;)V+21 java.desktop@21.0.11
J 13441 c2 java.awt.EventDispatchThread.pumpOneEventForFilters(I)V java.desktop@21.0.11 (106 bytes) @ 0x000002858bb1cd6c [0x000002858bb1c700+0x000000000000066c]
J 14300% c2 java.awt.EventDispatchThread.pumpEventsForFilter(ILjava/awt/Conditional;Ljava/awt/EventFilter;)V java.desktop@21.0.11 (47 bytes) @ 0x000002858b16f65c [0x000002858b16f5c0+0x000000000000009c]
j  java.awt.EventDispatchThread.pumpEventsForHierarchy(ILjava/awt/Conditional;Ljava/awt/Component;)V+11 java.desktop@21.0.11
j  java.awt.EventDispatchThread.pumpEvents(ILjava/awt/Conditional;)V+4 java.desktop@21.0.11
j  java.awt.EventDispatchThread.pumpEvents(Ljava/awt/Conditional;)V+3 java.desktop@21.0.11
j  java.awt.EventDispatchThread.run()V+9 java.desktop@21.0.11
v  ~StubRoutines::call_stub 0x000002858a75100d

siginfo: EXCEPTION_ACCESS_VIOLATION (0xc0000005), reading address 0xffffffffffffffff


Registers:
RAX=0x00000285b284bbd0, RBX=0x00000285ae8c4fc0, RCX=0x9007640099c5e9c5, RDX=0x00000285ae8c4fc0
RSP=0x000000d9ebefe5a0, RBP=0x0000000000000001, RSI=0x00000285ae8c5160, RDI=0x00000285ae8c4fc0
R8 =0x00000285fba5a080, R9 =0x0000000000000000, R10=0x00000285fba50000, R11=0x0000000000000018
R12=0x0000000000000000, R13=0x000000d9ebefe908, R14=0x000000d9ebefe870, R15=0x00000285a0b70db0
RIP=0x00007ffe70543e37, EFLAGS=0x0000000000010202

XMM[0]=0x0000000000000000 0x0000000000000000
XMM[1]=0x0000000000000000 0x0000000000000000
XMM[2]=0x0000000000000000 0x00000000000cc4c0
XMM[3]=0x0000000000000000 0x3ff0000000000000
XMM[4]=0x2525252525252525 0x2525252525252525
XMM[5]=0x6e6a5c736d697270 0x5c65726168735c74
XMM[6]=0x0000000000000000 0x0000000000000000
XMM[7]=0x0000000000000000 0x00000000407d695e
XMM[8]=0x0000000000000000 0x0000000043880000
XMM[9]=0x0000000000000000 0x0000000043880000
XMM[10]=0x0000000000000000 0x0000000000000000
XMM[11]=0x0000000000000000 0x0000000000000000
XMM[12]=0x0000000000000000 0x000000003f2ec924
XMM[13]=0x0000000000000000 0x000000004051b715
XMM[14]=0x0000000000000000 0x000000003f800000
XMM[15]=0x0000000000000000 0x0000000000000000
  MXCSR=0x00001fa3


Register to memory mapping:

RAX=0x00000285b284bbd0 points into unknown readable memory: 0x00000285b441b160 | 60 b1 41 b4 85 02 00 00
RBX=0x00000285ae8c4fc0 points into unknown readable memory: 0x00007ffe709d3380 | 80 33 9d 70 fe 7f 00 00
RCX=0x9007640099c5e9c5 is an unknown value
RDX=0x00000285ae8c4fc0 points into unknown readable memory: 0x00007ffe709d3380 | 80 33 9d 70 fe 7f 00 00
RSP=0x000000d9ebefe5a0 is pointing into the stack for thread: 0x00000285a0b70db0
RBP=0x0000000000000001 is an unknown value
RSI=0x00000285ae8c5160 points into unknown readable memory: 0x00000285b284bbd0 | d0 bb 84 b2 85 02 00 00
RDI=0x00000285ae8c4fc0 points into unknown readable memory: 0x00007ffe709d3380 | 80 33 9d 70 fe 7f 00 00
R8 =0x00000285fba5a080 points into unknown readable memory: 0x00000285fba50db0 | b0 0d a5 fb 85 02 00 00
R9 =0x0 is null
R10=0x00000285fba50000 points into unknown readable memory: 0x0000000000000000 | 00 00 00 00 00 00 00 00
R11=0x0000000000000018 is an unknown value
R12=0x0 is null
R13=0x000000d9ebefe908 is pointing into the stack for thread: 0x00000285a0b70db0
R14=0x000000d9ebefe870 is pointing into the stack for thread: 0x00000285a0b70db0
R15=0x00000285a0b70db0 is a thread

Top of Stack: (sp=0x000000d9ebefe5a0)
0x000000d9ebefe5a0:   00000285a0b70db0 000002859cf8ff78   ........x.......
0x000000d9ebefe5b0:   00000285a0b70db0 00000285a0b70db0   ................
0x000000d9ebefe5c0:   000000d9ebefe7a0 000002859d84485c   ........\H......
0x000000d9ebefe5d0:   00000008006c2ee0 0000bd3dd7eb8d01   ..l.........=...
0x000000d9ebefe5e0:   00000285ae8c4fc0 0000000000000001   .O..............
0x000000d9ebefe5f0:   00000285ae8c5160 00000285ae8c4fc0   `Q.......O......
0x000000d9ebefe600:   000000d9ebefe870 00007ffe70543df1   p........=Tp....
0x000000d9ebefe610:   0000028500060000 000000d9ebefcdf8   ................
0x000000d9ebefe620:   0000180000001800 00000000002bc400   ..........+.....
0x000000d9ebefe630:   0000bd3dd7eba3c1 000000d9ebefe770   ....=...p.......
0x000000d9ebefe640:   00000285ae8c5058 00007ffe70305e57   XP......W^0p....
0x000000d9ebefe650:   000000d9ebefe770 0000000000000000   p...............
0x000000d9ebefe660:   000000d9ebefe908 000000d9ebefe7b0   ................
0x000000d9ebefe670:   00000285ae8c5058 00007ffe70091ec1   XP.........p....
0x000000d9ebefe680:   00000285a0b70db0 00007ffe7376979e   ..........vs....
0x000000d9ebefe690:   0000000000000000 000002859d844f78   ........xO......
0x000000d9ebefe6a0:   0000000000000000 0000bd3dd7eb8e21   ........!...=...
0x000000d9ebefe6b0:   000000068ba55300 000000d9ebefe880   .S..............
0x000000d9ebefe6c0:   000000d9ebefe770 00000285ae8c4fc0   p........O......
0x000000d9ebefe6d0:   0000000000000000 000000d9ebefe870   ........p.......
0x000000d9ebefe6e0:   00000285a0b70db0 00007ffe7006c31a   ...........p....
0x000000d9ebefe6f0:   00000000000000b6 00007ffe6fec2e47   ........G..o....
0x000000d9ebefe700:   000000d9ebefe880 0000000000000001   ................
0x000000d9ebefe710:   00000285b1a92ad0 000000068ba55300   .*.......S......
0x000000d9ebefe720:   0000000000000001 00000285b1a92ad0   .........*......
0x000000d9ebefe730:   000000d9ebefe870 00007ffe6fec2a1b   p........*.o....
0x000000d9ebefe740:   000002859d844878 0000000000000000   xH..............
0x000000d9ebefe750:   0000020000000000 000000d9ebefe9b8   ................
0x000000d9ebefe760:   0000000000000000 000000d9ebefe968   ........h.......
0x000000d9ebefe770:   0000000000000000 0000000000000000   ................
0x000000d9ebefe780:   0000000000000000 0000000000000000   ................
0x000000d9ebefe790:   0000000000000000 0000000000000000   ................

Instructions: (pc=0x00007ffe70543e37)
0x00007ffe70543d37:   01 00 00 00 ff 10 48 8b 4c 24 68 48 31 e1 48 3b
0x00007ffe70543d47:   0d 34 b5 5d 00 75 12 48 89 f0 48 83 c4 70 5b 5d
0x00007ffe70543d57:   5f 5e 41 5c 41 5e 41 5f c3 e8 9b 65 31 00 cc b9
0x00007ffe70543d67:   20 02 00 00 49 03 8e 38 03 00 00 f0 ff 40 08 48
0x00007ffe70543d77:   89 44 24 40 48 8d 54 24 40 e8 4b 09 00 00 48 8b
0x00007ffe70543d87:   5c 24 40 48 85 db 0f 84 13 fe ff ff f0 ff 4b 08
0x00007ffe70543d97:   0f 85 09 fe ff ff 48 8b 03 48 89 d9 ff 50 08 48
0x00007ffe70543da7:   8b 03 48 89 d9 ba 01 00 00 00 ff 10 e9 ee fd ff
0x00007ffe70543db7:   ff cc cc cc cc cc cc cc cc 56 48 83 ec 20 48 89
0x00007ffe70543dc7:   d6 48 83 c1 20 e8 af fc ff ff 48 89 f0 48 83 c4
0x00007ffe70543dd7:   20 5e c3 cc cc cc cc cc cc 56 57 48 83 ec 28 48
0x00007ffe70543de7:   89 d6 48 89 cf e8 1f 00 00 00 48 83 c7 20 48 89
0x00007ffe70543df7:   f9 48 89 f2 48 83 c4 28 5f 5e e9 0a 00 00 00 cc
0x00007ffe70543e07:   cc cc cc cc cc cc cc cc cc 41 56 56 57 55 53 48
0x00007ffe70543e17:   83 ec 40 48 89 d7 48 89 ce 48 8b 05 59 b4 5d 00
0x00007ffe70543e27:   48 31 e0 48 89 44 24 38 48 8b 41 08 48 8b 48 f8
0x00007ffe70543e37:   83 79 28 00 74 3f 48 8b 58 f8 48 85 db 74 1c f0
0x00007ffe70543e47:   ff 4b 08 75 16 48 8b 03 48 89 d9 ff 50 08 48 8b
0x00007ffe70543e57:   03 48 89 d9 ba 01 00 00 00 ff 10 48 8b 0e 48 8b
0x00007ffe70543e67:   46 08 48 83 c0 f8 48 89 46 08 48 39 c8 0f 85 eb
0x00007ffe70543e77:   00 00 00 eb 0c 48 8b 0e 48 39 c8 0f 85 dd 00 00
0x00007ffe70543e87:   00 8b 46 1c 3d 00 08 00 00 bb 00 08 00 00 0f 42
0x00007ffe70543e97:   d8 89 5e 1c 8b 6e 18 c7 44 24 20 01 00 00 00 48
0x00007ffe70543ea7:   8d 4c 24 30 48 89 fa 41 89 e8 41 89 d9 e8 d7 f8
0x00007ffe70543eb7:   15 00 4c 8b 74 24 30 4d 85 f6 74 46 b9 30 00 00
0x00007ffe70543ec7:   00 e8 b3 61 31 00 48 c7 40 08 01 00 00 00 48 8d
0x00007ffe70543ed7:   0d 94 1a 4f 00 48 89 08 48 89 78 10 4c 89 70 18
0x00007ffe70543ee7:   89 68 20 89 58 24 c7 40 28 00 00 00 00 48 89 44
0x00007ffe70543ef7:   24 28 48 8b 56 08 48 3b 56 10 74 2f f0 ff 40 08
0x00007ffe70543f07:   eb 15 48 c7 44 24 28 00 00 00 00 48 8b 56 08 48
0x00007ffe70543f17:   3b 56 10 74 16 31 c0 48 89 02 48 83 46 08 08 48
0x00007ffe70543f27:   8b 74 24 28 48 85 f6 75 19 eb 33 4c 8d 44 24 28


Stack slot to memory mapping:

stack at sp + 0 slots: 0x00000285a0b70db0 is a thread
stack at sp + 1 slots: {method} {0x000002859cf8ff80} 'close' '()V' in 'org/jetbrains/skia/impl/Managed'
stack at sp + 2 slots: 0x00000285a0b70db0 is a thread
stack at sp + 3 slots: 0x00000285a0b70db0 is a thread
stack at sp + 4 slots: 0x000000d9ebefe7a0 is pointing into the stack for thread: 0x00000285a0b70db0
stack at sp + 5 slots: 0x000002859d84485c is pointing into metadata
stack at sp + 6 slots: 0x00000008006c2ee0 is a pointer to class: 
org.jetbrains.skia.DirectContext {0x00000008006c2ee8}
 - instance size:     3
 - klass size:        72
 - access:            public final synchronized 
 - flags:             rewritten has_nonstatic_fields should_verify_class has_localvariable_table has_final_method 
 - state:             fully_initialized
 - name:              'org/jetbrains/skia/DirectContext'
 - super:             'org/jetbrains/skia/impl/RefCnt'
 - sub:               
 - arrays:            null
 - methods:           Array<T>(0x000002859f7c1720)
 - method ordering:   Array<T>(0x000002859c000018)
 - local interfaces:  Array<T>(0x000002859c000058)
 - trans. interfaces: Array<T>(0x000002859cf8fbd0)
 - secondary supers: Array<T>(0x000002859cf8fbd0)
 - hash_slot:         59
 - bitmap:            0x0800000000000000
 - constants:         constant pool [160] {0x000002859f7c1178} for 'org/jetbrains/skia/DirectContext' cache=0x000002859f7c2340
 - class loader data:  loader data: 0x000002859b873820 for instance a 'jdk/internal/loader/ClassLoaders$AppClassLoader'{0x000000068a016600}
 - source file:       'DirectContext.kt'
 - class annotations:       Array<T>(0x000002859f7c2250)
 - inner classes:     Array<T>(0x000002859f7c22e0)
 - nest members:     Array<T>(0x000002859c000028)
 - permitted subclasses:     Array<T>(0x000002859c000028)
 - java mirror:       a 'java/lang/Class'{0x000000068baaf508} = 'org/jetbrains/skia/DirectContext'
 - vtable length      8  (start addr: 0x00000008006c30b0)
 - itable length      5 (start addr: 0x00000008006c30f0)
 - ---- static fields (1 words):
 - public static final 'Companion' 'Lorg/jetbrains/skia/DirectContext$Companion;' @112 
 - ---- non-static fields (3 words):
 - private '_ptr' 'J' @16 
 - private 'cleanable' 'Lorg/jetbrains/skia/impl/Cleanable;' @12 
 - non-static oop maps: 12-12 
stack at sp + 7 slots: 0x0000bd3dd7eb8d01 is an unknown value


Compiled method (n/a) 6524964 5894     n 0       org.jetbrains.skia.impl.Managed::_nInvokeFinalizer (native)
 total in heap  [0x000002858b1ddb10,0x000002858b1ddee8] = 984
 relocation     [0x000002858b1ddc70,0x000002858b1ddca8] = 56
 main code      [0x000002858b1ddcc0,0x000002858b1ddedb] = 539
 stub code      [0x000002858b1ddedb,0x000002858b1ddee0] = 5
 oops           [0x000002858b1ddee0,0x000002858b1ddee8] = 8

[Constant Pool (empty)]

[MachCode]
[Entry Point]
  # {method} {0x000002859cf90100} '_nInvokeFinalizer' '(JJ)V' in 'org/jetbrains/skia/impl/Managed'
  # parm0:    rdx:rdx   = long
  # parm1:    r8:r8     = long
  #           [sp+0x70]  (sp of caller)
  0x000002858b1ddcc0: 448b 5208 | 49bb 0000 | 0000 0800 | 0000 4d03 | d349 3bc2 | 0f84 0600 

  0x000002858b1ddcd8: ;   {runtime_call ic_miss_stub}
  0x000002858b1ddcd8: 0000 e9a1 | 0a5c ff90 
[Verified Entry Point]
  0x000002858b1ddce0: 8984 2400 | 80ff ff55 | 488b ec48 | 83ec 6090 | 4181 7f20 | f900 0000 

  0x000002858b1ddcf8: ;   {runtime_call StubRoutines (final stubs)}
  0x000002858b1ddcf8: 7405 e8e1 | 875a ff4d | 8bc8 4c8b 

  0x000002858b1ddd04: ;   {oop(a 'java/lang/Class'{0x000000068a431e80} = 'org/jetbrains/skia/impl/Managed')}
  0x000002858b1ddd04: c249 be80 | 1e43 8a06 | 0000 004c | 8974 2450 | 4c8d 7424 | 5049 8bd6 

  0x000002858b1ddd1c: ;   {internal_word}
  0x000002858b1ddd1c: c5f8 7749 | ba1c dd1d | 8b85 0200 | 004d 8997 | a803 0000 | 4989 a7a0 

  0x000002858b1ddd34: ;   {external_word}
  0x000002858b1ddd34: 0300 0049 | bad5 db18 | 74fe 7f00 | 0041 803a | 000f 844e | 0000 0052 | 4150 4151 

  0x000002858b1ddd50: ;   {metadata({method} {0x000002859cf90100} '_nInvokeFinalizer' '(JJ)V' in 'org/jetbrains/skia/impl/Managed')}
  0x000002858b1ddd50: 48ba f800 | f99c 8502 | 0000 498b | cf48 83ec | 2040 f6c4 | 0f0f 8419 | 0000 0048 

  0x000002858b1ddd6c: ;   {runtime_call}
  0x000002858b1ddd6c: 83ec 0848 | b830 65c2 | 73fe 7f00 | 00ff d048 | 83c4 08e9 | 0c00 0000 

  0x000002858b1ddd84: ;   {runtime_call}
  0x000002858b1ddd84: 48b8 3065 | c273 fe7f | 0000 ffd0 | 4883 c420 | 4159 4158 | 5a49 8d8f | c003 0000 | 41c7 874c 
  0x000002858b1ddda4: 0400 0004 

  0x000002858b1ddda8: ;   {runtime_call}
  0x000002858b1ddda8: 0000 0048 | b870 18e3 | 6ffe 7f00 | 00ff d0c5 | f877 41c7 | 874c 0400 | 0005 0000 | 00f0 8344 
  0x000002858b1dddc8: 24c0 0049 | 3baf 5004 | 0000 0f87 | 0e00 0000 | 4183 bf48 | 0400 0000 | 0f84 2300 | 0000 c5f8 
  0x000002858b1ddde8: 7749 8bcf | 4c8b e448 | 83ec 2048 

  0x000002858b1dddf4: ;   {runtime_call}
  0x000002858b1dddf4: 83e4 f048 | b8b0 c48d | 73fe 7f00 | 00ff d049 | 8be4 4d33 | e441 c787 | 4c04 0000 | 0800 0000 
  0x000002858b1dde14: 4183 bfc8 | 0400 0002 | 0f84 9400 

  0x000002858b1dde20: ;   {external_word}
  0x000002858b1dde20: 0000 49ba | d5db 1874 | fe7f 0000 | 4180 3a00 | 0f84 4400 

  0x000002858b1dde34: ;   {metadata({method} {0x000002859cf90100} '_nInvokeFinalizer' '(JJ)V' in 'org/jetbrains/skia/impl/Managed')}
  0x000002858b1dde34: 0000 48ba | f800 f99c | 8502 0000 | 498b cf48 | 83ec 2040 | f6c4 0f0f | 8419 0000 | 0048 83ec 
  0x000002858b1dde54: ;   {runtime_call}
  0x000002858b1dde54: 0848 b830 | 65c2 73fe | 7f00 00ff | d048 83c4 | 08e9 0c00 

  0x000002858b1dde68: ;   {runtime_call}
  0x000002858b1dde68: 0000 48b8 | 3065 c273 | fe7f 0000 | ffd0 4883 | c420 49c7 | 87a0 0300 | 0000 0000 | 0049 c787 
  0x000002858b1dde88: a803 0000 | 0000 0000 | c5f8 7749 | 8b8f 3004 | 0000 c781 | 0001 0000 | 0000 0000 | c949 837f 
  0x000002858b1ddea8: 0800 0f85 | 0100 0000 

  0x000002858b1ddeb0: ;   {runtime_call StubRoutines (initial stubs)}
  0x000002858b1ddeb0: c3e9 4a30 | 57ff c5f8 | 774c 8be4 | 4883 ec20 | 4883 e4f0 

  0x000002858b1ddec4: ;   {runtime_call}
  0x000002858b1ddec4: 48b8 609c | c273 fe7f | 0000 ffd0 | 498b e44d | 33e4 e947 | ffff fff4 | f4f4 f4f4 
[/MachCode]


Compiled method (c2) 6524972 12867       4       org.jetbrains.skia.impl.CleanableImpl::clean (21 bytes)
 total in heap  [0x000002858b8ada90,0x000002858b8aee00] = 4976
 relocation     [0x000002858b8adbf0,0x000002858b8adcb8] = 200
 main code      [0x000002858b8adcc0,0x000002858b8ae948] = 3208
 stub code      [0x000002858b8ae948,0x000002858b8ae980] = 56
 oops           [0x000002858b8ae980,0x000002858b8ae9a8] = 40
 metadata       [0x000002858b8ae9a8,0x000002858b8aea18] = 112
 scopes data    [0x000002858b8aea18,0x000002858b8aec28] = 528
 scopes pcs     [0x000002858b8aec28,0x000002858b8aed88] = 352
 dependencies   [0x000002858b8aed88,0x000002858b8aed90] = 8
 handler table  [0x000002858b8aed90,0x000002858b8aedd8] = 72
 nul chk table  [0x000002858b8aedd8,0x000002858b8aee00] = 40

[Constant Pool (empty)]

[MachCode]
[Entry Point]
  # {method} {0x000002859d575998} 'clean' '()V' in 'org/jetbrains/skia/impl/CleanableImpl'
  #           [sp+0x70]  (sp of caller)
  0x000002858b8adcc0: 448b 5208 | 49bb 0000 | 0000 0800 | 0000 4d03 | d349 3bc2 

  0x000002858b8adcd4: ;   {runtime_call ic_miss_stub}
  0x000002858b8adcd4: 0f85 a60a | effe 6690 | 0f1f 4000 
[Verified Entry Point]
  0x000002858b8adce0: 8984 2400 | 80ff ff55 | 4883 ec60 | 4181 7f20 | f900 0000 | 0f85 3d0c | 0000 4889 | 5424 2044 
  0x000002858b8add00: 8b52 2444 | 8954 2438 | 4585 d20f | 84f0 0700 | 004b 8d3c | d448 8d5c | 2450 488b | 07a8 020f 
  0x000002858b8add20: 8523 0000 | 0048 83c8 | 0148 8903 | f048 0fb1 | 1f0f 8437 | 0000 0048 | 2bc4 4825 | 07f0 ffff 
  0x000002858b8add40: 4889 03e9 | 2400 0000 | 4c8b d048 | 33c0 f04d | 0fb1 7a3e | 48c7 0303 | 0000 0074 | 114c 3bf8 
  0x000002858b8add60: 7515 49ff | 8286 0000 | 0048 33c0 | 7509 49ff | 8750 0500 | 0033 c00f | 859b 0700 | 004c 8b54 
  0x000002858b8add80: 2420 458b | 4a20 4d8b | d149 c1e2 | 034c 8b5c | 2420 4d3b | d30f 8481 | 0800 0047 | 8b54 cc08 
  0x000002858b8adda0: 418b 6b1c 

  0x000002858b8adda4: ;   {metadata('org/jetbrains/skia/impl/CleanableImpl')}
  0x000002858b8adda4: 4181 fa28 | bf26 000f | 8595 0700 | 004b 8d1c | cc41 807f | 4000 0f85 | a804 0000 | 896b 1c4c 
  0x000002858b8addc4: 8bd3 4c8b | dd49 c1e3 | 034d 33da | 49c1 eb16 | 4d85 db74 | 1e85 ed74 | 1a49 c1ea | 0948 b900 
  0x000002858b8adde4: 00eb 8e85 | 0200 0049 | 03ca 8039 | 020f 8520 | 0500 004c | 8b54 2420 | 458b 521c 

  0x000002858b8ade00: ; implicit exception: dispatches to 0x000002858b8ae81c
  0x000002858b8ade00: 478b 5cd4 | 084c 8b44 | 2420 418b | 6820 4b8d | 1cd4 488b | f548 c1e6 

  0x000002858b8ade18: ;   {metadata('org/jetbrains/skia/impl/CleanableImpl')}
  0x000002858b8ade18: 0341 81fb | 28bf 2600 | 0f85 a103 | 0000 4180 | 7f40 000f | 8534 0500 | 0089 6b20 | 4c8b d64c 
  0x000002858b8ade38: 8bdb 4d33 | d349 c1ea | 164d 85d2 | 741e 85ed | 741a 49c1 | eb09 48b9 | 0000 eb8e | 8502 0000 
  0x000002858b8ade58: 4903 cb80 | 3902 0f85 | 3805 0000 | 4180 7f40 | 000f 856c | 0400 0041 | 807f 4000 | 0f85 2504 
  0x000002858b8ade78: 0000 4c8b | 5424 2049 | c1ea 034c | 8b5c 2420 | 4589 531c | 4589 5320 | 488d 4424 | 5048 8338 
  0x000002858b8ade98: 000f 8479 | 0000 004c | 8b17 41f6 | c202 0f84 | 6200 0000 | 4983 ba86 | 0000 0000 | 7409 49ff 
  0x000002858b8adeb8: 8a86 0000 | 00eb 4b49 | 8b82 9600 | 0000 490b | 828e 0000 | 0075 0a49 | c742 3e00 | 0000 00eb 
  0x000002858b8aded8: 3d49 83ba | 9e00 0000 | 0074 2248 | 33c0 49c7 | 423e 0000 | 0000 f083 | 0424 0049 | 83ba 9e00 
  0x000002858b8adef8: 0000 0075 | 0df0 4d0f | b17a 3e75 | 0583 c801 | eb0c a800 | eb08 4c8b | 10f0 4c0f | b117 750a 
  0x000002858b8adf18: ;   {no_reloc}
  0x000002858b8adf18: 49ff 8f50 | 0500 0045 | 33d2 0f85 | 4806 0000 | 488b 5424 

  0x000002858b8adf2c: ;   {optimized virtual_call}
  0x000002858b8adf2c: 2066 90e8 

  0x000002858b8adf30: ; ImmutableOopMap {[32]=Oop }
                      ;*invokevirtual clear0 {reexecute=0 rethrow=0 return_oop=0}
                      ; - java.lang.ref.Reference::clear@1
                      ; - org.jetbrains.skia.impl.CleanableImpl::clean@8 (line 82)
  0x000002858b8adf30: 0c9a 60ff 

  0x000002858b8adf34: ;   {other}
  0x000002858b8adf34: 0f1f 8400 | a404 0000 | 4c8b 5424 | 2041 8b6a | 2845 8b54 

  0x000002858b8adf48: ;   {metadata('org/jetbrains/skia/impl/Managed$CleanerThunk')}
  0x000002858b8adf48: ec08 4181 | fa00 bd26 | 000f 853e | 0600 0049 

  0x000002858b8adf58: ;   {oop(a 'kotlin/SynchronizedLazyImpl'{0x000000068a5da1f0})}
  0x000002858b8adf58: 8d3c ec49 | baf0 a15d | 8a06 0000 | 0041 8b6a 

  0x000002858b8adf68: ;   {oop(a 'kotlin/UNINITIALIZED_VALUE'{0x000000068a430730})}
  0x000002858b8adf68: 1081 fde6 | 6048 d174 | 7245 8b5c 

  0x000002858b8adf74: ;   {metadata('org/jetbrains/skiko/DefaultConsoleLogger')}
  0x000002858b8adf74: ec08 4181 | fb08 c42b | 000f 8529 | 0800 004d | 8d14 ec41 | 0fb6 6a0c | 85ed 0f85 | b806 0000 
  0x000002858b8adf94: 448b 470c | 4585 c00f | 84c3 0600 

  0x000002858b8adfa0: ;   {oop(a 'java/lang/Class'{0x000000068a558f68} = 'org/jetbrains/skia/impl/Stats')}
  0x000002858b8adfa0: 0049 ba68 | 8f55 8a06 | 0000 0041 | 0fb6 aa80 | 0000 0085 | ed0f 85c5 | 0600 0048 | 8b57 184c 
  0x000002858b8adfc0: ;   {static_call}
  0x000002858b8adfc0: 8b47 10e8 

  0x000002858b8adfc4: ; ImmutableOopMap {}
                      ;*invokestatic _nInvokeFinalizer {reexecute=0 rethrow=0 return_oop=0}
                      ; - org.jetbrains.skia.impl.Managed$Companion::_nInvokeFinalizer@2
                      ; - org.jetbrains.skia.impl.Managed$CleanerThunk::run@110 (line 34)
                      ; - org.jetbrains.skia.impl.CleanableImpl::clean@15 (line 83)
  0x000002858b8adfc4: 18fd 92ff 

  0x000002858b8adfc8: ;   {other}
  0x000002858b8adfc8: 0f1f 8400 | 3805 0001 | 4883 c460 

  0x000002858b8adfd4: ;   {poll_return}
  0x000002858b8adfd4: 5d49 3ba7 | 5004 0000 | 0f87 3f09 | 0000 c345 | 8b5a 1445 | 85db 0f84 | ac06 0000 | 4f8d 0cdc 
  0x000002858b8adff4: 488d 5c24 | 5049 8b01 | a802 0f85 | 2300 0000 | 4883 c801 | 4889 03f0 | 490f b119 | 0f84 3700 
  0x000002858b8ae014: 0000 482b | c448 2507 | f0ff ff48 | 8903 e924 | 0000 004c | 8bd0 4833 | c0f0 4d0f | b17a 3e48 
  0x000002858b8ae034: c703 0300 | 0000 7411 | 4c3b f875 | 1549 ff82 | 8600 0000 | 4833 c075 | 0949 ff87 | 5005 0000 
  0x000002858b8ae054: 33c0 0f85 | 5806 0000 

  0x000002858b8ae05c: ;   {oop(a 'kotlin/SynchronizedLazyImpl'{0x000000068a5da1f0})}
  0x000002858b8ae05c: 49ba f0a1 | 5d8a 0600 | 0000 458b 

  0x000002858b8ae068: ;   {oop(a 'kotlin/UNINITIALIZED_VALUE'{0x000000068a430730})}
  0x000002858b8ae068: 4210 4181 | f8e6 6048 | d10f 8573 | 0300 0041 | 8b6a 0c85 | ed0f 840c | 0700 004c | 894c 2428 
  0x000002858b8ae088: 4889 7c24 | 2049 8d14 | ec48 b8ff | ffff ffff 

  0x000002858b8ae098: ;   {virtual_call}
  0x000002858b8ae098: ffff ffe8 

  0x000002858b8ae09c: ; ImmutableOopMap {[32]=Oop [40]=Oop }
                      ;*invokeinterface invoke {reexecute=0 rethrow=0 return_oop=1}
                      ; - kotlin.SynchronizedLazyImpl::getValue@51 (line 86)
                      ; - org.jetbrains.skiko.Logger::getLoggerImpl@5 (line 116)
                      ; - org.jetbrains.skia.impl.Managed$CleanerThunk::run@7 (line 149)
                      ; - org.jetbrains.skia.impl.CleanableImpl::clean@15 (line 83)
  0x000002858b8ae09c: e00c effe 

  0x000002858b8ae0a0: ;   {other}
  0x000002858b8ae0a0: 0f1f 8400 | 1006 0002 | 488b d841 | 807f 4000 | 0f85 b803 | 0000 4c8b | db49 c1eb 

  0x000002858b8ae0bc: ;   {oop(a 'kotlin/SynchronizedLazyImpl'{0x000000068a5da1f0})}
  0x000002858b8ae0bc: 0349 baf0 | a15d 8a06 | 0000 0045 | 895a 104c | 8bdb 4d33 | da49 c1eb | 164d 85db | 7420 4885 
  0x000002858b8ae0dc: db74 1b49 | c1ea 0949 | b800 00eb | 8e85 0200 | 004d 03c2 | 4180 3802 | 0f85 b503 | 0000 f083 
  0x000002858b8ae0fc: 4424 c000 | 4180 7f40 | 000f 8522 

  0x000002858b8ae108: ;   {oop(a 'kotlin/SynchronizedLazyImpl'{0x000000068a5da1f0})}
  0x000002858b8ae108: 0300 0049 | baf0 a15d | 8a06 0000 | 0045 8962 | 0c48 8b7c | 2420 4c8b | 4c24 2848 | 8d44 2450 
  0x000002858b8ae128: 4883 3800 | 0f84 7900 | 0000 4d8b | 1141 f6c2 | 020f 8462 | 0000 0049 | 83ba 8600 | 0000 0074 
  0x000002858b8ae148: 0949 ff8a | 8600 0000 | eb4b 498b | 8296 0000 | 0049 0b82 | 8e00 0000 | 750a 49c7 | 423e 0000 
  0x000002858b8ae168: 0000 eb3d | 4983 ba9e | 0000 0000 | 7422 4833 | c049 c742 | 3e00 0000 | 00f0 8304 | 2400 4983 
  0x000002858b8ae188: ba9e 0000 | 0000 750d | f04d 0fb1 | 7a3e 7505 | 83c8 01eb | 0ca8 00eb | 084c 8b10 | f04d 0fb1 
  0x000002858b8ae1a8: 1175 0a49 | ff8f 5005 | 0000 4533 | d20f 852f | 0500 0048 | 8beb 48c1 | ed03 e9aa 

  0x000002858b8ae1c4: ;   {metadata('org/jetbrains/skia/impl/Cleaner$list$1')}
  0x000002858b8ae1c4: fdff ff41 | 81fb 183f | 1d00 0f85 | 3b05 0000 | 4180 7f40 | 000f 8517 | 0200 0089 | 6b10 4c8b 
  0x000002858b8ae1e4: d64c 8bdb | 4d33 d349 | c1ea 164d | 85d2 0f84 | 6cfc ffff | 85ed 0f84 | 64fc ffff | 49c1 eb09 
  0x000002858b8ae204: 48b9 0000 | eb8e 8502 | 0000 4903 | cb80 3902 | 0f84 4afc | ffff 4d8b | 5748 4d8b | 5f58 f083 
  0x000002858b8ae224: 4424 c000 | 8039 000f | 8433 fcff | ff44 8821 | 4d85 d275 | 1d49 8bd7 | 49ba 6005 | 8173 fe7f 
  0x000002858b8ae244: 0000 41ff 

  0x000002858b8ae248: ;   {other}
  0x000002858b8ae248: d20f 1f84 | 0000 0000 | 00e9 0efc | ffff 4b89 | 4c13 f849 | 83c2 f84d | 8957 48e9 | fcfb ffff 
  0x000002858b8ae268: 448b 531c | 4585 d20f | 844b fbff | ff4d 8b5f | 2849 8bca | 48c1 e103 | 4d85 db0f | 841f 0300 
  0x000002858b8ae288: 004d 8b57 | 384b 894c | 1af8 4983 | c3f8 4d89 | 5f28 e921 | fbff ff4c | 8b54 2420 | 458b 5a20 
  0x000002858b8ae2a8: 4585 db0f | 84c9 fbff | ff4d 8b57 | 2849 8bcb | 48c1 e103 | 4d85 d20f | 8400 0300 | 004d 8b5f 
  0x000002858b8ae2c8: 384b 894c | 13f8 4983 | c2f8 4d89 | 5728 e99f | fbff ff4c | 8b54 2420 | 458b 5a1c | 4585 db0f 
  0x000002858b8ae2e8: 8482 fbff | ff4d 8b57 | 2849 8bcb | 48c1 e103 | 4d85 d20f | 84e1 0200 | 004d 8b5f | 384b 894c 
  0x000002858b8ae308: 13f8 4983 | c2f8 4d89 | 5728 e958 | fbff ff4d | 8b57 484d | 8b5f 58f0 | 8344 24c0 | 0080 3900 
  0x000002858b8ae328: 0f84 c9fa | ffff 4488 | 214d 85d2 | 751d 498b | d749 ba60 | 0581 73fe | 7f00 0041 

  0x000002858b8ae344: ;   {other}
  0x000002858b8ae344: ffd2 0f1f | 8400 0000 | 0000 e9a4 | faff ff4b | 894c 13f8 | 4983 c2f8 | 4d89 5748 | e992 faff 
  0x000002858b8ae364: ff44 8b53 | 2045 85d2 | 0f84 bffa | ffff 4d8b | 5f28 498b | ca48 c1e1 | 034d 85db | 0f84 7902 
  0x000002858b8ae384: 0000 4d8b | 5738 4b89 | 4c1a f849 | 83c3 f84d | 895f 28e9 | 95fa ffff | 4d8b 5748 | 4d8b 5f58 
  0x000002858b8ae3a4: f083 4424 | c000 8039 | 000f 84b1 | faff ff44 | 8821 4d85 | d275 1d49 | 8bd7 49ba | 6005 8173 
  0x000002858b8ae3c4: fe7f 0000 

  0x000002858b8ae3c8: ;   {other}
  0x000002858b8ae3c8: 41ff d20f | 1f84 0000 | 0000 00e9 | 8cfa ffff | 4b89 4c13 | f849 83c2 | f84d 8957 | 48e9 7afa 
  0x000002858b8ae3e8: ffff 498b | d848 c1e3 | 03e9 2dfd | ffff 448b | 5310 4585 | d20f 84dc | fdff ff4d | 8b5f 2849 
  0x000002858b8ae408: 8bca 48c1 | e103 4d85 | db0f 8421 | 0300 004d | 8b57 384b | 894c 1af8 | 4983 c3f8 | 4d89 5f28 
  0x000002858b8ae428: e9b2 fdff 

  0x000002858b8ae42c: ;   {oop(a 'kotlin/SynchronizedLazyImpl'{0x000000068a5da1f0})}
  0x000002858b8ae42c: ff49 baf0 | a15d 8a06 | 0000 0045 | 8b52 0c45 | 85d2 0f84 | c7fc ffff | 4d8b 5f28 | 498b ca48 
  0x000002858b8ae44c: c1e1 034d | 85db 0f84 | fd02 0000 | 4d8b 5738 | 4b89 4c1a | f849 83c3 | f84d 895f | 28e9 9dfc 
  0x000002858b8ae46c: ;   {oop(a 'kotlin/SynchronizedLazyImpl'{0x000000068a5da1f0})}
  0x000002858b8ae46c: ffff 49ba | f0a1 5d8a | 0600 0000 | 458b 5210 | 4585 d20f | 8431 fcff | ff4d 8b5f | 2849 8bca 
  0x000002858b8ae48c: 48c1 e103 | 4d85 db0f | 84d9 0200 | 004d 8b57 | 384b 894c | 1af8 4983 | c3f8 4d89 | 5f28 e907 
  0x000002858b8ae4ac: fcff ff4d | 8b57 584d | 8b5f 48f0 | 8344 24c0 | 0041 8038 | 000f 8433 | fcff ff45 | 8820 4d85 
  0x000002858b8ae4cc: db75 2049 | 8bc8 498b | d749 ba60 | 0581 73fe | 7f00 0041 

  0x000002858b8ae4e0: ;   {other}
  0x000002858b8ae4e0: ffd2 0f1f | 8400 0000 | 0000 e90b | fcff ff4f | 8944 1af8 | 4983 c3f8 | 4d89 5f48 | e9f9 fbff 
  0x000002858b8ae500: ffba f6ff | ffff 488b 

  0x000002858b8ae508: ;   {runtime_call UncommonTrapBlob}
  0x000002858b8ae508: 6c24 20e8 

  0x000002858b8ae50c: ; ImmutableOopMap {rbp=Oop }
                      ;*monitorenter {reexecute=0 rethrow=0 return_oop=0}
                      ; - org.jetbrains.skia.impl.CleanableImpl::remove@6 (line 101)
                      ; - org.jetbrains.skia.impl.CleanableImpl::clean@1 (line 81)
  0x000002858b8ae50c: 705e effe 

  0x000002858b8ae510: ;   {other}
  0x000002858b8ae510: 0f1f 8400 | 800a 0003 | 488b d74c | 8d44 2450 | 488b 6c24 | 2048 897c | 2430 4889 

  0x000002858b8ae52c: ;   {runtime_call _complete_monitor_locking_Java}
  0x000002858b8ae52c: 7c24 40e8 

  0x000002858b8ae530: ; ImmutableOopMap {rbp=Oop [32]=Oop [48]=Oop [56]=NarrowOop [64]=Oop }
                      ;*monitorenter {reexecute=0 rethrow=0 return_oop=0}
                      ; - org.jetbrains.skia.impl.CleanableImpl::remove@6 (line 101)
                      ; - org.jetbrains.skia.impl.CleanableImpl::clean@1 (line 81)
  0x000002858b8ae530: cc7f fbfe 

  0x000002858b8ae534: ;   {other}
  0x000002858b8ae534: 0f1f 8400 | a40a 0004 | 488b 7c24 | 30e9 37f8 | ffff bade | ffff ff48 | 8944 24f8 | 8b44 2438 
  0x000002858b8ae554: 8944 2430 | 488b 4424 | f844 894c 

  0x000002858b8ae560: ;   {runtime_call UncommonTrapBlob}
  0x000002858b8ae560: 2438 90e8 

  0x000002858b8ae564: ; ImmutableOopMap {rbp=NarrowOop [32]=Oop [48]=NarrowOop [56]=NarrowOop }
                      ;*invokeinterface setPrev {reexecute=0 rethrow=0 return_oop=0}
                      ; - org.jetbrains.skia.impl.CleanableImpl::remove@30 (line 103)
                      ; - org.jetbrains.skia.impl.CleanableImpl::clean@1 (line 81)
  0x000002858b8ae564: 185e effe 

  0x000002858b8ae568: ;   {other}
  0x000002858b8ae568: 0f1f 8400 | d80a 0005 | 488b cf48 | 8d54 2450 | 4d8b c749 | baa0 53c2 | 73fe 7f00 | 0041 ffd2 
  0x000002858b8ae588: ;   {other}
  0x000002858b8ae588: 0f1f 8400 | 0000 0000 | e993 f9ff | ffba deff 

  0x000002858b8ae598: ;   {runtime_call UncommonTrapBlob}
  0x000002858b8ae598: ffff 90e8 

  0x000002858b8ae59c: ; ImmutableOopMap {rbp=NarrowOop }
                      ;*invokeinterface run {reexecute=0 rethrow=0 return_oop=0}
                      ; - org.jetbrains.skia.impl.CleanableImpl::clean@15 (line 83)
  0x000002858b8ae59c: e05d effe 

  0x000002858b8ae5a0: ;   {other}
  0x000002858b8ae5a0: 0f1f 8400 | 100b 0006 | 498b d749 | ba80 0581 | 73fe 7f00 | 0041 ffd2 

  0x000002858b8ae5b8: ;   {other}
  0x000002858b8ae5b8: 0f1f 8400 | 0000 0000 | e9fb f7ff | ff49 8bd7 | 49ba 8005 | 8173 fe7f | 0000 41ff 

  0x000002858b8ae5d4: ;   {other}
  0x000002858b8ae5d4: d20f 1f84 | 0000 0000 | 00e9 98f8 | ffff 498b | d749 ba80 | 0581 73fe | 7f00 0041 

  0x000002858b8ae5f0: ;   {other}
  0x000002858b8ae5f0: ffd2 0f1f | 8400 0000 | 0000 e970 | f8ff ff49 | 8bd7 49ba | 8005 8173 | fe7f 0000 

  0x000002858b8ae60c: ;   {other}
  0x000002858b8ae60c: 41ff d20f | 1f84 0000 | 0000 00e9 | 15f8 ffff | ba45 ffff | ff48 8944 | 24f8 8b44 | 2438 8944 
  0x000002858b8ae62c: 2428 488b | 4424 f84c | 895c 2430 | 4489 4c24 

  0x000002858b8ae63c: ;   {runtime_call UncommonTrapBlob}
  0x000002858b8ae63c: 3866 90e8 

  0x000002858b8ae640: ; ImmutableOopMap {[32]=Oop [40]=NarrowOop [48]=Oop [56]=NarrowOop }
                      ;*if_acmpeq {reexecute=1 rethrow=0 return_oop=0}
                      ; - (reexecute) org.jetbrains.skia.impl.CleanableImpl::remove@15 (line 102)
                      ; - org.jetbrains.skia.impl.CleanableImpl::clean@1 (line 81)
  0x000002858b8ae640: 3c5d effe 

  0x000002858b8ae644: ;   {other}
  0x000002858b8ae644: 0f1f 8400 | b40b 0007 | ba45 ffff | ff48 897c 

  0x000002858b8ae654: ;   {runtime_call UncommonTrapBlob}
  0x000002858b8ae654: 2420 90e8 

  0x000002858b8ae658: ; ImmutableOopMap {[32]=Oop }
                      ;*ifeq {reexecute=1 rethrow=0 return_oop=0}
                      ; - (reexecute) org.jetbrains.skia.impl.Managed$CleanerThunk::run@15 (line 149)
                      ; - org.jetbrains.skia.impl.CleanableImpl::clean@15 (line 83)
  0x000002858b8ae658: 245d effe 

  0x000002858b8ae65c: ;   {other}
  0x000002858b8ae65c: 0f1f 8400 | cc0b 0008 | ba45 ffff | ff48 8bef | 4489 4424 

  0x000002858b8ae670: ;   {runtime_call UncommonTrapBlob}
  0x000002858b8ae670: 2466 90e8 

  0x000002858b8ae674: ; ImmutableOopMap {rbp=Oop [36]=NarrowOop }
                      ;*ifnonnull {reexecute=1 rethrow=0 return_oop=0}
                      ; - (reexecute) kotlin.jvm.internal.Intrinsics::checkNotNullParameter@1 (line 130)
                      ; - org.jetbrains.skia.impl.Stats::onDeallocated@3
                      ; - org.jetbrains.skia.impl.Managed$CleanerThunk::run@90 (line 32)
                      ; - org.jetbrains.skia.impl.CleanableImpl::clean@15 (line 83)
  0x000002858b8ae674: 085d effe 

  0x000002858b8ae678: ;   {other}
  0x000002858b8ae678: 0f1f 8400 | e80b 0009 | ba45 ffff | ff48 897c | 2420 4489 

  0x000002858b8ae68c: ;   {runtime_call UncommonTrapBlob}
  0x000002858b8ae68c: 4424 28e8 

  0x000002858b8ae690: ; ImmutableOopMap {[32]=Oop [40]=NarrowOop }
                      ;*ifeq {reexecute=1 rethrow=0 return_oop=0}
                      ; - (reexecute) org.jetbrains.skia.impl.Stats::onDeallocated@9 (line 20)
                      ; - org.jetbrains.skia.impl.Managed$CleanerThunk::run@90 (line 32)
                      ; - org.jetbrains.skia.impl.CleanableImpl::clean@15 (line 83)
  0x000002858b8ae690: ec5c effe 

  0x000002858b8ae694: ;   {other}
  0x000002858b8ae694: 0f1f 8400 | 040c 000a | baf6 ffff | ff48 8bef 

  0x000002858b8ae6a4: ;   {runtime_call UncommonTrapBlob}
  0x000002858b8ae6a4: 6666 90e8 

  0x000002858b8ae6a8: ; ImmutableOopMap {rbp=Oop }
                      ;*monitorenter {reexecute=0 rethrow=0 return_oop=0}
                      ; - kotlin.SynchronizedLazyImpl::getValue@20 (line 81)
                      ; - org.jetbrains.skiko.Logger::getLoggerImpl@5 (line 116)
                      ; - org.jetbrains.skia.impl.Managed$CleanerThunk::run@7 (line 149)
                      ; - org.jetbrains.skia.impl.CleanableImpl::clean@15 (line 83)
  0x000002858b8ae6a8: d45c effe 

  0x000002858b8ae6ac: ;   {other}
  0x000002858b8ae6ac: 0f1f 8400 | 1c0c 000b | 4c89 4c24 | 2844 895c | 2420 488b | ef49 8bd1 | 4c8d 4424 

  0x000002858b8ae6c8: ;   {runtime_call _complete_monitor_locking_Java}
  0x000002858b8ae6c8: 5066 90e8 

  0x000002858b8ae6cc: ; ImmutableOopMap {rbp=Oop [32]=NarrowOop [40]=Oop }
                      ;*monitorenter {reexecute=0 rethrow=0 return_oop=0}
                      ; - kotlin.SynchronizedLazyImpl::getValue@20 (line 81)
                      ; - org.jetbrains.skiko.Logger::getLoggerImpl@5 (line 116)
                      ; - org.jetbrains.skia.impl.Managed$CleanerThunk::run@7 (line 149)
                      ; - org.jetbrains.skia.impl.CleanableImpl::clean@15 (line 83)
  0x000002858b8ae6cc: 307e fbfe 

  0x000002858b8ae6d0: ;   {other}
  0x000002858b8ae6d0: 0f1f 8400 | 400c 000c | 488b fd44 | 8b5c 2420 | 4c8b 4c24 | 28e9 72f9 | ffff 498b | c948 8d54 
  0x000002858b8ae6f0: 2450 4d8b | c749 baa0 | 53c2 73fe | 7f00 0041 

  0x000002858b8ae700: ;   {other}
  0x000002858b8ae700: ffd2 0f1f | 8400 0000 | 0000 e9ac | faff ffba | c6ff ffff | 4889 4424 | f88b 4424 | 3889 4424 
  0x000002858b8ae720: 3048 8b44 | 24f8 4489 

  0x000002858b8ae728: ;   {runtime_call UncommonTrapBlob}
  0x000002858b8ae728: 5424 38e8 

  0x000002858b8ae72c: ; ImmutableOopMap {rbp=NarrowOop [32]=Oop [48]=NarrowOop [56]=NarrowOop }
                      ;*invokeinterface setNext {reexecute=0 rethrow=0 return_oop=0}
                      ; - org.jetbrains.skia.impl.CleanableImpl::remove@51 (line 104)
                      ; - org.jetbrains.skia.impl.CleanableImpl::clean@1 (line 81)
  0x000002858b8ae72c: 505c effe 

  0x000002858b8ae730: ;   {other}
  0x000002858b8ae730: 0f1f 8400 | a00c 000d | 498b d749 | ba80 0581 | 73fe 7f00 | 0041 ffd2 

  0x000002858b8ae748: ;   {other}
  0x000002858b8ae748: 0f1f 8400 | 0000 0000 | e98a faff | ff49 8bd7 | 49ba 8005 | 8173 fe7f | 0000 41ff 

  0x000002858b8ae764: ;   {other}
  0x000002858b8ae764: d20f 1f84 | 0000 0000 | 00e9 99f9 | ffff 498b | d749 ba80 | 0581 73fe | 7f00 0041 

  0x000002858b8ae780: ;   {other}
  0x000002858b8ae780: ffd2 0f1f | 8400 0000 | 0000 e927 | f9ff ffba | 45ff ffff | 4889 7c24 | 2044 895c 

  0x000002858b8ae79c: ;   {runtime_call UncommonTrapBlob}
  0x000002858b8ae79c: 242c 90e8 

  0x000002858b8ae7a0: ; ImmutableOopMap {rbp=NarrowOop [32]=Oop [44]=NarrowOop }
                      ;*ifnonnull {reexecute=1 rethrow=0 return_oop=0}
                      ; - (reexecute) kotlin.jvm.internal.Intrinsics::checkNotNull@1 (line 24)
                      ; - kotlin.SynchronizedLazyImpl::getValue@48 (line 86)
                      ; - org.jetbrains.skiko.Logger::getLoggerImpl@5 (line 116)
                      ; - org.jetbrains.skia.impl.Managed$CleanerThunk::run@7 (line 149)
                      ; - org.jetbrains.skia.impl.CleanableImpl::clean@15 (line 83)
  0x000002858b8ae7a0: dc5b effe 

  0x000002858b8ae7a4: ;   {other}
  0x000002858b8ae7a4: 0f1f 8400 | 140d 000e | bade ffff | ff48 897c 

  0x000002858b8ae7b4: ;   {runtime_call UncommonTrapBlob}
  0x000002858b8ae7b4: 2420 90e8 

  0x000002858b8ae7b8: ; ImmutableOopMap {rbp=NarrowOop [32]=Oop }
                      ;*checkcast {reexecute=0 rethrow=0 return_oop=0}
                      ; - org.jetbrains.skiko.Logger::getLoggerImpl@10 (line 116)
                      ; - org.jetbrains.skia.impl.Managed$CleanerThunk::run@7 (line 149)
                      ; - org.jetbrains.skia.impl.CleanableImpl::clean@15 (line 83)
  0x000002858b8ae7b8: c45b effe 

  0x000002858b8ae7bc: ;   {other}
  0x000002858b8ae7bc: 0f1f 8400 | 2c0d 000f | baf6 ffff 

  0x000002858b8ae7c8: ;   {runtime_call UncommonTrapBlob}
  0x000002858b8ae7c8: ff66 90e8 

  0x000002858b8ae7cc: ; ImmutableOopMap {}
                      ;*invokeinterface run {reexecute=0 rethrow=0 return_oop=0}
                      ; - org.jetbrains.skia.impl.CleanableImpl::clean@15 (line 83)
  0x000002858b8ae7cc: b05b effe 

  0x000002858b8ae7d0: ;   {other}
  0x000002858b8ae7d0: 0f1f 8400 | 400d 0010 | baf4 ffff | ff48 8bef 

  0x000002858b8ae7e0: ;   {runtime_call UncommonTrapBlob}
  0x000002858b8ae7e0: 6666 90e8 

  0x000002858b8ae7e4: ; ImmutableOopMap {rbp=Oop }
                      ;*checkcast {reexecute=0 rethrow=0 return_oop=0}
                      ; - org.jetbrains.skiko.Logger::getLoggerImpl@10 (line 116)
                      ; - org.jetbrains.skia.impl.Managed$CleanerThunk::run@7 (line 149)
                      ; - org.jetbrains.skia.impl.CleanableImpl::clean@15 (line 83)
  0x000002858b8ae7e4: 985b effe 

  0x000002858b8ae7e8: ;   {other}
  0x000002858b8ae7e8: 0f1f 8400 | 580d 0011 | ba45 ffff | ff49 8beb | 4889 4424 | f88b 4424 | 3889 4424 | 2848 8b44 
  0x000002858b8ae808: 24f8 4489 

  0x000002858b8ae80c: ;   {runtime_call UncommonTrapBlob}
  0x000002858b8ae80c: 4c24 34e8 

  0x000002858b8ae810: ; ImmutableOopMap {rbp=Oop [40]=NarrowOop [52]=NarrowOop }
                      ;*ifnull {reexecute=1 rethrow=0 return_oop=0}
                      ; - (reexecute) org.jetbrains.skia.impl.CleanableImpl::remove@23 (line 103)
                      ; - org.jetbrains.skia.impl.CleanableImpl::clean@1 (line 81)
  0x000002858b8ae810: 6c5b effe 

  0x000002858b8ae814: ;   {other}
  0x000002858b8ae814: 0f1f 8400 | 840d 0012 | ba45 ffff | ff48 8b6c | 2420 4889 | 4424 f88b | 4424 3889 | 4424 2848 
  0x000002858b8ae834: 8b44 24f8 | 4489 5424 

  0x000002858b8ae83c: ;   {runtime_call UncommonTrapBlob}
  0x000002858b8ae83c: 3466 90e8 

  0x000002858b8ae840: ; ImmutableOopMap {rbp=Oop [40]=NarrowOop [52]=NarrowOop }
                      ;*ifnull {reexecute=1 rethrow=0 return_oop=0}
                      ; - (reexecute) org.jetbrains.skia.impl.CleanableImpl::remove@44 (line 104)
                      ; - org.jetbrains.skia.impl.CleanableImpl::clean@1 (line 81)
  0x000002858b8ae840: 3c5b effe 

  0x000002858b8ae844: ;   {other}
  0x000002858b8ae844: 0f1f 8400 | b40d 0013 | 488b d84c | 8b5c 2428 | 488d 4424 | 5048 8338 | 000f 8479 | 0000 004d 
  0x000002858b8ae864: 8b13 41f6 | c202 0f84 | 6200 0000 | 4983 ba86 | 0000 0000 | 7409 49ff | 8a86 0000 | 00eb 4b49 
  0x000002858b8ae884: 8b82 9600 | 0000 490b | 828e 0000 | 0075 0a49 | c742 3e00 | 0000 00eb | 3d49 83ba | 9e00 0000 
  0x000002858b8ae8a4: 0074 2248 | 33c0 49c7 | 423e 0000 | 0000 f083 | 0424 0049 | 83ba 9e00 | 0000 0075 | 0df0 4d0f 
  0x000002858b8ae8c4: b17a 3e75 | 0583 c801 | eb0c a800 | eb08 4c8b | 10f0 4d0f | b113 750a | 49ff 8f50 | 0500 0045 
  0x000002858b8ae8e4: 33d2 7517 | 488b d3eb | 0848 8bd0 | eb03 488b | d048 83c4 

  0x000002858b8ae8f8: ;   {runtime_call _rethrow_Java}
  0x000002858b8ae8f8: 605d e901 | 85fb fe49 | 8bcb 488d | 5424 504d | 8bc7 49ba | a053 c273 | fe7f 0000 

  0x000002858b8ae914: ;   {other}
  0x000002858b8ae914: 41ff d20f | 1f84 0000 | 0000 00eb 

  0x000002858b8ae920: ;   {internal_word}
  0x000002858b8ae920: c749 bad5 | df8a 8b85 | 0200 004d | 8997 6804 

  0x000002858b8ae930: ;   {runtime_call SafepointBlob}
  0x000002858b8ae930: 0000 e949 

  0x000002858b8ae934: ;   {runtime_call StubRoutines (final stubs)}
  0x000002858b8ae934: 6bef fee8 | a47b edfe | e9b9 f3ff | fff4 f4f4 | f4f4 f4f4 
[Stub Code]
  0x000002858b8ae948: ;   {no_reloc}
  0x000002858b8ae948: 48bb 0000 | 0000 0000 

  0x000002858b8ae950: ;   {runtime_call nmethod}
  0x000002858b8ae950: 0000 e9fb 

  0x000002858b8ae954: ;   {static_stub}
  0x000002858b8ae954: ffff ff48 | bb00 0000 | 0000 0000 

  0x000002858b8ae960: ;   {runtime_call nmethod}
  0x000002858b8ae960: 00e9 fbff 

  0x000002858b8ae964: ;   {runtime_call ExceptionBlob}
  0x000002858b8ae964: ffff e915 | 12fb fee8 | 0000 0000 | 4883 2c24 

  0x000002858b8ae974: ;   {runtime_call DeoptimizationBlob}
  0x000002858b8ae974: 05e9 a65d | effe f4f4 | f4f4 f4f4 
[/MachCode]


Compiled method (c2) 6524993 16644   !   4       org.jetbrains.skiko.redrawer.Direct3DRedrawer::draw (664 bytes)
 total in heap  [0x000002858b0c0b90,0x000002858b0c7af0] = 28512
 relocation     [0x000002858b0c0cf0,0x000002858b0c1150] = 1120
 constants      [0x000002858b0c1160,0x000002858b0c1180] = 32
 main code      [0x000002858b0c1180,0x000002858b0c48a0] = 14112
 stub code      [0x000002858b0c48a0,0x000002858b0c49a8] = 264
 oops           [0x000002858b0c49a8,0x000002858b0c4a38] = 144
 metadata       [0x000002858b0c4a38,0x000002858b0c4e60] = 1064
 scopes data    [0x000002858b0c4e60,0x000002858b0c6d48] = 7912
 scopes pcs     [0x000002858b0c6d48,0x000002858b0c7578] = 2096
 dependencies   [0x000002858b0c7578,0x000002858b0c7600] = 136
 handler table  [0x000002858b0c7600,0x000002858b0c79f0] = 1008
 nul chk table  [0x000002858b0c79f0,0x000002858b0c7af0] = 256


[Constant Pool]
             Address          hex4                    hex8      
  0x000002858b0c1160:   0x3f800000      0xf4f4f4f43f800000      
  0x000002858b0c1164:   0xf4f4f4f4                              
  0x000002858b0c1168:   0xf4f4f4f4      0xf4f4f4f4f4f4f4f4      
  0x000002858b0c116c:   0xf4f4f4f4                              
  0x000002858b0c1170:   0xf4f4f4f4      0xf4f4f4f4f4f4f4f4      
  0x000002858b0c1174:   0xf4f4f4f4                              
  0x000002858b0c1178:   0xf4f4f4f4      0xf4f4f4f4f4f4f4f4      
  0x000002858b0c117c:   0xf4f4f4f4                              

[MachCode]
[Entry Point]
  # {method} {0x000002859d8399a0} 'draw' '(Lkotlin/coroutines/Continuation;)Ljava/lang/Object;' in 'org/jetbrains/skiko/redrawer/Direct3DRedrawer'
  # this:     rdx:rdx   = 'org/jetbrains/skiko/redrawer/Direct3DRedrawer'
  # parm0:    r8:r8     = 'kotlin/coroutines/Continuation'
  #           [sp+0xc0]  (sp of caller)
  0x000002858b0c1180: ;   {no_reloc}
  0x000002858b0c1180: 448b 5208 | 49bb 0000 | 0000 0800 | 0000 4d03 | d349 3bc2 

  0x000002858b0c1194: ;   {runtime_call ic_miss_stub}
  0x000002858b0c1194: 0f85 e6d5 | 6dff 6690 | 0f1f 4000 
[Verified Entry Point]
  0x000002858b0c11a0: 8984 2400 | 80ff ff55 | 4881 ecb0 | 0000 0090 | 4181 7f20 | f900 0000 | 0f85 d836 | 0000 4c8b 
  0x000002858b0c11c0: d245 8b48 | 084c 8bda | 48c1 ea03 | 4d8b 9788 | 0300 0049 

  0x000002858b0c11d4: ;   {metadata('org/jetbrains/skiko/redrawer/Direct3DRedrawer$draw$1')}
  0x000002858b0c11d4: 8b2a 4181 | f948 446d | 000f 8568 | 0100 0049 | 8bf0 448b | 4e2c 458b | c141 81e0 | 0000 0080 
  0x000002858b0c11f4: 4585 c00f | 84cb 2300 | 0041 81c1 | 0000 0080 | 4489 4e2c | 448b 5640 | 4585 c90f | 84f9 0000 
  0x000002858b0c1214: 0041 83f9 | 010f 8508 | 2300 0044 | 8b5e 1c44 | 8b4e 3c45 | 85c9 7411 | 438b 4ccc 

  0x000002858b0c1230: ;   {metadata('org/jetbrains/skiko/LayerDrawScope')}
  0x000002858b0c1230: 0881 f908 | 3f25 000f | 850f 2300 | 0044 8b4e | 3845 85c9 | 7411 438b 

  0x000002858b0c1248: ;   {metadata('org/jetbrains/skiko/LayerDrawScope')}
  0x000002858b0c1248: 4ccc 0881 | f908 3f25 | 000f 8519 | 2300 0044 | 8b4e 3447 | 8b44 cc08 

  0x000002858b0c1260: ;   {metadata('androidx/compose/ui/scene/skia/WindowSkiaLayerComponent$hierarchyRoot$1')}
  0x000002858b0c1260: 4181 f800 | 1525 000f | 852f 2f00 | 0044 8b46 | 304b 8d0c | cc47 8b4c 

  0x000002858b0c1278: ;   {metadata('org/jetbrains/skiko/redrawer/Direct3DRedrawer')}
  0x000002858b0c1278: c408 4181 | f928 e62b | 000f 8539 | 2f00 004f | 8d0c c445 | 85d2 743f | 478b 44d4 

  0x000002858b0c1294: ;   {metadata('kotlin/Result$Failure')}
  0x000002858b0c1294: 0841 81f8 | 10cc 1c00 | 7531 4f8d | 04d4 418b | 500c 418b | 5cd4 0849 | ba00 0000 | 0008 0000 
  0x000002858b0c12b4: 004c 03d3 | 4d8b 5258 

  0x000002858b0c12bc: ;   {metadata('java/util/concurrent/CancellationException')}
  0x000002858b0c12bc: 49b8 90d8 | 1800 0800 | 0000 4d3b | d00f 85e9 | 1100 0045 | 85db 0f85 | 1023 0000 | 458b 5120 
  0x000002858b0c12dc: ; implicit exception: dispatches to 0x000002858b0c42c8
  0x000002858b0c12dc: 478b 44d4 

  0x000002858b0c12e0: ;   {metadata('org/jetbrains/skiko/SkiaLayerAnalytics$DeviceAnalytics$Companion$Empty$1')}
  0x000002858b0c12e0: 0841 81f8 | 68b4 2b00 | 0f85 a622 

  0x000002858b0c12ec: ;   {oop(a 'kotlin/Unit'{0x000000068a401cd8})}
  0x000002858b0c12ec: 0000 48b8 | d81c 408a | 0600 0000 | 4881 c4b0 | 0000 005d 

  0x000002858b0c1300: ;   {poll_return}
  0x000002858b0c1300: 493b a750 | 0400 000f | 8773 3500 | 00c3 4585 | d20f 846f | 0100 0047 | 8b4c d408 

  0x000002858b0c131c: ;   {metadata('kotlin/Result$Failure')}
  0x000002858b0c131c: 4181 f910 | cc1c 000f | 855d 0100 | 0049 c1e2 | 0345 8b52 | 0c45 85d2 | 0f84 7222 | 0000 4b8d 
  0x000002858b0c133c: 14d4 4881 | c4b0 0000 

  0x000002858b0c1344: ;   {runtime_call _rethrow_Java}
  0x000002858b0c1344: 005d e9b5 | 5a7a ff4d | 8b8f b801 | 0000 4d8b | d149 83c2 | 484d 3b97 | c801 0000 | 0f83 0220 
  0x000002858b0c1364: 0000 4d89 | 97b8 0100 | 0041 0f0d | 8ac0 0000 | 0049 c701 | 0100 0000 

  0x000002858b0c137c: ;   {metadata('org/jetbrains/skiko/redrawer/Direct3DRedrawer$draw$1')}
  0x000002858b0c137c: 41c7 4108 | 4844 6d00 | 4589 610c | 4d89 6110 | 4d89 6118 | 4d89 6120 | 4d89 6128 | 4d89 6130 
  0x000002858b0c139c: 4d89 6138 | 4589 6140 | 4c89 4424 | 204c 895c | 2428 4889 | 6c24 3041 | 8951 448b | ea4c 894c 
  0x000002858b0c13bc: 2438 488b | 5424 2066 | 9048 b898 | bc2b 0008 

  0x000002858b0c13cc: ;   {virtual_call}
  0x000002858b0c13cc: 0000 00e8 

  0x000002858b0c13d0: ; ImmutableOopMap {rbp=NarrowOop [32]=Oop [40]=Oop [48]=Oop [56]=Oop }
                      ;*invokeinterface getContext {reexecute=0 rethrow=0 return_oop=1}
                      ; - kotlin.coroutines.jvm.internal.ContinuationImpl::<init>@7 (line 103)
                      ; - org.jetbrains.skiko.redrawer.Direct3DRedrawer$draw$1::<init>@7
                      ; - org.jetbrains.skiko.redrawer.Direct3DRedrawer::draw@47
  0x000002858b0c13d0: 4ce3 2000 

  0x000002858b0c13d4: ;   {other}
  0x000002858b0c13d4: 0f1f 8400 | 4408 0000 | 488b d841 | 807f 4000 | 0f85 5816 | 0000 488b | 7424 384c | 8bde 4c8b 
  0x000002858b0c13f4: 4424 204d | 8bd0 49c1 | ea03 4489 | 560c 4d8b | d04d 33d3 | 488b fb48 | c1ef 0349 | c1ea 164d 
  0x000002858b0c1414: 85d2 741a | 49c1 eb09 | 48b9 0000 | eb8e 8502 | 0000 4903 | cb80 3902 | 0f85 8316 | 0000 4180 
  0x000002858b0c1434: 7f40 000f | 8541 1600 | 0089 7e10 | 4c8b d34c | 8bde 4d33 | d349 c1ea | 164d 85d2 | 741f 4885 
  0x000002858b0c1454: db74 1a49 | c1eb 0948 | b900 00eb | 8e85 0200 | 0049 03cb | 8039 020f | 8592 1600 | 0044 8b4e 
  0x000002858b0c1474: 2c4c 8b5c | 2428 8bd5 | 488b 6c24 | 30e9 82fd | ffff 458b | 4320 438b | 4cc4 0845 | 0fb6 4b0d 
  0x000002858b0c1494: 4585 c90f | 85bf 2400 | 0045 0fb6 | 530c 4585 | d20f 841d | 2700 0041 | c643 0c01 

  0x000002858b0c14b0: ;   {metadata('org/jetbrains/skiko/SkiaLayerAnalytics$DeviceAnalytics$Companion$Empty$1')}
  0x000002858b0c14b0: 81f9 68b4 | 2b00 0f85 | 9421 0000 | 458b 5310 

  0x000002858b0c14c0: ;   {oop(a 'java/lang/Class'{0x000000068a4e45e0} = 'java/awt/Toolkit')}
  0x000002858b0c14c0: 49b9 e045 | 4e8a 0600 | 0000 488d | 9c24 a000 | 0000 498b | 01a8 020f | 8523 0000 | 0048 83c8 
  0x000002858b0c14e0: 0148 8903 | f049 0fb1 | 190f 8437 | 0000 0048 | 2bc4 4825 | 07f0 ffff | 4889 03e9 | 2400 0000 
  0x000002858b0c1500: 4c8b c048 | 33c0 f04d | 0fb1 783e | 48c7 0303 | 0000 0074 | 114c 3bf8 | 7515 49ff | 8086 0000 
  0x000002858b0c1520: 0048 33c0 | 7509 49ff | 8750 0500 | 0033 c00f | 853f 2100 

  0x000002858b0c1534: ;   {oop(a 'java/lang/Class'{0x000000068a4e45e0} = 'java/awt/Toolkit')}
  0x000002858b0c1534: 0049 b8e0 | 454e 8a06 | 0000 0041 | 8b78 7041 | 8b5c fc08 

  0x000002858b0c1548: ;   {oop(a 'java/lang/Class'{0x000000068a4e45e0} = 'java/awt/Toolkit')}
  0x000002858b0c1548: 49b9 e045 | 4e8a 0600 | 0000 488d | 8424 a000 | 0000 4883 | 3800 0f84 | 7900 0000 | 4d8b 0141 
  0x000002858b0c1568: f6c0 020f | 8462 0000 | 0049 83b8 | 8600 0000 | 0074 0949 | ff88 8600 | 0000 eb4b | 498b 8096 
  0x000002858b0c1588: 0000 0049 | 0b80 8e00 | 0000 750a | 49c7 403e | 0000 0000 | eb3d 4983 | b89e 0000 | 0000 7422 
  0x000002858b0c15a8: 4833 c049 | c740 3e00 | 0000 00f0 | 8304 2400 | 4983 b89e | 0000 0000 | 750d f04d | 0fb1 783e 
  0x000002858b0c15c8: 7505 83c8 | 01eb 0ca8 | 00eb 084c | 8b00 f04d | 0fb1 0175 | 0a49 ff8f | 5005 0000 | 4533 c00f 
  0x000002858b0c15e8: 85ff 2000 

  0x000002858b0c15ec: ;   {metadata('sun/awt/SunToolkit')}
  0x000002858b0c15ec: 0049 b850 | 1c11 0008 | 0000 0049 | b900 0000 | 0008 0000 | 004c 03cb | 4d8b 4940 | 4d3b c80f 
  0x000002858b0c160c: 85b6 2000 

  0x000002858b0c1610: ;   {oop(a 'java/util/concurrent/atomic/AtomicInteger'{0x000000068a4a3828})}
  0x000002858b0c1610: 0049 b828 | 384a 8a06 | 0000 0045 | 8b48 0c41 | 83f9 010f | 854b 2300 

  0x000002858b0c1628: ;   {oop(a 'java/lang/Class'{0x000000068a4b3f40} = 'sun/awt/AppContext')}
  0x000002858b0c1628: 0049 b940 | 3f4b 8a06 | 0000 0045 | 8b81 8400 | 0000 4585 | c00f 84a9 | 2500 0045 | 8b89 8400 
  0x000002858b0c1648: 0000 4585 | c90f 84b1 | 1f00 0044 | 8954 242c | 4889 7424 | 3889 5424 | 284c 895c | 2420 4b8d 
  0x000002858b0c1668: ;   {oop(a 'java/lang/StringBuffer'{0x000000068a452868})}
  0x000002858b0c1668: 14cc 49b8 | 6828 458a | 0600 0000 

  0x000002858b0c1674: ;   {optimized virtual_call}
  0x000002858b0c1674: 6666 90e8 

  0x000002858b0c1678: ; ImmutableOopMap {rbp=Oop [32]=Oop [40]=NarrowOop [44]=NarrowOop [56]=Oop }
                      ;*invokevirtual get {reexecute=0 rethrow=0 return_oop=1}
                      ; - sun.awt.SunToolkit::getSystemEventQueueImplPP@4
                      ; - sun.awt.SunToolkit::getSystemEventQueueImplPP@3
                      ; - sun.awt.SunToolkit::getSystemEventQueueImpl@0
                      ; - java.awt.Toolkit::getEventQueue@3
                      ; - java.awt.EventQueue::isDispatchThread@0
                      ; - javax.swing.SwingUtilities::isEventDispatchThread@0
                      ; - org.jetbrains.skiko.redrawer.Direct3DRedrawer::draw@208 (line 193)
  0x000002858b0c1678: 24cd 6b00 

  0x000002858b0c167c: ;   {other}
  0x000002858b0c167c: 0f1f 8400 | ec0a 0001 | 4c8b c044 

  0x000002858b0c1688: ;   {metadata('java/awt/EventQueue')}
  0x000002858b0c1688: 8b58 0841 | 81fb 00b1 | 1300 0f85 | 442a 0000 | 458b 582c 

  0x000002858b0c169c: ; implicit exception: dispatches to 0x000002858b0c42f8
  0x000002858b0c169c: 478b 4cdc 

  0x000002858b0c16a0: ;   {metadata('java/util/concurrent/locks/ReentrantLock')}
  0x000002858b0c16a0: 0841 81f9 | 1067 0600 | 0f85 8920 | 0000 4f8d | 14dc 418b | 5a0c 85db | 0f84 6a1f | 0000 33c0 
  0x000002858b0c16c0: 41bb 0100 | 0000 f045 | 0fb1 5cdc | 1041 0f94 | c345 0fb6 | db4d 8d0c | dc45 85db | 0f84 981b 
  0x000002858b0c16e0: 0000 4180 | 7f40 000f | 8595 1600 | 004c 8bd5 | 4c8b dd49 | c1eb 0345 | 895c dc0c | 4c8b dd4d 
  0x000002858b0c1700: 33d9 49c1 | eb16 4d85 | db74 1a49 | c1e9 0948 | b900 00eb | 8e85 0200 | 0049 03c9 | 8039 020f 
  0x000002858b0c1720: 852d 1900 | 0045 8b58 | 2445 85db | 0f85 e224 | 0000 458b | 484c 4585 | c90f 852d | 2000 0045 
  0x000002858b0c1740: 8b58 344d | 8bcb 49c1 | e103 4d3b | d10f 8549 | 2200 0045 | 8b40 2c47 | 8b5c c408 

  0x000002858b0c175c: ;   {metadata('java/util/concurrent/locks/ReentrantLock')}
  0x000002858b0c175c: 4181 fb10 | 6706 000f | 853b 2000 | 004f 8d1c | c441 8b5b | 0c41 8b7c | dc10 458b | 5cdc 0c4d 
  0x000002858b0c177c: 8bc3 49c1 | e003 4d3b | c20f 85c1 | 2400 0083 | ff01 0f85 | de1a 0000 | 4180 7f40 | 000f 851b 
  0x000002858b0c179c: 1600 0045 | 8964 dc0c | 41ba 0100 | 0000 ffcf | 4189 7cdc | 10f0 8344 | 24c0 0045 | 85d2 740e 
  0x000002858b0c17bc: 458b 54dc | 1445 85d2 | 0f85 740f | 0000 448b | 5424 2c47 | 0fb6 84d4 | 5b01 0000 | 4585 c00f 
  0x000002858b0c17dc: 85f3 2100 | 0047 8b9c | d49c 0100 | 0045 85db | 0f85 9624 | 0000 4d8b | 87b8 0100 | 004d 8bd8 
  0x000002858b0c17fc: 4983 c318 | 4b8d 14d4 | 4d3b 9fc8 | 0100 000f | 8389 1b00 | 004d 899f | b801 0000 | 410f 0d8b 
  0x000002858b0c181c: c000 0000 | 49c7 0001 

  0x000002858b0c1824: ;   {metadata('org/jetbrains/skiko/LayerDrawScope')}
  0x000002858b0c1824: 0000 0041 | c740 0808 | 3f25 0045 | 8960 0c4d | 8960 1047 | 8b5c d464 | 478b 4cd4 | 1c43 8b4c 
  0x000002858b0c1844: d420 438b | 74dc 0843 | 8bbc d468 

  0x000002858b0c1850: ;   {metadata('sun/awt/Win32GraphicsConfig')}
  0x000002858b0c1850: 0100 0081 | fea0 3219 | 000f 856d | 1f00 0049 | c1e3 0345 | 8b5b 10c4 | 817a 104c 

  0x000002858b0c186c: ;   {section_word}
  0x000002858b0c186c: dc20 c5f8 | 2e0d eaf8 | ffff 7a06 | 0f84 3624 | 0000 85ff | 0f84 9624 | 0000 c4c1 | 7a2a c1c5 
  0x000002858b0c188c: fa59 d1c5 | fa2c da81 | fb00 0000 | 800f 84cd | 2f00 0085 | db0f 8c90 | 0e00 00c5 | fa2a c1c5 
  0x000002858b0c18ac: fa59 c9c5 | fa2c e981 | fd00 0000 | 800f 8499 | 2f00 0085 | ed0f 8c69 | 0e00 0041 | 8978 144d 
  0x000002858b0c18cc: 8d1c fc4d | 8bc8 4d33 | d949 c1eb | 164d 85db | 741a 49c1 | e909 48b9 | 0000 eb8e | 8502 0000 
  0x000002858b0c18ec: 4903 c980 | 3902 0f85 | 6b15 0000 | 4189 6810 | 4189 580c | 4180 7f40 | 000f 8597 | 1200 0048 
  0x000002858b0c190c: 8b5c 2438 | 448b 5c24 | 2844 895b | 304c 8b4c | 2420 498b | c948 8bfb | 4833 cf48 | c1e9 1648 
  0x000002858b0c192c: 85c9 741a | 48c1 ef09 | 48b9 0000 | eb8e 8502 | 0000 4803 | cf80 3902 | 0f85 a814 | 0000 4180 
  0x000002858b0c194c: 7f40 000f | 85bb 1200 | 0044 8953 | 3448 8bca | 488b fb48 | 33cf 48c1 | e916 4885 | c974 1a48 
  0x000002858b0c196c: ;   {no_reloc}
  0x000002858b0c196c: c1ef 0948 | b900 00eb | 8e85 0200 | 0048 03cf | 8039 020f | 853e 1500 | 0041 807f | 4000 0f85 
  0x000002858b0c198c: 4e12 0000 | 4180 7f40 | 000f 85a7 | 1200 0044 | 8963 3c8b | 6b10 c743 | 2c01 0000 | 0044 8963 
  0x000002858b0c19ac: 3844 8963 | 1844 8963 | 1c44 8963 | 2044 8963 | 2444 8963 | 2841 8b7c 

  0x000002858b0c19c4: ;   {metadata('kotlin/coroutines/CombinedContext')}
  0x000002858b0c19c4: ec08 81ff | 30e6 1c00 | 0f85 3a1e | 0000 4889 | 5424 304c | 8984 2490 | 0000 0044 | 8954 242c 
  0x000002858b0c19e4: 4889 5c24 | 4044 895c | 2428 4c89 | 8c24 8800 | 0000 4d8d | 14ec 4d8b | da4c 895c 

  0x000002858b0c1a00: ;   {oop(a 'kotlinx/coroutines/ExecutorCoroutineDispatcherImpl'{0x000000068baad318})}
  0x000002858b0c1a00: 2448 49b9 | 18d3 aa8b | 0600 0000 | 4c89 5424 

  0x000002858b0c1a10: ;   {oop(a 'kotlin/coroutines/CoroutineContext$DefaultImpls$$Lambda+0x00000008001ce208'{0x000000068a4acea8})}
  0x000002858b0c1a10: 2048 baa8 | ce4a 8a06 | 0000 004d | 8bc3 4c8b | 9424 8800 | 0000 4c89 

  0x000002858b0c1a28: ;   {optimized virtual_call}
  0x000002858b0c1a28: 5424 38e8 

  0x000002858b0c1a2c: ; ImmutableOopMap {rbp=NarrowOop [32]=Oop [40]=NarrowOop [44]=NarrowOop [48]=Oop [56]=Oop [64]=Oop [72]=Oop [136]=Oop [144]=Oop }
                      ;*invokeinterface invoke {reexecute=0 rethrow=0 return_oop=1}
                      ; - kotlin.coroutines.CoroutineContext$Element$DefaultImpls::fold@9 (line 70)
                      ; - kotlin.coroutines.AbstractCoroutineContextElement::fold@3 (line 16)
                      ; - kotlin.coroutines.CoroutineContext$DefaultImpls::plus@24 (line 32)
                      ; - kotlin.coroutines.CombinedContext::plus@2 (line 113)
                      ; - kotlinx.coroutines.CoroutineContextKt::newCoroutineContext@9 (line 42)
                      ; - kotlinx.coroutines.BuildersKt__Builders_commonKt::withContext@16 (line 483)
                      ; - kotlinx.coroutines.BuildersKt::withContext@3 (line 1)
                      ; - org.jetbrains.skiko.redrawer.Direct3DRedrawer::draw@400 (line 83)
  0x000002858b0c1a2c: b001 8200 

  0x000002858b0c1a30: ;   {other}
  0x000002858b0c1a30: 0f1f 8400 | a00e 0002 

  0x000002858b0c1a38: ; implicit exception: dispatches to 0x000002858b0c43a0
  0x000002858b0c1a38: 448b 5808 

  0x000002858b0c1a3c: ;   {metadata('kotlin/coroutines/CombinedContext')}
  0x000002858b0c1a3c: 4181 fb30 | e61c 000f | 85bb 2600 | 004c 8bd0 | 458b 5a10 | 4c89 5424 | 5049 8bd3 | 48c1 e203 
  0x000002858b0c1a5c: ;   {oop(a 'kotlinx/coroutines/Job$Key'{0x000000068a480ad0})}
  0x000002858b0c1a5c: 49b8 d00a | 488a 0600 | 0000 488b | 6c24 3866 | 9048 b808 | 4d6d 0008 

  0x000002858b0c1a74: ;   {virtual_call}
  0x000002858b0c1a74: 0000 00e8 

  0x000002858b0c1a78: ; ImmutableOopMap {rbp=Oop [40]=NarrowOop [44]=NarrowOop [48]=Oop [64]=Oop [72]=Oop [80]=Oop [136]=Oop [144]=Oop }
                      ;*invokeinterface get {reexecute=0 rethrow=0 return_oop=1}
                      ; - kotlin.coroutines.CombinedContext::get@14 (line 122)
                      ; - kotlinx.coroutines.JobKt__JobKt::ensureActive@7 (line 603)
                      ; - kotlinx.coroutines.JobKt::ensureActive@1 (line 1)
                      ; - kotlinx.coroutines.BuildersKt__Builders_commonKt::withContext@23 (line 485)
                      ; - kotlinx.coroutines.BuildersKt::withContext@3 (line 1)
                      ; - org.jetbrains.skiko.redrawer.Direct3DRedrawer::draw@400 (line 83)
  0x000002858b0c1a78: a474 e2ff 

  0x000002858b0c1a7c: ;   {other}
  0x000002858b0c1a7c: 0f1f 8400 | ec0e 0003 | 4885 c00f | 857e 0000 | 0048 8b6c | 2450 49b8 | 0000 eb8e | 8502 0000 
  0x000002858b0c1a9c: 448b 5d0c 

  0x000002858b0c1aa0: ; implicit exception: dispatches to 0x000002858b0c4558
  0x000002858b0c1aa0: 478b 54dc | 084b 8d14 

  0x000002858b0c1aa8: ;   {metadata('kotlin/coroutines/CombinedContext')}
  0x000002858b0c1aa8: dc41 81fa | 30e6 1c00 | 0f85 fe0d | 0000 4c89 | 4424 2048 | 8bea 448b | 5d10 498b | d348 c1e2 
  0x000002858b0c1ac8: ;   {oop(a 'kotlinx/coroutines/Job$Key'{0x000000068a480ad0})}
  0x000002858b0c1ac8: 0349 b8d0 | 0a48 8a06 | 0000 004c | 8b94 2488 | 0000 004c | 8954 2438 | 9048 b8ff | ffff ffff 
  0x000002858b0c1ae8: ;   {virtual_call}
  0x000002858b0c1ae8: ffff ffe8 

  0x000002858b0c1aec: ; ImmutableOopMap {rbp=Oop [40]=NarrowOop [44]=NarrowOop [48]=Oop [56]=Oop [64]=Oop [72]=Oop [80]=Oop [136]=Oop [144]=Oop }
                      ;*invokeinterface get {reexecute=0 rethrow=0 return_oop=1}
                      ; - kotlin.coroutines.CombinedContext::get@14 (line 122)
                      ; - kotlinx.coroutines.JobKt__JobKt::ensureActive@7 (line 603)
                      ; - kotlinx.coroutines.JobKt::ensureActive@1 (line 1)
                      ; - kotlinx.coroutines.BuildersKt__Builders_commonKt::withContext@23 (line 485)
                      ; - kotlinx.coroutines.BuildersKt::withContext@3 (line 1)
                      ; - org.jetbrains.skiko.redrawer.Direct3DRedrawer::draw@400 (line 83)
  0x000002858b0c1aec: 90d2 6dff 

  0x000002858b0c1af0: ;   {other}
  0x000002858b0c1af0: 0f1f 8400 | 600f 0004 | 4885 c075 | 074c 8b44 | 2420 eb98 | 4c8b 4424 | 20eb 0a49 | b800 00eb 
  0x000002858b0c1b10: 8e85 0200 | 0044 8b58 

  0x000002858b0c1b18: ;   {metadata('kotlinx/coroutines/StandaloneCoroutine')}
  0x000002858b0c1b18: 0841 81fb | 60aa 1c00 | 0f85 0a26 | 0000 488b | e844 8b55 | 0c47 8b4c | d408 4c89 

  0x000002858b0c1b34: ;   {metadata('kotlinx/coroutines/Incomplete')}
  0x000002858b0c1b34: 4424 2048 | b810 b41c | 0008 0000 | 0048 be00 | 0000 0008 | 0000 0049 | 03f1 4c8b | 5e20 4c3b 
  0x000002858b0c1b54: d80f 858e | 0a00 004b | 8d14 d44c | 8b94 2488 | 0000 004c | 8954 2438 | 9048 b810 | 9093 bb85 
  0x000002858b0c1b74: ;   {virtual_call}
  0x000002858b0c1b74: 0200 00e8 

  0x000002858b0c1b78: ; ImmutableOopMap {rbp=Oop [40]=NarrowOop [44]=NarrowOop [48]=Oop [56]=Oop [64]=Oop [72]=Oop [80]=Oop [136]=Oop [144]=Oop }
                      ;*invokeinterface isActive {reexecute=0 rethrow=0 return_oop=0}
                      ; - kotlinx.coroutines.JobSupport::isActive@16 (line 176)
                      ; - kotlinx.coroutines.AbstractCoroutine::isActive@1 (line 64)
                      ; - kotlinx.coroutines.JobKt__JobKt::ensureActive@1 (line 585)
                      ; - kotlinx.coroutines.JobKt::ensureActive@1 (line 1)
                      ; - kotlinx.coroutines.JobKt__JobKt::ensureActive@19 (line 603)
                      ; - kotlinx.coroutines.JobKt::ensureActive@1 (line 1)
                      ; - kotlinx.coroutines.BuildersKt__Builders_commonKt::withContext@23 (line 485)
                      ; - kotlinx.coroutines.BuildersKt::withContext@3 (line 1)
                      ; - org.jetbrains.skiko.redrawer.Direct3DRedrawer::draw@400 (line 83)
  0x000002858b0c1b78: 9465 7aff 

  0x000002858b0c1b7c: ;   {other}
  0x000002858b0c1b7c: 0f1f 8400 | ec0f 0005 | 85c0 0f84 | a10a 0000 | 4c8b 5424 | 504c 8b44 | 2448 4d3b | d00f 84bd 
  0x000002858b0c1b9c: 2100 004c | 8944 2438 | 458b 5210 | 498b d248 

  0x000002858b0c1bac: ;   {oop(a 'kotlin/coroutines/ContinuationInterceptor$Key'{0x000000068a400a10})}
  0x000002858b0c1bac: c1e2 0349 | b810 0a40 | 8a06 0000 | 0048 8bac | 2488 0000 | 0048 b808 | 4d6d 0008 

  0x000002858b0c1bc8: ;   {virtual_call}
  0x000002858b0c1bc8: 0000 00e8 

  0x000002858b0c1bcc: ; ImmutableOopMap {rbp=Oop [40]=NarrowOop [44]=NarrowOop [48]=Oop [56]=Oop [64]=Oop [80]=Oop [136]=Oop [144]=Oop }
                      ;*invokeinterface get {reexecute=0 rethrow=0 return_oop=1}
                      ; - kotlin.coroutines.CombinedContext::get@14 (line 122)
                      ; - kotlinx.coroutines.BuildersKt__Builders_commonKt::withContext@64 (line 493)
                      ; - kotlinx.coroutines.BuildersKt::withContext@3 (line 1)
                      ; - org.jetbrains.skiko.redrawer.Direct3DRedrawer::draw@400 (line 83)
  0x000002858b0c1bcc: 5073 e2ff 

  0x000002858b0c1bd0: ;   {other}
  0x000002858b0c1bd0: 0f1f 8400 | 4010 0006 | 4885 c075 | 6048 8b6c | 2450 448b | 5d0c 478b | 54dc 084b 

  0x000002858b0c1bec: ;   {metadata('kotlin/coroutines/CombinedContext')}
  0x000002858b0c1bec: 8d14 dc41 | 81fa 30e6 | 1c00 0f85 | fd0c 0000 | 488b ea44 | 8b5d 1049 | 8bd3 48c1 

  0x000002858b0c1c08: ;   {oop(a 'kotlin/coroutines/ContinuationInterceptor$Key'{0x000000068a400a10})}
  0x000002858b0c1c08: e203 49b8 | 100a 408a | 0600 0000 | 4c8b 9424 | 8800 0000 | 4c89 5424 | 4848 b8ff | ffff ffff 
  0x000002858b0c1c28: ;   {virtual_call}
  0x000002858b0c1c28: ffff ffe8 

  0x000002858b0c1c2c: ; ImmutableOopMap {rbp=Oop [40]=NarrowOop [44]=NarrowOop [48]=Oop [56]=Oop [64]=Oop [72]=Oop [80]=Oop [136]=Oop [144]=Oop }
                      ;*invokeinterface get {reexecute=0 rethrow=0 return_oop=1}
                      ; - kotlin.coroutines.CombinedContext::get@14 (line 122)
                      ; - kotlinx.coroutines.BuildersKt__Builders_commonKt::withContext@64 (line 493)
                      ; - kotlinx.coroutines.BuildersKt::withContext@3 (line 1)
                      ; - org.jetbrains.skiko.redrawer.Direct3DRedrawer::draw@400 (line 83)
  0x000002858b0c1c2c: 50d1 6dff 

  0x000002858b0c1c30: ;   {other}
  0x000002858b0c1c30: 0f1f 8400 | a010 0007 | 4885 c074 | a548 8944 | 2458 4c8b | 5424 3845 | 8b52 1049 | 8bd2 48c1 
  0x000002858b0c1c50: ;   {oop(a 'kotlin/coroutines/ContinuationInterceptor$Key'{0x000000068a400a10})}
  0x000002858b0c1c50: e203 49b8 | 100a 408a | 0600 0000 | 488b ac24 | 8800 0000 | 9048 b830 | 311e 0008 

  0x000002858b0c1c6c: ;   {virtual_call}
  0x000002858b0c1c6c: 0000 00e8 

  0x000002858b0c1c70: ; ImmutableOopMap {rbp=Oop [40]=NarrowOop [44]=NarrowOop [48]=Oop [56]=Oop [64]=Oop [80]=Oop [88]=Oop [136]=Oop [144]=Oop }
                      ;*invokeinterface get {reexecute=0 rethrow=0 return_oop=1}
                      ; - kotlin.coroutines.CombinedContext::get@14 (line 122)
                      ; - kotlinx.coroutines.BuildersKt__Builders_commonKt::withContext@77 (line 493)
                      ; - kotlinx.coroutines.BuildersKt::withContext@3 (line 1)
                      ; - org.jetbrains.skiko.redrawer.Direct3DRedrawer::draw@400 (line 83)
  0x000002858b0c1c70: ac72 e2ff 

  0x000002858b0c1c74: ;   {other}
  0x000002858b0c1c74: 0f1f 8400 | e410 0008 | 4885 c075 | 6c48 8b6c | 2438 6666 | 0f1f 8400 | 0000 0000 | 448b 5d0c 
  0x000002858b0c1c94: ; implicit exception: dispatches to 0x000002858b0c45d4
  0x000002858b0c1c94: 478b 54dc | 084b 8d14 

  0x000002858b0c1c9c: ;   {metadata('kotlin/coroutines/CombinedContext')}
  0x000002858b0c1c9c: dc41 81fa | 30e6 1c00 | 0f85 840c | 0000 488b | ea44 8b5d | 1049 8bd3 | 48c1 e203 

  0x000002858b0c1cb8: ;   {oop(a 'kotlin/coroutines/ContinuationInterceptor$Key'{0x000000068a400a10})}
  0x000002858b0c1cb8: 49b8 100a | 408a 0600 | 0000 4c8b | 9424 8800 | 0000 4c89 | 5424 3866 | 9048 b8ff | ffff ffff 
  0x000002858b0c1cd8: ;   {virtual_call}
  0x000002858b0c1cd8: ffff ffe8 

  0x000002858b0c1cdc: ; ImmutableOopMap {rbp=Oop [40]=NarrowOop [44]=NarrowOop [48]=Oop [56]=Oop [64]=Oop [80]=Oop [88]=Oop [136]=Oop [144]=Oop }
                      ;*invokeinterface get {reexecute=0 rethrow=0 return_oop=1}
                      ; - kotlin.coroutines.CombinedContext::get@14 (line 122)
                      ; - kotlinx.coroutines.BuildersKt__Builders_commonKt::withContext@77 (line 493)
                      ; - kotlinx.coroutines.BuildersKt::withContext@3 (line 1)
                      ; - org.jetbrains.skiko.redrawer.Direct3DRedrawer::draw@400 (line 83)
  0x000002858b0c1cdc: a0d0 6dff 

  0x000002858b0c1ce0: ;   {other}
  0x000002858b0c1ce0: 0f1f 8400 | 5011 0009 | 4885 c074 | a34c 8bc0 | 4c8b 5424 | 584d 85d2 | 0f84 9f0a | 0000 488b 
  0x000002858b0c1d00: 5424 5848 | 8bac 2488 | 0000 0066 | 9048 b808 | 4d6d 0008 

  0x000002858b0c1d14: ;   {virtual_call}
  0x000002858b0c1d14: 0000 00e8 

  0x000002858b0c1d18: ; ImmutableOopMap {rbp=Oop [40]=NarrowOop [44]=NarrowOop [48]=Oop [64]=Oop [80]=Oop [136]=Oop [144]=Oop }
                      ;*invokevirtual equals {reexecute=0 rethrow=0 return_oop=0}
                      ; - kotlin.jvm.internal.Intrinsics::areEqual@18 (line 169)
                      ; - kotlinx.coroutines.BuildersKt__Builders_commonKt::withContext@82 (line 493)
                      ; - kotlinx.coroutines.BuildersKt::withContext@3 (line 1)
                      ; - org.jetbrains.skiko.redrawer.Direct3DRedrawer::draw@400 (line 83)
  0x000002858b0c1d18: 8426 3300 

  0x000002858b0c1d1c: ;   {other}
  0x000002858b0c1d1c: 0f1f 8400 | 8c11 000a | 85c0 0f85 | 9c20 0000 | 498b 87b8 | 0100 004c | 8bd0 4983 | c220 4d3b 
  0x000002858b0c1d3c: 97c8 0100 | 000f 8385 | 1600 004d | 8997 b801 | 0000 410f | 0d8a c000 | 0000 48c7 | 0001 0000 
  0x000002858b0c1d5c: ;   {metadata('kotlinx/coroutines/DispatchedCoroutine')}
  0x000002858b0c1d5c: 00c7 4008 | d83c 1e00 | 4489 600c | 4c89 6010 | 4c89 6018 | 4c8b c041 | 807f 4000 | 0f85 000f 
  0x000002858b0c1d7c: ;   {oop(a 'kotlinx/coroutines/Empty'{0x000000068a453220})}
  0x000002858b0c1d7c: 0000 41c7 | 400c 44a6 | 48d1 4d8b 

  0x000002858b0c1d88: ;   {oop(a 'kotlinx/coroutines/Empty'{0x000000068a453220})}
  0x000002858b0c1d88: d049 bb20 | 3245 8a06 | 0000 004d | 33da 49c1 | eb16 4d85 | db0f 84d1 | 0e00 0049 | c1ea 0948 
  0x000002858b0c1da8: b900 00eb | 8e85 0200 | 0049 03ca | 8039 020f | 8578 1100 | 004c 8944 | 2458 f083 | 4424 c000 
  0x000002858b0c1dc8: 4c8b 5424 | 5045 8b5a | 1049 8bd3 | 48c1 e203 

  0x000002858b0c1dd8: ;   {oop(a 'kotlinx/coroutines/Job$Key'{0x000000068a480ad0})}
  0x000002858b0c1dd8: 49b8 d00a | 488a 0600 | 0000 488b | ac24 8800 | 0000 6666 | 9048 b808 | 4d6d 0008 

  0x000002858b0c1df4: ;   {virtual_call}
  0x000002858b0c1df4: 0000 00e8 

  0x000002858b0c1df8: ; ImmutableOopMap {rbp=Oop [40]=NarrowOop [44]=NarrowOop [48]=Oop [64]=Oop [80]=Oop [88]=Oop [136]=Oop [144]=Oop }
                      ;*invokeinterface get {reexecute=0 rethrow=0 return_oop=1}
                      ; - kotlin.coroutines.CombinedContext::get@14 (line 122)
                      ; - kotlinx.coroutines.AbstractCoroutine::<init>@18 (line 50)
                      ; - kotlinx.coroutines.internal.ScopeCoroutine::<init>@4 (line 11)
                      ; - kotlinx.coroutines.DispatchedCoroutine::<init>@3 (line 551)
                      ; - kotlinx.coroutines.BuildersKt__Builders_commonKt::withContext@170 (line 501)
                      ; - kotlinx.coroutines.BuildersKt::withContext@3 (line 1)
                      ; - org.jetbrains.skiko.redrawer.Direct3DRedrawer::draw@400 (line 83)
  0x000002858b0c1df8: 2471 e2ff 

  0x000002858b0c1dfc: ;   {other}
  0x000002858b0c1dfc: 0f1f 8400 | 6c12 000b | 4c8b c04c | 8b4c 2458 | 4983 c110 | 4885 c075 | 7748 8b6c | 2450 448b 
  0x000002858b0c1e1c: 5d0c 478b | 54dc 084b 

  0x000002858b0c1e24: ;   {metadata('kotlin/coroutines/CombinedContext')}
  0x000002858b0c1e24: 8d14 dc41 | 81fa 30e6 | 1c00 0f85 | 2c0b 0000 | 4c89 4c24 | 3848 8bea | 448b 5d10 | 498b d348 
  0x000002858b0c1e44: ;   {oop(a 'kotlinx/coroutines/Job$Key'{0x000000068a480ad0})}
  0x000002858b0c1e44: c1e2 0349 | b8d0 0a48 | 8a06 0000 | 004c 8b94 | 2488 0000 | 004c 8954 | 2448 6666 | 9048 b8ff 
  0x000002858b0c1e64: ffff ffff 

  0x000002858b0c1e68: ;   {virtual_call}
  0x000002858b0c1e68: ffff ffe8 

  0x000002858b0c1e6c: ; ImmutableOopMap {rbp=Oop [40]=NarrowOop [44]=NarrowOop [48]=Oop [64]=Oop [72]=Oop [80]=Oop [88]=Oop [56]=Derived_oop_[88] [136]=Oop [144]=Oop }
                      ;*invokeinterface get {reexecute=0 rethrow=0 return_oop=1}
                      ; - kotlin.coroutines.CombinedContext::get@14 (line 122)
                      ; - kotlinx.coroutines.AbstractCoroutine::<init>@18 (line 50)
                      ; - kotlinx.coroutines.internal.ScopeCoroutine::<init>@4 (line 11)
                      ; - kotlinx.coroutines.DispatchedCoroutine::<init>@3 (line 551)
                      ; - kotlinx.coroutines.BuildersKt__Builders_commonKt::withContext@170 (line 501)
                      ; - kotlinx.coroutines.BuildersKt::withContext@3 (line 1)
                      ; - org.jetbrains.skiko.redrawer.Direct3DRedrawer::draw@400 (line 83)
  0x000002858b0c1e6c: 10cf 6dff 

  0x000002858b0c1e70: ;   {other}
  0x000002858b0c1e70: 0f1f 8400 | e012 000c | 4c8b c048 | 85c0 7507 | 4c8b 4c24 | 38eb 934c | 8b4c 2438 | 498b e945 
  0x000002858b0c1e90: 8b58 0848 | be00 0000 | 0008 0000 | 0049 03f3 | 4c8b 5620 

  0x000002858b0c1ea4: ;   {metadata('kotlinx/coroutines/Job')}
  0x000002858b0c1ea4: 49bb 7899 | 1c00 0800 | 0000 4d3b | d30f 85b5 | 0700 004d | 8bd0 458b 

  0x000002858b0c1ebc: ;   {metadata('kotlinx/coroutines/JobSupport')}
  0x000002858b0c1ebc: 5a08 49b8 | 789f 1c00 | 0800 0000 | 49b9 0000 | 0000 0800 | 0000 4d03 | cb4d 8b59 | 384d 3bd8 
  0x000002858b0c1edc: 0f85 5219 | 0000 4d8b | da45 8b43 | 0c47 8b4c 

  0x000002858b0c1eec: ;   {metadata('kotlinx/coroutines/Empty')}
  0x000002858b0c1eec: c408 4181 | f910 b61c | 000f 85f5 | 0700 0049 | c1e0 0345 | 0fb6 500c | 4585 d20f | 84f3 1e00 
  0x000002858b0c1f0c: 004c 8b44 | 2458 4c8b | 9424 8800 | 0000 4c89 | 5424 3849 

  0x000002858b0c1f20: ;   {optimized virtual_call}
  0x000002858b0c1f20: 8bd3 90e8 

  0x000002858b0c1f24: ; ImmutableOopMap {[40]=NarrowOop [44]=NarrowOop [48]=Oop [56]=Oop [64]=Oop [80]=Oop [88]=Oop rbp=Derived_oop_[88] [136]=Oop [144]=Oop }
                      ;*invokeinterface attachChild {reexecute=0 rethrow=0 return_oop=1}
                      ; - kotlinx.coroutines.JobSupport::initParentJob@58 (line 148)
                      ; - kotlinx.coroutines.AbstractCoroutine::<init>@26 (line 50)
                      ; - kotlinx.coroutines.internal.ScopeCoroutine::<init>@4 (line 11)
                      ; - kotlinx.coroutines.DispatchedCoroutine::<init>@3 (line 551)
                      ; - kotlinx.coroutines.BuildersKt__Builders_commonKt::withContext@170 (line 501)
                      ; - kotlinx.coroutines.BuildersKt::withContext@3 (line 1)
                      ; - org.jetbrains.skiko.redrawer.Direct3DRedrawer::draw@400 (line 83)
  0x000002858b0c1f24: 1897 9d00 

  0x000002858b0c1f28: ;   {other}
  0x000002858b0c1f28: 0f1f 8400 | 9813 000d | 488b d841 | 807f 4000 | 0f85 040e | 0000 4c8b | cd4d 8bd9 | 4c8b d34d 
  0x000002858b0c1f48: 8bc2 49c1 | e803 4589 | 014d 8bc2 | 4d33 c349 | c1e8 164d | 85c0 741f | 4d85 d274 | 1a49 c1eb 
  0x000002858b0c1f68: 0948 b900 | 00eb 8e85 | 0200 0049 | 03cb 8039 | 020f 858a | 1100 00f0 | 8344 24c0 | 004c 8b44 
  0x000002858b0c1f88: 2458 458b | 580c 478b 

  0x000002858b0c1f90: ;   {metadata('kotlinx/coroutines/Empty')}
  0x000002858b0c1f90: 4cdc 0841 | 81f9 10b6 | 1c00 0f85 | 4422 0000 | 4c89 4424 

  0x000002858b0c1fa4: ;   {oop(a 'kotlin/coroutines/CoroutineContext$DefaultImpls$$Lambda+0x00000008001ce208'{0x000000068a4acea8})}
  0x000002858b0c1fa4: 3848 baa8 | ce4a 8a06 | 0000 004c | 8b44 2450 | 4c8b 4c24 | 3848 8bac | 2488 0000 

  0x000002858b0c1fc0: ;   {optimized virtual_call}
  0x000002858b0c1fc0: 0066 90e8 

  0x000002858b0c1fc4: ; ImmutableOopMap {rbp=Oop [40]=NarrowOop [44]=NarrowOop [48]=Oop [56]=Oop [64]=Oop [136]=Oop [144]=Oop }
                      ;*invokeinterface invoke {reexecute=0 rethrow=0 return_oop=1}
                      ; - kotlin.coroutines.CoroutineContext$Element$DefaultImpls::fold@9 (line 70)
                      ; - kotlinx.coroutines.Job$DefaultImpls::fold@6 (line 118)
                      ; - kotlinx.coroutines.JobSupport::fold@3 (line 22)
                      ; - kotlin.coroutines.CoroutineContext$DefaultImpls::plus@24 (line 32)
                      ; - kotlin.coroutines.CombinedContext::plus@2 (line 113)
                      ; - kotlinx.coroutines.AbstractCoroutine::<init>@36 (line 57)
                      ; - kotlinx.coroutines.internal.ScopeCoroutine::<init>@4 (line 11)
                      ; - kotlinx.coroutines.DispatchedCoroutine::<init>@3 (line 551)
                      ; - kotlinx.coroutines.BuildersKt__Builders_commonKt::withContext@170 (line 501)
                      ; - kotlinx.coroutines.BuildersKt::withContext@3 (line 1)
                      ; - org.jetbrains.skiko.redrawer.Direct3DRedrawer::draw@400 (line 83)
  0x000002858b0c1fc4: 18fc 8100 

  0x000002858b0c1fc8: ;   {other}
  0x000002858b0c1fc8: 0f1f 8400 | 3814 000e | 4c8b d844 

  0x000002858b0c1fd4: ;   {metadata('kotlin/coroutines/CombinedContext')}
  0x000002858b0c1fd4: 8b50 0841 | 81fa 30e6 | 1c00 0f85 | 9421 0000 | 4180 7f40 | 000f 85c6 | 0c00 004c | 8b54 2438 
  0x000002858b0c1ff4: 498b d248 | c1ea 034d | 8bcb 49c1 | e903 4589 | 4a14 4d8b | c348 8bbc | 2490 0000 | 004c 8bdf 
  0x000002858b0c2014: 49c1 eb03 | 4c8b 4c24 | 4049 8bd9 | 48c1 eb03 | 498b f24c | 33c6 49c1 | e816 4d85 | c074 1a48 
  0x000002858b0c2034: c1ee 0948 | b900 00eb | 8e85 0200 | 0048 03ce | 8039 020f | 853c 0f00 | 0041 807f | 4000 0f85 
  0x000002858b0c2054: 990c 0000 | 4189 5a18 | 4d8b c149 | 8bda 4c33 | c349 c1e8 | 164d 85c0 | 741a 48c1 | eb09 48b9 
  0x000002858b0c2074: 0000 eb8e | 8502 0000 | 4803 cb80 | 3902 0f85 | 660f 0000 | 4d8b 87b8 | 0100 0049 | 8bc8 4883 
  0x000002858b0c2094: c128 493b | 8fc8 0100 | 000f 834e | 1300 0049 | 898f b801 | 0000 0f0d | 89c0 0000 | 0049 c700 
  0x000002858b0c20b4: 0100 0000 

  0x000002858b0c20b8: ;   {metadata('org/jetbrains/skiko/redrawer/Direct3DRedrawer$draw$2$1')}
  0x000002858b0c20b8: 41c7 4008 | 6852 6d00 | 4589 600c | 4d89 6010 | 4d89 6018 | 4589 6024 | 8b5c 2428 | 4189 5820 
  0x000002858b0c20d8: 4189 500c | 4589 5824 | 418b 4a14 | 4189 4810 | 4d8b d848 | 8bd9 48c1 | e303 4933 | db48 c1eb 
  0x000002858b0c20f8: 1648 85db | 741e 85c9 | 741a 49c1 | eb09 48b9 | 0000 eb8e | 8502 0000 | 4903 cb80 | 3902 0f85 
  0x000002858b0c2118: 8d0f 0000 | 41c7 4018 | 0200 0000 | 458b 5814 | 4585 db74 | 094b 8d14 | dce9 1903 | 0000 458b 
  0x000002858b0c2138: 5810 438b 

  0x000002858b0c213c: ;   {metadata('kotlin/coroutines/CombinedContext')}
  0x000002858b0c213c: 4cdc 0881 | f930 e61c | 000f 8506 | 0a00 004c | 8944 2448 | 4c89 5424 | 404c 894c | 2438 4b8d 
  0x000002858b0c215c: 2cdc 448b | 5d10 498b | d348 c1e2 

  0x000002858b0c2168: ;   {oop(a 'kotlin/coroutines/ContinuationInterceptor$Key'{0x000000068a400a10})}
  0x000002858b0c2168: 0349 b810 | 0a40 8a06 | 0000 0066 | 9048 b808 | 4d6d 0008 

  0x000002858b0c217c: ;   {virtual_call}
  0x000002858b0c217c: 0000 00e8 

  0x000002858b0c2180: ; ImmutableOopMap {rbp=Oop [44]=NarrowOop [48]=Oop [56]=Oop [64]=Oop [72]=Oop [136]=Oop }
                      ;*invokeinterface get {reexecute=0 rethrow=0 return_oop=1}
                      ; - kotlin.coroutines.CombinedContext::get@14 (line 122)
                      ; - kotlin.coroutines.jvm.internal.ContinuationImpl::intercepted@19 (line 113)
                      ; - kotlin.coroutines.intrinsics.IntrinsicsKt__IntrinsicsJvmKt::intercepted@25 (line 182)
                      ; - kotlinx.coroutines.intrinsics.CancellableKt::startCoroutineCancellable@15 (line 26)
                      ; - kotlinx.coroutines.BuildersKt__Builders_commonKt::withContext@183 (line 502)
                      ; - kotlinx.coroutines.BuildersKt::withContext@3 (line 1)
                      ; - org.jetbrains.skiko.redrawer.Direct3DRedrawer::draw@400 (line 83)
  0x000002858b0c2180: 9c6d e2ff 

  0x000002858b0c2184: ;   {other}
  0x000002858b0c2184: 0f1f 8400 | f415 000f | 4c8b c848 | 85c0 7560 | 0f1f 8400 | 0000 0000 | 6666 6690 | 448b 550c 
  0x000002858b0c21a4: ; implicit exception: dispatches to 0x000002858b0c46b0
  0x000002858b0c21a4: 478b 44d4 | 084b 8d14 

  0x000002858b0c21ac: ;   {metadata('kotlin/coroutines/CombinedContext')}
  0x000002858b0c21ac: d441 81f8 | 30e6 1c00 | 0f85 3e08 | 0000 488b | ea44 8b55 | 1049 8bd2 | 48c1 e203 

  0x000002858b0c21c8: ;   {oop(a 'kotlin/coroutines/ContinuationInterceptor$Key'{0x000000068a400a10})}
  0x000002858b0c21c8: 49b8 100a | 408a 0600 | 0000 6666 | 9048 b8ff | ffff ffff 

  0x000002858b0c21dc: ;   {virtual_call}
  0x000002858b0c21dc: ffff ffe8 

  0x000002858b0c21e0: ; ImmutableOopMap {rbp=Oop [44]=NarrowOop [48]=Oop [56]=Oop [64]=Oop [72]=Oop [136]=Oop }
                      ;*invokeinterface get {reexecute=0 rethrow=0 return_oop=1}
                      ; - kotlin.coroutines.CombinedContext::get@14 (line 122)
                      ; - kotlin.coroutines.jvm.internal.ContinuationImpl::intercepted@19 (line 113)
                      ; - kotlin.coroutines.intrinsics.IntrinsicsKt__IntrinsicsJvmKt::intercepted@25 (line 182)
                      ; - kotlinx.coroutines.intrinsics.CancellableKt::startCoroutineCancellable@15 (line 26)
                      ; - kotlinx.coroutines.BuildersKt__Builders_commonKt::withContext@183 (line 502)
                      ; - kotlinx.coroutines.BuildersKt::withContext@3 (line 1)
                      ; - org.jetbrains.skiko.redrawer.Direct3DRedrawer::draw@400 (line 83)
  0x000002858b0c21e0: 9ccb 6dff 

  0x000002858b0c21e4: ;   {other}
  0x000002858b0c21e4: 0f1f 8400 | 5416 0010 | 4c8b c848 | 85c0 74ac | 458b 5108 

  0x000002858b0c21f8: ;   {metadata('kotlin/coroutines/ContinuationInterceptor')}
  0x000002858b0c21f8: 48b8 280a | 1c00 0800 | 0000 48be | 0000 0000 | 0800 0000 | 4903 f24c | 8b56 204c | 3bd0 0f85 
  0x000002858b0c2218: 9405 0000 | 458b 5908 

  0x000002858b0c2220: ;   {metadata('kotlinx/coroutines/CoroutineDispatcher')}
  0x000002858b0c2220: 49ba c00e | 1c00 0800 | 0000 49b8 | 0000 0000 | 0800 0000 | 4d03 c34d | 8b58 404d | 3bda 0f85 
  0x000002858b0c2240: 9816 0000 | 4d8b 97b8 | 0100 004d | 8bda 4983 | c330 4d3b | 9fc8 0100 | 000f 83e8 | 1100 004d 
  0x000002858b0c2260: 899f b801 | 0000 410f | 0d8b c000 | 0000 49c7 | 0201 0000 

  0x000002858b0c2274: ;   {metadata('kotlinx/coroutines/internal/DispatchedContinuation')}
  0x000002858b0c2274: 0041 c742 | 0818 f91c | 0045 8962 | 0c4d 8962 | 1045 8962 | 204d 8962 | 284c 8b44 | 2448 458b 
  0x000002858b0c2294: 5810 498b | c848 c1e9 | 0349 c1e9 | 03bb ffff | ffff 4989 

  0x000002858b0c22a8: ;   {oop(a 'kotlinx/coroutines/internal/Symbol'{0x000000068a453548})}
  0x000002858b0c22a8: 5a18 41c7 | 4224 a9a6 | 48d1 4589 | 4a1c 4189 | 4a20 478b 

  0x000002858b0c22bc: ;   {metadata('kotlin/coroutines/CombinedContext')}
  0x000002858b0c22bc: 4cdc 0841 | 81f9 30e6 | 1c00 0f85 | 5016 0000 | 4c89 5424 | 504b 8d2c | dc44 8b5d | 0c49 8bd3 
  0x000002858b0c22dc: 48c1 e203 

  0x000002858b0c22e0: ;   {oop(a 'kotlinx/coroutines/internal/ThreadContextKt$$Lambda+0x00000008001cd410'{0x000000068a47f7a8})}
  0x000002858b0c22e0: 49b9 a8f7 | 478a 0600 

  0x000002858b0c22e8: ;   {oop(a 'java/lang/Integer'{0x000000068a000c30} = 0)}
  0x000002858b0c22e8: 0000 49b8 | 300c 008a | 0600 0000 | 9048 b8d8 | 3c1e 0008 

  0x000002858b0c22fc: ;   {virtual_call}
  0x000002858b0c22fc: 0000 00e8 

  0x000002858b0c2300: ; ImmutableOopMap {rbp=Oop [44]=NarrowOop [48]=Oop [56]=Oop [64]=Oop [72]=Oop [80]=Oop [136]=Oop }
                      ;*invokeinterface fold {reexecute=0 rethrow=0 return_oop=1}
                      ; - kotlin.coroutines.CombinedContext::fold@13 (line 133)
                      ; - kotlinx.coroutines.internal.ThreadContextKt::threadContextElements@8 (line 55)
                      ; - kotlinx.coroutines.internal.DispatchedContinuation::<init>@27 (line 22)
                      ; - kotlinx.coroutines.CoroutineDispatcher::interceptContinuation@6 (line 282)
                      ; - kotlin.coroutines.jvm.internal.ContinuationImpl::intercepted@35 (line 113)
                      ; - kotlin.coroutines.intrinsics.IntrinsicsKt__IntrinsicsJvmKt::intercepted@25 (line 182)
                      ; - kotlinx.coroutines.intrinsics.CancellableKt::startCoroutineCancellable@15 (line 26)
                      ; - kotlinx.coroutines.BuildersKt__Builders_commonKt::withContext@183 (line 502)
                      ; - kotlinx.coroutines.BuildersKt::withContext@3 (line 1)
                      ; - org.jetbrains.skiko.redrawer.Direct3DRedrawer::draw@400 (line 83)
  0x000002858b0c2300: 9cc8 7900 

  0x000002858b0c2304: ;   {other}
  0x000002858b0c2304: 0f1f 8400 | 7417 0011 | 4c8b c044 | 8b55 1047 | 8b4c d408 

  0x000002858b0c2318: ;   {metadata('kotlin/coroutines/CoroutineContext$Element')}
  0x000002858b0c2318: 48b8 2808 | 1c00 0800 | 0000 48be | 0000 0000 | 0800 0000 | 4903 f14c | 8b5e 204c | 3bd8 0f85 
  0x000002858b0c2338: f504 0000 | 49c1 e203 | 458b 4a08 

  0x000002858b0c2344: ;   {metadata('kotlinx/coroutines/ThreadContextElement')}
  0x000002858b0c2344: 48b8 b08e | 1c00 0800 | 0000 48be | 0000 0000 | 0800 0000 | 4903 f14c | 8b5e 204c | 3bd8 0f84 
  0x000002858b0c2364: 3215 0000 | 4833 ff4c | 8b9e a000 | 0000 498b | d348 c1e2 | 3b0f 8921 | 0000 00f3 | 480f b8d2 
  0x000002858b0c2384: 488b 5e28 | 483b 04d3 | 7415 490f | bae3 0573 | 0b49 c1cb 

  0x000002858b0c2398: ;   {runtime_call StubRoutines (compiler stubs)}
  0x000002858b0c2398: 04e8 79fa | 78ff eb03 | 48ff c748 | 85ff 0f84 | ee14 0000 | 4d8b d84d | 85db 0f84 | cf1a 0000 
  0x000002858b0c23b8: 4180 7f40 | 000f 8525 | 0e00 0048 | 8b5c 2450 | 4c8b d34d | 8bc3 4d33 | c24d 8bcb | 49c1 e903 
  0x000002858b0c23d8: 4489 4b28 | 49c1 e816 | 4d85 c074 | 1a49 c1ea | 0948 b900 | 00eb 8e85 | 0200 0049 | 03ca 8039 
  0x000002858b0c23f8: 020f 8525 | 0e00 0041 | 807f 4000 | 0f85 500d | 0000 4c8b | 4424 484c | 8bdb 49c1 | eb03 4589 
  0x000002858b0c2418: 5814 4d8b | d04c 8bdb | 4d33 da49 | c1eb 164d | 85db 7416 | 49c1 ea09 | 4c8b 4424 | 204d 03c2 
  0x000002858b0c2438: 4180 3802 | 0f85 540d | 0000 488b | d34c 8b4c | 2438 4c8b | 5424 404c | 8954 2440 | 4c89 4c24 
  0x000002858b0c2458: ;   {oop(a 'kotlin/Unit'{0x000000068a401cd8})}
  0x000002858b0c2458: 3849 b8d8 | 1c40 8a06 | 0000 0048 | 8bac 2488 

  0x000002858b0c2468: ;   {static_call}
  0x000002858b0c2468: 0000 00e8 

  0x000002858b0c246c: ; ImmutableOopMap {rbp=Oop [44]=NarrowOop [48]=Oop [56]=Oop [64]=Oop [136]=Oop }
                      ;*invokestatic resumeCancellableWithInternal {reexecute=0 rethrow=0 return_oop=0}
                      ; - kotlinx.coroutines.intrinsics.CancellableKt::startCoroutineCancellable@28 (line 26)
                      ; - kotlinx.coroutines.BuildersKt__Builders_commonKt::withContext@183 (line 502)
                      ; - kotlinx.coroutines.BuildersKt::withContext@3 (line 1)
                      ; - org.jetbrains.skiko.redrawer.Direct3DRedrawer::draw@400 (line 83)
  0x000002858b0c246c: f02d 9400 

  0x000002858b0c2470: ;   {other}
  0x000002858b0c2470: 0f1f 8400 | e018 0012 | 4c8b 4424 | 4045 8b50 | 1c45 85d2 | 0f85 330e | 0000 33c0 | 41ba 0100 
  0x000002858b0c2490: 0000 f045 | 0fb1 501c | 410f 94c3 | 450f b6db | 4585 db0f | 84eb 1800 

  0x000002858b0c24a8: ;   {oop(a 'kotlin/coroutines/intrinsics/CoroutineSingletons'{0x000000068a401ce8})}
  0x000002858b0c24a8: 0048 b8e8 | 1c40 8a06 | 0000 00e9 | 40ee ffff | 48c1 e203 

  0x000002858b0c24bc: ;   {metadata('org/jetbrains/skiko/RenderException')}
  0x000002858b0c24bc: 81fb 0000 | 2500 0f85 | 76ee ffff | 4889 5424 | 384c 8bc1 | 4d8b d045 | 0fb6 805b | 0100 0045 
  0x000002858b0c24dc: 85c0 0f85 | ebed ffff | 4c89 5424 | 2049 8be9 | 4489 5c24 

  0x000002858b0c24f0: ;   {oop(a 'org/jetbrains/skiko/Logger'{0x000000068a5da230})}
  0x000002858b0c24f0: 2848 ba30 | a25d 8a06 

  0x000002858b0c24f8: ;   {optimized virtual_call}
  0x000002858b0c24f8: 0000 00e8 

  0x000002858b0c24fc: ; ImmutableOopMap {rbp=Oop [32]=Oop [56]=Oop }
                      ;*invokevirtual getLoggerImpl {reexecute=0 rethrow=0 return_oop=1}
                      ; - org.jetbrains.skiko.redrawer.Direct3DRedrawer::draw@530 (line 205)
  0x000002858b0c24fc: eb23 0000 

  0x000002858b0c2500: ;   {other}
  0x000002858b0c2500: 0f1f 8400 | 7019 0013 | 4c8b d044 

  0x000002858b0c250c: ;   {metadata('org/jetbrains/skiko/DefaultConsoleLogger')}
  0x000002858b0c250c: 8b58 0841 | 81fb 08c4 | 2b00 0f85 | 6f1a 0000 | 450f b65a | 0f45 85db 

  0x000002858b0c2524: ;   {oop(a 'org/jetbrains/skiko/Logger'{0x000000068a5da230})}
  0x000002858b0c2524: 744a 48ba | 30a2 5d8a | 0600 0000 

  0x000002858b0c2530: ;   {optimized virtual_call}
  0x000002858b0c2530: 6666 90e8 

  0x000002858b0c2534: ; ImmutableOopMap {rbp=Oop [32]=Oop [56]=Oop }
                      ;*invokevirtual getLoggerImpl {reexecute=0 rethrow=0 return_oop=1}
                      ; - org.jetbrains.skiko.redrawer.Direct3DRedrawer::draw@543 (line 206)
  0x000002858b0c2534: b323 0000 

  0x000002858b0c2538: ;   {other}
  0x000002858b0c2538: 0f1f 8400 | a819 0014 

  0x000002858b0c2540: ; implicit exception: dispatches to 0x000002858b0c4778
  0x000002858b0c2540: 448b 5808 

  0x000002858b0c2544: ;   {metadata('org/jetbrains/skiko/DefaultConsoleLogger')}
  0x000002858b0c2544: 4181 fb08 | c42b 000f | 855b 1a00 | 0048 8bd0 

  0x000002858b0c2554: ;   {oop("Exception in draw scope"{0x000000068bc40de8})}
  0x000002858b0c2554: 49b9 e80d | c48b 0600 | 0000 4c8b 

  0x000002858b0c2560: ;   {optimized virtual_call}
  0x000002858b0c2560: 4424 38e8 

  0x000002858b0c2564: ; ImmutableOopMap {rbp=Oop [32]=Oop }
                      ;*invokeinterface warn {reexecute=0 rethrow=0 return_oop=0}
                      ; - org.jetbrains.skiko.redrawer.Direct3DRedrawer::draw@566 (line 206)
  0x000002858b0c2564: bf23 0000 

  0x000002858b0c2568: ;   {other}
  0x000002858b0c2568: 0f1f 8400 | d819 0015 | 4c8b 5424 | 2045 8b9a | 8801 0000 | 498b d348 | c1e2 0333 | ff45 33c0 
  0x000002858b0c2588: 41b9 0100 

  0x000002858b0c258c: ;   {static_call}
  0x000002858b0c258c: 0000 90e8 

  0x000002858b0c2590: ; ImmutableOopMap {rbp=Oop [32]=Oop }
                      ;*invokestatic findNextWorkingRenderApi$default {reexecute=0 rethrow=0 return_oop=0}
                      ; - org.jetbrains.skiko.redrawer.Direct3DRedrawer::draw@580 (line 209)
  0x000002858b0c2590: 6623 0000 

  0x000002858b0c2594: ;   {other}
  0x000002858b0c2594: 0f1f 8400 | 041a 0016 | 488b 5424 

  0x000002858b0c25a0: ;   {optimized virtual_call}
  0x000002858b0c25a0: 2066 90e8 

  0x000002858b0c25a4: ; ImmutableOopMap {rbp=Oop }
                      ;*invokevirtual getRedrawer$skiko {reexecute=0 rethrow=0 return_oop=1}
                      ; - org.jetbrains.skiko.redrawer.Direct3DRedrawer::draw@585 (line 210)
  0x000002858b0c25a4: d8c4 6dff 

  0x000002858b0c25a8: ;   {other}
  0x000002858b0c25a8: 0f1f 8400 | 181a 0017 | 4885 c00f | 847c 0400 | 0044 8b58 

  0x000002858b0c25bc: ;   {metadata('org/jetbrains/skiko/redrawer/Direct3DRedrawer')}
  0x000002858b0c25bc: 0841 81fb | 28e6 2b00 | 0f85 061a | 0000 488b 

  0x000002858b0c25cc: ;   {optimized virtual_call}
  0x000002858b0c25cc: d066 90e8 

  0x000002858b0c25d0: ; ImmutableOopMap {rbp=Oop }
                      ;*invokeinterface renderImmediately {reexecute=0 rethrow=0 return_oop=0}
                      ; - org.jetbrains.skiko.redrawer.Direct3DRedrawer::draw@592 (line 210)
  0x000002858b0c25d0: acc4 6dff 

  0x000002858b0c25d4: ;   {other}
  0x000002858b0c25d4: 0f1f 8400 | 441a 0018 | 448b 5c24 | 284c 8bcd | e9e6 ecff | ff48 33ff | 4c8b 9ea0 | 0000 0049 
  0x000002858b0c25f4: 8bd3 48c1 | e210 0f89 | 2100 0000 | f348 0fb8 | d248 8b5e | 2848 3b04 | d374 1549 | 0fba e330 
  0x000002858b0c2614: 730b 49c1 

  0x000002858b0c2618: ;   {runtime_call StubRoutines (compiler stubs)}
  0x000002858b0c2618: cb2f e8f8 | f778 ffeb | 0348 ffc7 | 4885 ff0f | 842e f5ff | ffba 45ff | ffff 4c8b | 9424 8800 
  0x000002858b0c2638: 0000 4c89 | 5424 204c | 8b54 2440 | 4c89 5424 | 384c 8b54 | 2448 4c89 | 5424 404c | 8b54 2450 
  0x000002858b0c2658: 4c89 5424 

  0x000002858b0c265c: ;   {runtime_call UncommonTrapBlob}
  0x000002858b0c265c: 4866 90e8 

  0x000002858b0c2660: ; ImmutableOopMap {rbp=Oop [32]=Oop [44]=NarrowOop [56]=Oop [64]=Oop [72]=Oop [144]=Oop }
                      ;*ifne {reexecute=1 rethrow=0 return_oop=0}
                      ; - (reexecute) kotlinx.coroutines.JobKt__JobKt::ensureActive@6 (line 585)
                      ; - kotlinx.coroutines.JobKt::ensureActive@1 (line 1)
                      ; - kotlinx.coroutines.JobKt__JobKt::ensureActive@19 (line 603)
                      ; - kotlinx.coroutines.JobKt::ensureActive@1 (line 1)
                      ; - kotlinx.coroutines.BuildersKt__Builders_commonKt::withContext@23 (line 485)
                      ; - kotlinx.coroutines.BuildersKt::withContext@3 (line 1)
                      ; - org.jetbrains.skiko.redrawer.Direct3DRedrawer::draw@400 (line 83)
  0x000002858b0c2660: 1c1d 6eff 

  0x000002858b0c2664: ;   {other}
  0x000002858b0c2664: 0f1f 8400 | d41a 0019 

  0x000002858b0c266c: ;   {metadata('kotlinx/coroutines/Job')}
  0x000002858b0c266c: 48b8 7899 | 1c00 0800 | 0000 4833 | ff4c 8b9e | a000 0000 | 498b d348 | c1e2 230f | 8921 0000 
  0x000002858b0c268c: 00f3 480f | b8d2 488b | 5e28 483b | 04d3 7415 | 490f bae3 | 1d73 0b49 

  0x000002858b0c26a4: ;   {runtime_call StubRoutines (compiler stubs)}
  0x000002858b0c26a4: c1cb 1ce8 | 6bf7 78ff | eb03 48ff | c748 85ff | 0f84 fdf7 | ffff bade | ffff ff48 | 8bac 2488 
  0x000002858b0c26c4: 0000 0044 | 8b54 242c | 4489 5424 | 204c 8b54 | 2440 4c89 | 5424 284c | 8944 2438 

  0x000002858b0c26e0: ;   {runtime_call UncommonTrapBlob}
  0x000002858b0c26e0: 6666 90e8 

  0x000002858b0c26e4: ; ImmutableOopMap {rbp=Oop [32]=NarrowOop [40]=Oop [56]=Oop [88]=Oop [144]=Oop }
                      ;*checkcast {reexecute=0 rethrow=0 return_oop=0}
                      ; - kotlinx.coroutines.AbstractCoroutine::<init>@23 (line 50)
                      ; - kotlinx.coroutines.internal.ScopeCoroutine::<init>@4 (line 11)
                      ; - kotlinx.coroutines.DispatchedCoroutine::<init>@3 (line 551)
                      ; - kotlinx.coroutines.BuildersKt__Builders_commonKt::withContext@170 (line 501)
                      ; - kotlinx.coroutines.BuildersKt::withContext@3 (line 1)
                      ; - org.jetbrains.skiko.redrawer.Direct3DRedrawer::draw@400 (line 83)
  0x000002858b0c26e4: 981c 6eff 

  0x000002858b0c26e8: ;   {other}
  0x000002858b0c26e8: 0f1f 8400 | 581b 001a 

  0x000002858b0c26f0: ;   {metadata('kotlinx/coroutines/InactiveNodeList')}
  0x000002858b0c26f0: 4181 f968 | 8d1f 000f | 8510 f8ff | ffba 45ff | ffff 488b | ac24 8800 | 0000 448b | 4c24 2c44 
  0x000002858b0c2710: 894c 2420 | 4c89 5c24 | 684c 895c | 2470 4489 

  0x000002858b0c2720: ;   {runtime_call UncommonTrapBlob}
  0x000002858b0c2720: 4424 24e8 

  0x000002858b0c2724: ; ImmutableOopMap {rbp=Oop [32]=NarrowOop [36]=NarrowOop [64]=Oop [80]=Oop [88]=Oop [104]=Oop [112]=Oop [144]=Oop }
                      ;*ifeq {reexecute=1 rethrow=0 return_oop=0}
                      ; - (reexecute) kotlinx.coroutines.JobSupport::startInternal@47 (line 397)
                      ; - kotlinx.coroutines.JobSupport::start@15 (line 378)
                      ; - kotlinx.coroutines.JobSupport::initParentJob@47 (line 147)
                      ; - kotlinx.coroutines.AbstractCoroutine::<init>@26 (line 50)
                      ; - kotlinx.coroutines.internal.ScopeCoroutine::<init>@4 (line 11)
                      ; - kotlinx.coroutines.DispatchedCoroutine::<init>@3 (line 551)
                      ; - kotlinx.coroutines.BuildersKt__Builders_commonKt::withContext@170 (line 501)
                      ; - kotlinx.coroutines.BuildersKt::withContext@3 (line 1)
                      ; - org.jetbrains.skiko.redrawer.Direct3DRedrawer::draw@400 (line 83)
  0x000002858b0c2724: 581c 6eff 

  0x000002858b0c2728: ;   {other}
  0x000002858b0c2728: 0f1f 8400 | 981b 001b | 33ed e990 | f1ff ff33 | dbe9 69f1 | ffff 438b | 6cd4 1485 | ed0f 847f 
  0x000002858b0c2748: f0ff ff45 | 8b5c ec0c | 4585 db0f | 8471 f0ff | ff4d 8d14 | ec49 8bd2 | 41b8 0100 | 0000 4c89 
  0x000002858b0c2768: ;   {optimized virtual_call}
  0x000002858b0c2768: 5424 40e8 

  0x000002858b0c276c: ; ImmutableOopMap {rbp=NarrowOop [32]=Oop [40]=NarrowOop [44]=NarrowOop [56]=Oop [64]=Oop }
                      ;*invokevirtual getAndUnsetStatus {reexecute=0 rethrow=0 return_oop=0}
                      ; - java.util.concurrent.locks.AbstractQueuedSynchronizer::signalNext@22
                      ; - java.util.concurrent.locks.AbstractQueuedSynchronizer::release@12
                      ; - java.util.concurrent.locks.ReentrantLock::unlock@5
                      ; - java.awt.EventQueue::isDispatchThreadImpl@78
                      ; - java.awt.EventQueue::isDispatchThread@5
                      ; - javax.swing.SwingUtilities::isEventDispatchThread@0
                      ; - org.jetbrains.skiko.redrawer.Direct3DRedrawer::draw@208 (line 193)
  0x000002858b0c276c: 10c3 6dff 

  0x000002858b0c2770: ;   {other}
  0x000002858b0c2770: 0f1f 8400 | e01b 001c | 458b 54ec | 1849 8bd2 | 48c1 e203 | 488b 6c24 

  0x000002858b0c2788: ;   {static_call}
  0x000002858b0c2788: 2066 90e8 

  0x000002858b0c278c: ; ImmutableOopMap {rbp=Oop [32]=Oop [40]=NarrowOop [44]=NarrowOop [56]=Oop }
                      ;*invokestatic unpark {reexecute=0 rethrow=0 return_oop=0}
                      ; - java.util.concurrent.locks.AbstractQueuedSynchronizer::signalNext@30
                      ; - java.util.concurrent.locks.AbstractQueuedSynchronizer::release@12
                      ; - java.util.concurrent.locks.ReentrantLock::unlock@5
                      ; - java.awt.EventQueue::isDispatchThreadImpl@78
                      ; - java.awt.EventQueue::isDispatchThread@5
                      ; - javax.swing.SwingUtilities::isEventDispatchThread@0
                      ; - org.jetbrains.skiko.redrawer.Direct3DRedrawer::draw@208 (line 193)
  0x000002858b0c278c: f0c8 6dff 

  0x000002858b0c2790: ;   {other}
  0x000002858b0c2790: 0f1f 8400 | 001c 001d | e92d f0ff | ff4d 85c0 | 0f85 86f5 | ffff bd01 | 0000 00e9 | 1a16 0000 
  0x000002858b0c27b0: 4833 ff4c | 8b9e a000 | 0000 498b | d348 c1e2 | 260f 8921 | 0000 00f3 | 480f b8d2 | 488b 5e28 
  0x000002858b0c27d0: 483b 04d3 | 7415 490f | bae3 1a73 | 0b49 c1cb 

  0x000002858b0c27e0: ;   {runtime_call StubRoutines (compiler stubs)}
  0x000002858b0c27e0: 19e8 31f6 | 78ff eb03 | 48ff c748 | 85ff 0f84 | 28fa ffff | 4180 7f40 | 000f 8570 

  0x000002858b0c27fc: ;   {oop(a 'java/lang/ClassCastException'{0x000000068ba2eb10})}
  0x000002858b0c27fc: 0c00 0049 | ba10 eba2 | 8b06 0000 | 0045 8962 | 1448 8b54 | 2440 4d8b | c248 8bac | 2488 0000 
  0x000002858b0c281c: ;   {static_call}
  0x000002858b0c281c: 0066 90e8 

  0x000002858b0c2820: ; ImmutableOopMap {rbp=Oop [44]=NarrowOop [48]=Oop [56]=Oop [64]=Oop [136]=Oop }
                      ;*invokestatic dispatcherFailure {reexecute=0 rethrow=0 return_oop=0}
                      ; - kotlinx.coroutines.intrinsics.CancellableKt::startCoroutineCancellable@40 (line 75)
                      ; - kotlinx.coroutines.BuildersKt__Builders_commonKt::withContext@183 (line 502)
                      ; - kotlinx.coroutines.BuildersKt::withContext@3 (line 1)
                      ; - org.jetbrains.skiko.redrawer.Direct3DRedrawer::draw@400 (line 83)
  0x000002858b0c2820: 5cc8 6dff 

  0x000002858b0c2824: ;   {other}
  0x000002858b0c2824: 0f1f 8400 | 941c 001e | e947 fcff | ff48 33ff | 4c8b 9ea0 | 0000 0049 | 8bd3 48c1 | e214 0f89 
  0x000002858b0c2844: 2100 0000 | f348 0fb8 | d248 8b5e | 2848 3b04 | d374 1549 | 0fba e32c | 730b 49c1 

  0x000002858b0c2860: ;   {runtime_call StubRoutines (compiler stubs)}
  0x000002858b0c2860: cb2b e8b0 | f578 ffeb | 0348 ffc7 | 4885 ff0f | 84c7 faff | ffba deff | ffff 488b | ac24 8800 
  0x000002858b0c2880: 0000 448b | 4424 2c44 | 8944 2420 | 4c8b 5c24 | 384c 895c | 2428 4c8b | 5c24 404c | 895c 2438 
  0x000002858b0c28a0: 4489 5424 

  0x000002858b0c28a4: ;   {runtime_call UncommonTrapBlob}
  0x000002858b0c28a4: 2466 90e8 

  0x000002858b0c28a8: ; ImmutableOopMap {rbp=Oop [32]=NarrowOop [36]=NarrowOop [40]=Oop [56]=Oop [64]=Oop }
                      ;*checkcast {reexecute=0 rethrow=0 return_oop=0}
                      ; - kotlinx.coroutines.internal.ThreadContextKt$$Lambda/0x00000008001cd410::invoke@2
                      ; - kotlin.coroutines.CombinedContext::fold@22 (line 133)
                      ; - kotlinx.coroutines.internal.ThreadContextKt::threadContextElements@8 (line 55)
                      ; - kotlinx.coroutines.internal.DispatchedContinuation::<init>@27 (line 22)
                      ; - kotlinx.coroutines.CoroutineDispatcher::interceptContinuation@6 (line 282)
                      ; - kotlin.coroutines.jvm.internal.ContinuationImpl::intercepted@35 (line 113)
                      ; - kotlin.coroutines.intrinsics.IntrinsicsKt__IntrinsicsJvmKt::intercepted@25 (line 182)
                      ; - kotlinx.coroutines.intrinsics.CancellableKt::startCoroutineCancellable@15 (line 26)
                      ; - kotlinx.coroutines.BuildersKt__Builders_commonKt::withContext@183 (line 502)
                      ; - kotlinx.coroutines.BuildersKt::withContext@3 (line 1)
                      ; - org.jetbrains.skiko.redrawer.Direct3DRedrawer::draw@400 (line 83)
  0x000002858b0c28a8: d41a 6eff 

  0x000002858b0c28ac: ;   {other}
  0x000002858b0c28ac: 0f1f 8400 | 1c1d 001f 

  0x000002858b0c28b4: ;   {oop(a 'kotlinx/coroutines/Job$Key'{0x000000068a480ad0})}
  0x000002858b0c28b4: 498b e849 | b8d0 0a48 | 8a06 0000 | 004c 8b94 | 2488 0000 | 004c 8954 | 2420 6666 | 9048 b860 
  0x000002858b0c28d4: aa1c 0008 

  0x000002858b0c28d8: ;   {virtual_call}
  0x000002858b0c28d8: 0000 00e8 

  0x000002858b0c28dc: ; ImmutableOopMap {[32]=Oop [40]=NarrowOop [44]=NarrowOop [48]=Oop [64]=Oop [72]=Oop [80]=Oop [136]=Oop [144]=Oop }
                      ;*invokeinterface get {reexecute=0 rethrow=0 return_oop=1}
                      ; - kotlin.coroutines.CombinedContext::get@55 (line 127)
                      ; - kotlinx.coroutines.JobKt__JobKt::ensureActive@7 (line 603)
                      ; - kotlinx.coroutines.JobKt::ensureActive@1 (line 1)
                      ; - kotlinx.coroutines.BuildersKt__Builders_commonKt::withContext@23 (line 485)
                      ; - kotlinx.coroutines.BuildersKt::withContext@3 (line 1)
                      ; - org.jetbrains.skiko.redrawer.Direct3DRedrawer::draw@400 (line 83)
  0x000002858b0c28dc: 40ff 6900 

  0x000002858b0c28e0: ;   {other}
  0x000002858b0c28e0: 0f1f 8400 | 501d 0020 | 4885 c00f | 84d3 1500 | 004c 8bc5 | e91c f2ff 

  0x000002858b0c28f8: ;   {oop(a 'kotlin/coroutines/ContinuationInterceptor$Key'{0x000000068a400a10})}
  0x000002858b0c28f8: ff49 b810 | 0a40 8a06 | 0000 0048 | 8bac 2488 | 0000 0066 | 9048 b8ff | ffff ffff 

  0x000002858b0c2914: ;   {virtual_call}
  0x000002858b0c2914: ffff ffe8 

  0x000002858b0c2918: ; ImmutableOopMap {rbp=Oop [40]=NarrowOop [44]=NarrowOop [48]=Oop [56]=Oop [64]=Oop [80]=Oop [136]=Oop [144]=Oop }
                      ;*invokeinterface get {reexecute=0 rethrow=0 return_oop=1}
                      ; - kotlin.coroutines.CombinedContext::get@55 (line 127)
                      ; - kotlinx.coroutines.BuildersKt__Builders_commonKt::withContext@64 (line 493)
                      ; - kotlinx.coroutines.BuildersKt::withContext@3 (line 1)
                      ; - org.jetbrains.skiko.redrawer.Direct3DRedrawer::draw@400 (line 83)
  0x000002858b0c2918: 64c4 6dff 

  0x000002858b0c291c: ;   {other}
  0x000002858b0c291c: 0f1f 8400 | 8c1d 0021 | 4889 4424 | 58e9 14f3 

  0x000002858b0c292c: ;   {oop(a 'kotlin/coroutines/ContinuationInterceptor$Key'{0x000000068a400a10})}
  0x000002858b0c292c: ffff 49b8 | 100a 408a | 0600 0000 | 488b ac24 | 8800 0000 | 9048 b8ff | ffff ffff 

  0x000002858b0c2948: ;   {virtual_call}
  0x000002858b0c2948: ffff ffe8 

  0x000002858b0c294c: ; ImmutableOopMap {rbp=Oop [40]=NarrowOop [44]=NarrowOop [48]=Oop [64]=Oop [80]=Oop [88]=Oop [136]=Oop [144]=Oop }
                      ;*invokeinterface get {reexecute=0 rethrow=0 return_oop=1}
                      ; - kotlin.coroutines.CombinedContext::get@55 (line 127)
                      ; - kotlinx.coroutines.BuildersKt__Builders_commonKt::withContext@77 (line 493)
                      ; - kotlinx.coroutines.BuildersKt::withContext@3 (line 1)
                      ; - org.jetbrains.skiko.redrawer.Direct3DRedrawer::draw@400 (line 83)
  0x000002858b0c294c: 30c4 6dff 

  0x000002858b0c2950: ;   {other}
  0x000002858b0c2950: 0f1f 8400 | c01d 0022 | 4c8b c0e9 | 90f3 ffff 

  0x000002858b0c2960: ;   {oop(a 'kotlinx/coroutines/Job$Key'{0x000000068a480ad0})}
  0x000002858b0c2960: 498b e949 | b8d0 0a48 | 8a06 0000 | 004c 8b94 | 2488 0000 | 004c 8954 | 2438 6666 | 9048 b860 
  0x000002858b0c2980: aa1c 0008 

  0x000002858b0c2984: ;   {virtual_call}
  0x000002858b0c2984: 0000 00e8 

  0x000002858b0c2988: ; ImmutableOopMap {[40]=NarrowOop [44]=NarrowOop [48]=Oop [56]=Oop [64]=Oop [80]=Oop [88]=Oop rbp=Derived_oop_[88] [136]=Oop [144]=Oop }
                      ;*invokeinterface get {reexecute=0 rethrow=0 return_oop=1}
                      ; - kotlin.coroutines.CombinedContext::get@55 (line 127)
                      ; - kotlinx.coroutines.AbstractCoroutine::<init>@18 (line 50)
                      ; - kotlinx.coroutines.internal.ScopeCoroutine::<init>@4 (line 11)
                      ; - kotlinx.coroutines.DispatchedCoroutine::<init>@3 (line 551)
                      ; - kotlinx.coroutines.BuildersKt__Builders_commonKt::withContext@170 (line 501)
                      ; - kotlinx.coroutines.BuildersKt::withContext@3 (line 1)
                      ; - org.jetbrains.skiko.redrawer.Direct3DRedrawer::draw@400 (line 83)
  0x000002858b0c2988: 94fe 6900 

  0x000002858b0c298c: ;   {other}
  0x000002858b0c298c: 0f1f 8400 | fc1d 0023 | 4c8b c048 | 85c0 0f85 | eff4 ffff | 4180 7f40 | 000f 8559 | 1500 004c 
  0x000002858b0c29ac: ;   {oop(a 'kotlinx/coroutines/NonDisposableHandle'{0x000000068a45e708})}
  0x000002858b0c29ac: 8bc5 41c7 | 00e1 bc48 | d14d 8bd0 

  0x000002858b0c29b8: ;   {oop(a 'kotlinx/coroutines/NonDisposableHandle'{0x000000068a45e708})}
  0x000002858b0c29b8: 49bb 08e7 | 458a 0600 | 0000 4d33 | da49 c1eb | 164d 85db | 741a 49c1 | ea09 48b9 | 0000 eb8e 
  0x000002858b0c29d8: 8502 0000 | 4903 ca80 | 3902 0f85 | 5515 0000 | f083 4424 | c000 4c8b | 4424 58e9 | a8f5 ffff 
  0x000002858b0c29f8: ;   {oop(a 'kotlin/coroutines/ContinuationInterceptor$Key'{0x000000068a400a10})}
  0x000002858b0c29f8: 49b8 100a | 408a 0600 | 0000 488b | ac24 8800 | 0000 6666 | 9048 b8ff | ffff ffff 

  0x000002858b0c2a14: ;   {virtual_call}
  0x000002858b0c2a14: ffff ffe8 

  0x000002858b0c2a18: ; ImmutableOopMap {rbp=Oop [44]=NarrowOop [48]=Oop [56]=Oop [64]=Oop [72]=Oop [136]=Oop }
                      ;*invokeinterface get {reexecute=0 rethrow=0 return_oop=1}
                      ; - kotlin.coroutines.CombinedContext::get@55 (line 127)
                      ; - kotlin.coroutines.jvm.internal.ContinuationImpl::intercepted@19 (line 113)
                      ; - kotlin.coroutines.intrinsics.IntrinsicsKt__IntrinsicsJvmKt::intercepted@25 (line 182)
                      ; - kotlinx.coroutines.intrinsics.CancellableKt::startCoroutineCancellable@15 (line 26)
                      ; - kotlinx.coroutines.BuildersKt__Builders_commonKt::withContext@183 (line 502)
                      ; - kotlinx.coroutines.BuildersKt::withContext@3 (line 1)
                      ; - org.jetbrains.skiko.redrawer.Direct3DRedrawer::draw@400 (line 83)
  0x000002858b0c2a18: 64c3 6dff 

  0x000002858b0c2a1c: ;   {other}
  0x000002858b0c2a1c: 0f1f 8400 | 8c1e 0024 | 4c8b c848 | 85c0 0f84 | 6801 0000 | e9bf f7ff | ff44 8b5c | 2428 4c8b 
  0x000002858b0c2a3c: cde9 8de8 | ffff 488b | 7424 3844 | 8b5e 0c45 | 85db 0f84 | 9be9 ffff | 4d8b 5728 | 498b cb48 
  0x000002858b0c2a5c: c1e1 034d | 85d2 0f84 | 150e 0000 | 4d8b 5f38 | 4b89 4c13 | f849 83c2 | f84d 8957 | 28e9 71e9 
  0x000002858b0c2a7c: ffff 448b | 5e10 4585 | db0f 84b2 | e9ff ff4d | 8b57 2849 | 8bcb 48c1 | e103 4d85 | d20f 84c1 
  0x000002858b0c2a9c: 0d00 004d | 8b5f 384b | 894c 13f8 | 4983 c2f8 | 4d89 5728 | e988 e9ff | ff4d 8b57 | 584d 8b5f 
  0x000002858b0c2abc: 48f0 8344 | 24c0 0080 | 3900 0f84 | 66e9 ffff | 4488 214d | 85db 751d | 498b d749 | ba60 0581 
  0x000002858b0c2adc: 73fe 7f00 | 0041 ffd2 

  0x000002858b0c2ae4: ;   {other}
  0x000002858b0c2ae4: 0f1f 8400 | 0000 0000 | e941 e9ff | ff4b 894c | 1af8 4983 | c3f8 4d89 | 5f48 e92f | e9ff ff4d 
  0x000002858b0c2b04: 8b57 584d | 8b5f 48f0 | 8344 24c0 | 0080 3900 | 0f84 57e9 | ffff 4488 | 214d 85db | 751d 498b 
  0x000002858b0c2b24: d749 ba60 | 0581 73fe | 7f00 0041 

  0x000002858b0c2b30: ;   {other}
  0x000002858b0c2b30: ffd2 0f1f | 8400 0000 | 0000 e932 | e9ff ff4b | 894c 1af8 | 4983 c3f8 | 4d89 5f48 | e920 e9ff 
  0x000002858b0c2b50: ;   {metadata('kotlin/coroutines/EmptyCoroutineContext')}
  0x000002858b0c2b50: ff81 f950 | 881c 000f | 85b4 1400 | 004c 8944 | 2448 4c89 | 5424 404c | 894c 2438 

  0x000002858b0c2b6c: ;   {oop("key"{0x000000068a2b3ce8})}
  0x000002858b0c2b6c: 49b8 e83c | 2b8a 0600 

  0x000002858b0c2b74: ;   {oop(a 'kotlin/coroutines/ContinuationInterceptor$Key'{0x000000068a400a10})}
  0x000002858b0c2b74: 0000 48ba | 100a 408a | 0600 0000 | 488b ac24 | 8800 0000 

  0x000002858b0c2b88: ;   {static_call}
  0x000002858b0c2b88: 6666 90e8 

  0x000002858b0c2b8c: ; ImmutableOopMap {rbp=Oop [44]=NarrowOop [48]=Oop [56]=Oop [64]=Oop [72]=Oop [136]=Oop }
                      ;*invokestatic checkNotNullParameter {reexecute=0 rethrow=0 return_oop=0}
                      ; - kotlin.coroutines.EmptyCoroutineContext::get@3
                      ; - kotlin.coroutines.jvm.internal.ContinuationImpl::intercepted@19 (line 113)
                      ; - kotlin.coroutines.intrinsics.IntrinsicsKt__IntrinsicsJvmKt::intercepted@25 (line 182)
                      ; - kotlinx.coroutines.intrinsics.CancellableKt::startCoroutineCancellable@15 (line 26)
                      ; - kotlinx.coroutines.BuildersKt__Builders_commonKt::withContext@183 (line 502)
                      ; - kotlinx.coroutines.BuildersKt::withContext@3 (line 1)
                      ; - org.jetbrains.skiko.redrawer.Direct3DRedrawer::draw@400 (line 83)
  0x000002858b0c2b8c: f0c4 6dff 

  0x000002858b0c2b90: ;   {other}
  0x000002858b0c2b90: 0f1f 8400 | 0020 0025 | 488b 5c24 | 48e9 5df8 | ffff 488b | 5c24 3844 | 8b5b 3045 | 85db 0f84 
  0x000002858b0c2bb0: 5ced ffff | 4d8b 4f28 | 498b cb48 | c1e1 034d | 85c9 0f84 | f30e 0000 | 4d8b 5f38 | 4b89 4c0b 
  0x000002858b0c2bd0: f849 83c1 | f84d 894f | 28e9 32ed | ffff 8b4b | 3885 c90f | 84a7 edff | ff49 8b7f | 2848 c1e1 
  0x000002858b0c2bf0: 0348 85ff | 0f84 800e | 0000 498b | 7738 4889 | 4c3e f848 | 83c7 f849 | 897f 28e9 | 80ed ffff 
  0x000002858b0c2c10: 8b4b 3485 | c90f 843a | edff ff49 | 8b7f 2848 | c1e1 0348 | 85ff 0f84 | cc0d 0000 | 498b 7738 
  0x000002858b0c2c30: 4889 4c3e | f848 83c7 | f849 897f | 28e9 13ed | ffff 8b4b | 3c85 c90f | 844e edff | ff49 8b7f 
  0x000002858b0c2c50: 2848 c1e1 | 0348 85ff | 0f84 db0d | 0000 498b | 7738 4889 | 4c3e f848 | 83c7 f849 | 897f 28e9 
  0x000002858b0c2c70: 27ed ffff | 4c89 4424 | 58e9 44f1 | ffff 458b | 580c 4585 | db0f 84f3 | f0ff ff4d 

  0x000002858b0c2c8c: ;   {no_reloc}
  0x000002858b0c2c8c: 8b57 2849 | 8bcb 48c1 | e103 4d85 | d20f 844b | 0e00 004d | 8b5f 384b | 894c 13f8 | 4983 c2f8 
  0x000002858b0c2cac: 4d89 5728 | e9c9 f0ff | ff4c 8b54 | 2438 458b | 4a14 4585 | c90f 842d | f3ff ff4d | 8b47 2849 
  0x000002858b0c2ccc: 8bc9 48c1 | e103 4d85 | c00f 845e | 0e00 004d | 8b4f 384b | 894c 01f8 | 4983 c0f8 | 4d89 4728 
  0x000002858b0c2cec: e903 f3ff | ff41 8b4a | 1885 c90f | 845b f3ff | ff4d 8b47 | 2848 c1e1 | 034d 85c0 | 0f84 ff0d 
  0x000002858b0c2d0c: 0000 458b | eb44 8bf2 | 498b ea48 | 8bf7 498b | f94d 8b57 | 384b 894c | 02f8 4983 | c0f8 4d89 
  0x000002858b0c2d2c: 4728 4c8b | cf48 8bfe | 4c8b d541 | 8bd6 458b | dde9 16f3 | ffff 4c8b | cd44 8b5d | 0045 85db 
  0x000002858b0c2d4c: 0f84 eff1 | ffff 4d8b | 5728 498b | cb48 c1e1 | 034d 85d2 | 0f84 fc0d | 0000 488b | fd4d 8b5f 
  0x000002858b0c2d6c: 384b 894c | 13f8 4983 | c2f8 4d89 | 5728 4c8b | cfe9 bff1 | ffff 458b | 54dc 0c45 | 85d2 0f84 
  0x000002858b0c2d8c: ;   {no_reloc}
  0x000002858b0c2d8c: 5de9 ffff | 4d8b 5f28 | 498b ca48 | c1e1 034d | 85db 0f84 | de0d 0000 | 4d8b 5738 | 4b89 4c1a 
  0x000002858b0c2dac: f849 83c3 | f84d 895f | 28e9 33e9 | ffff 458b | 5cdc 0c45 | 85db 0f84 | d7e9 ffff | 4d8b 5728 
  0x000002858b0c2dcc: 498b cb48 | c1e1 034d | 85d2 0f84 | cf0d 0000 | 4d8b 5f38 | 4b89 4c13 | f849 83c2 | f84d 8957 
  0x000002858b0c2dec: 28e9 ade9 | ffff 498b | 7f48 498b | 7758 f083 | 4424 c000 | 8039 000f | 8441 ebff | ff44 8821 
  0x000002858b0c2e0c: 4885 ff75 | 404c 8bf2 | 4d8b e841 | 8bea 488b | fb49 8bd9 | 498b d749 | ba60 0581 | 73fe 7f00 
  0x000002858b0c2e2c: 0041 ffd2 

  0x000002858b0c2e30: ;   {other}
  0x000002858b0c2e30: 0f1f 8400 | 0000 0000 | 4c8b cb44 | 8b5c 2428 | 488b df44 | 8bd5 4d8b | c549 8bd6 | e9f9 eaff 
  0x000002858b0c2e50: ff48 894c | 3ef8 4883 | c7f8 4989 | 7f48 e9e7 | eaff ff4d | 8b5f 484d | 8b4f 58f0 | 8344 24c0 
  0x000002858b0c2e70: 0080 3900 | 0f84 7eea | ffff 4488 | 214d 85db | 752f 4c8b | ea49 8bf8 | 418b f249 | 8bd7 49ba 
  0x000002858b0c2e90: 6005 8173 | fe7f 0000 

  0x000002858b0c2e98: ;   {other}
  0x000002858b0c2e98: 41ff d20f | 1f84 0000 | 0000 0044 | 8bd6 4c8b | c749 8bd5 | e947 eaff | ff4b 894c | 19f8 4983 
  0x000002858b0c2eb8: c3f8 4d89 | 5f48 e935 | eaff ff49 | 8b7f 4849 | 8b77 58f0 | 8344 24c0 | 0080 3900 | 0f84 abea 
  0x000002858b0c2ed8: ffff 4488 | 2148 85ff | 7541 4c8b | f24d 8be8 | 418b ea48 | 8bfb 418b | f349 8bd9 | 498b d749 
  0x000002858b0c2ef8: ba60 0581 | 73fe 7f00 | 0041 ffd2 

  0x000002858b0c2f04: ;   {other}
  0x000002858b0c2f04: 0f1f 8400 | 0000 0000 | 4c8b cb44 | 8bde 488b | df44 8bd5 | 4d8b c549 | 8bd6 e962 | eaff ff48 
  0x000002858b0c2f24: 894c 3ef8 | 4883 c7f8 | 4989 7f48 | e950 eaff | ff4d 8b57 | 584d 8b5f | 48f0 8344 | 24c0 0080 
  0x000002858b0c2f44: 3900 0f84 | 71ee ffff | 4488 214d | 85db 7523 | 498b d849 | 8bd7 49ba | 6005 8173 | fe7f 0000 
  0x000002858b0c2f64: ;   {other}
  0x000002858b0c2f64: 41ff d20f | 1f84 0000 | 0000 004c | 8bc3 e946 | eeff ff4b | 894c 1af8 | 4983 c3f8 | 4d89 5f48 
  0x000002858b0c2f84: e934 eeff | ff45 8beb | 448b f249 | 8bea 488b | f749 8bf9 | 4d8b 5758 | 4d8b 5f48 | f083 4424 
  0x000002858b0c2fa4: c000 8039 | 0074 2f44 | 8821 4d85 | db74 0f4b | 894c 1af8 | 4983 c3f8 | 4d89 5f48 | eb18 498b 
  0x000002858b0c2fc4: d749 ba60 | 0581 73fe | 7f00 0041 

  0x000002858b0c2fd0: ;   {other}
  0x000002858b0c2fd0: ffd2 0f1f | 8400 0000 | 0000 4c8b | cf48 8bfe | 4c8b d541 | 8bd6 458b | dde9 5ff0 | ffff 4d8b 
  0x000002858b0c2ff0: 4758 498b | 5f48 f083 | 4424 c000 | 8039 000f | 8483 f0ff | ff44 8821 | 4885 db75 | 3345 8bf3 
  0x000002858b0c3010: 8bea 498b | f249 8bd9 | 498b d749 | ba60 0581 | 73fe 7f00 | 0041 ffd2 

  0x000002858b0c3028: ;   {other}
  0x000002858b0c3028: 0f1f 8400 | 0000 0000 | 4c8b cb4c | 8bd6 8bd5 | 458b dee9 | 48f0 ffff | 4989 4c18 | f848 83c3 
  0x000002858b0c3048: f849 895f | 48e9 36f0 | ffff 4d8b | 5f48 4d8b | 4f58 f083 | 4424 c000 | 8039 000f | 84bc e6ff 
  0x000002858b0c3068: ff44 8821 | 4d85 db75 | 2649 8bf8 | 498b d749 | ba60 0581 | 73fe 7f00 | 0041 ffd2 

  0x000002858b0c3084: ;   {other}
  0x000002858b0c3084: 0f1f 8400 | 0000 0000 | 4c8b d54c | 8bc7 e98e | e6ff ff4b | 894c 19f8 | 4983 c3f8 | 4d89 5f48 
  0x000002858b0c30a4: e97c e6ff | ff4d 8b5f | 4849 8b5f | 58f0 8344 | 24c0 0080 | 3900 0f84 | 5cf0 ffff | 4488 214d 
  0x000002858b0c30c4: 85db 752f | 498b f049 | 8bfa 498b | d949 8bd7 | 49ba 6005 | 8173 fe7f | 0000 41ff 

  0x000002858b0c30e0: ;   {other}
  0x000002858b0c30e0: d20f 1f84 | 0000 0000 | 004c 8bcb | 4c8b d74c | 8bc6 e925 | f0ff ff4a | 894c 1bf8 | 4983 c3f8 
  0x000002858b0c3100: 4d89 5f48 | e913 f0ff | ff4d 8b5f | 584d 8b47 | 48f0 8344 | 24c0 0080 | 3900 0f84 | 5fee ffff 
  0x000002858b0c3120: 4488 214d | 85c0 7520 | 498b d749 | ba60 0581 | 73fe 7f00 | 0041 ffd2 

  0x000002858b0c3138: ;   {other}
  0x000002858b0c3138: 0f1f 8400 | 0000 0000 | 4c8b d3e9 | 37ee ffff | 4b89 4c03 | f849 83c0 | f84d 8947 | 48e9 25ee 
  0x000002858b0c3158: ffff 4c8b | 4424 4845 | 8b50 1445 | 85d2 0f84 | a3f2 ffff | 4d8b 5f28 | 498b ca48 | c1e1 034d 
  0x000002858b0c3178: 85db 0f84 | bc0c 0000 | 4d8b 5738 | 4b89 4c1a | f849 83c3 | f84d 895f | 28e9 79f2 | ffff 4d8b 
  0x000002858b0c3198: 5758 4d8b | 5f48 f083 | 4424 c000 | 4180 3800 | 0f84 94f2 | ffff 4588 | 204d 85db | 7520 498b 
  0x000002858b0c31b8: c849 8bd7 | 49ba 6005 | 8173 fe7f | 0000 41ff 

  0x000002858b0c31c8: ;   {other}
  0x000002858b0c31c8: d20f 1f84 | 0000 0000 | 00e9 6cf2 | ffff 4f89 | 441a f849 | 83c3 f84d | 895f 48e9 | 5af2 ffff 
  0x000002858b0c31e8: 488b 5c24 | 5044 8b53 | 2845 85d2 | 0f84 cef1 | ffff 4d8b | 4728 498b | ca48 c1e1 | 034d 85c0 
  0x000002858b0c3208: 0f84 560c | 0000 4d8b | 5738 4b89 | 4c02 f849 | 83c0 f84d | 8947 28e9 | a4f1 ffff | 4d8b 5758 
  0x000002858b0c3228: 4d8b 5f48 | f083 4424 | c000 8039 | 000f 84c4 | f1ff ff44 | 8821 4d85 | db75 1d49 | 8bd7 49ba 
  0x000002858b0c3248: 6005 8173 | fe7f 0000 

  0x000002858b0c3250: ;   {other}
  0x000002858b0c3250: 41ff d20f | 1f84 0000 | 0000 00e9 | 9ff1 ffff | 4b89 4c1a | f849 83c3 | f84d 895f | 48e9 8df1 
  0x000002858b0c3270: ffff 4533 | d2e9 30e5 | ffff 458b | 54dc 0c4d | 8bda 49c1 | e303 4c8b | d54c 3bdd | 0f84 6c02 
  0x000002858b0c3290: 0000 4c89 | 4424 3049 | 8bd1 41b8 | 0100 0000 

  0x000002858b0c32a0: ;   {optimized virtual_call}
  0x000002858b0c32a0: 6666 90e8 

  0x000002858b0c32a4: ; ImmutableOopMap {rbp=Oop [32]=Oop [40]=NarrowOop [44]=NarrowOop [48]=Oop [56]=Oop }
                      ;*invokevirtual acquire {reexecute=0 rethrow=0 return_oop=0}
                      ; - java.util.concurrent.locks.ReentrantLock$Sync::lock@9
                      ; - java.util.concurrent.locks.ReentrantLock::lock@4
                      ; - java.awt.EventQueue::isDispatchThreadImpl@6
                      ; - java.awt.EventQueue::isDispatchThread@5
                      ; - javax.swing.SwingUtilities::isEventDispatchThread@0
                      ; - org.jetbrains.skiko.redrawer.Direct3DRedrawer::draw@208 (line 193)
  0x000002858b0c32a4: d8b7 6dff 

  0x000002858b0c32a8: ;   {other}
  0x000002858b0c32a8: 0f1f 8400 | 1827 0026 | 4c8b d54c | 8b44 2430 | e968 e4ff | ff41 83fa | 020f 8581 | 0d00 0048 
  0x000002858b0c32c8: 8b54 2440 | 488b ac24 | 8800 0000 

  0x000002858b0c32d4: ;   {optimized virtual_call}
  0x000002858b0c32d4: 6666 90e8 

  0x000002858b0c32d8: ; ImmutableOopMap {rbp=Oop [44]=NarrowOop [48]=Oop [56]=Oop [136]=Oop }
                      ;*invokevirtual getState$kotlinx_coroutines_core {reexecute=0 rethrow=0 return_oop=1}
                      ; - kotlinx.coroutines.DispatchedCoroutine::getResult$kotlinx_coroutines_core@12 (line 594)
                      ; - kotlinx.coroutines.BuildersKt__Builders_commonKt::withContext@188 (line 503)
                      ; - kotlinx.coroutines.BuildersKt::withContext@3 (line 1)
                      ; - org.jetbrains.skiko.redrawer.Direct3DRedrawer::draw@400 (line 83)
  0x000002858b0c32d8: 64fb 6e00 

  0x000002858b0c32dc: ;   {other}
  0x000002858b0c32dc: 0f1f 8400 | 4c27 0027 

  0x000002858b0c32e4: ;   {static_call}
  0x000002858b0c32e4: 488b d0e8 

  0x000002858b0c32e8: ; ImmutableOopMap {rbp=Oop [44]=NarrowOop [48]=Oop [56]=Oop [136]=Oop }
                      ;*invokestatic unboxState {reexecute=0 rethrow=0 return_oop=1}
                      ; - kotlinx.coroutines.DispatchedCoroutine::getResult$kotlinx_coroutines_core@15 (line 594)
                      ; - kotlinx.coroutines.BuildersKt__Builders_commonKt::withContext@188 (line 503)
                      ; - kotlinx.coroutines.BuildersKt::withContext@3 (line 1)
                      ; - org.jetbrains.skiko.redrawer.Direct3DRedrawer::draw@400 (line 83)
  0x000002858b0c32e8: 5916 0000 

  0x000002858b0c32ec: ;   {other}
  0x000002858b0c32ec: 0f1f 8400 | 5c27 0028 

  0x000002858b0c32f4: ; implicit exception: dispatches to 0x000002858b0c483b
  0x000002858b0c32f4: 448b 5008 

  0x000002858b0c32f8: ;   {metadata('kotlinx/coroutines/CompletedExceptionally')}
  0x000002858b0c32f8: 49bb e813 | 1d00 0800 | 0000 49b8 | 0000 0000 | 0800 0000 | 4d03 c24d | 8b50 384d | 3bd3 0f85 
  0x000002858b0c3318: c401 0000 | 448b 5810 | 4585 db0f | 8443 0d00 | 004b 8d04 | dc44 8b58 | 0849 b800 | 0000 0008 
  0x000002858b0c3338: 0000 004d | 03c3 4d8b 

  0x000002858b0c3340: ;   {metadata('java/util/concurrent/CancellationException')}
  0x000002858b0c3340: 5058 49bb | 90d8 1800 | 0800 0000 | 4d3b d30f | 855b 0100 | 004c 8b94 | 2488 0000 | 0045 33db 
  0x000002858b0c3360: 4d8b cae9 | 67df ffff | 4889 6c24 | 308b ea4c | 895c 2428 | 4c89 4424 

  0x000002858b0c3378: ;   {metadata('org/jetbrains/skiko/redrawer/Direct3DRedrawer$draw$1')}
  0x000002858b0c3378: 2048 ba48 | 446d 0008 

  0x000002858b0c3380: ;   {runtime_call _new_instance_Java}
  0x000002858b0c3380: 0000 00e8 

  0x000002858b0c3384: ; ImmutableOopMap {rbp=NarrowOop [32]=Oop [40]=Oop [48]=Oop }
                      ;*new {reexecute=0 rethrow=0 return_oop=1}
                      ; - org.jetbrains.skiko.redrawer.Direct3DRedrawer::draw@41
  0x000002858b0c3384: f800 7aff 

  0x000002858b0c3388: ;   {other}
  0x000002858b0c3388: 0f1f 8400 | f827 0029 | 8bd5 4c8b | c8e9 19e0 | ffff 4889 | 5424 3041 

  0x000002858b0c33a0: ;   {metadata('org/jetbrains/skiko/LayerDrawScope')}
  0x000002858b0c33a0: 8bea 48ba | 083f 2500 | 0800 0000 

  0x000002858b0c33ac: ;   {runtime_call _new_instance_Java}
  0x000002858b0c33ac: 6666 90e8 

  0x000002858b0c33b0: ; ImmutableOopMap {rbp=NarrowOop [32]=Oop [40]=NarrowOop [48]=Oop [56]=Oop }
                      ;*new {reexecute=0 rethrow=0 return_oop=1}
                      ; - org.jetbrains.skiko.SkiaLayer::createDrawScope@0 (line 648)
                      ; - org.jetbrains.skiko.SkiaLayer::access$createDrawScope@1 (line 30)
                      ; - org.jetbrains.skiko.redrawer.Direct3DRedrawer::draw@290 (line 197)
  0x000002858b0c33b0: cc00 7aff 

  0x000002858b0c33b4: ;   {other}
  0x000002858b0c33b4: 0f1f 8400 | 2428 002a | 448b d54c | 8bc0 488b | 5424 30e9 | 6be4 ffff 

  0x000002858b0c33cc: ;   {metadata('kotlinx/coroutines/DispatchedCoroutine')}
  0x000002858b0c33cc: 48ba d83c | 1e00 0800 | 0000 488b | ac24 8800 

  0x000002858b0c33dc: ;   {runtime_call _new_instance_Java}
  0x000002858b0c33dc: 0000 90e8 

  0x000002858b0c33e0: ; ImmutableOopMap {rbp=Oop [40]=NarrowOop [44]=NarrowOop [48]=Oop [64]=Oop [80]=Oop [136]=Oop [144]=Oop }
                      ;*new {reexecute=0 rethrow=0 return_oop=1}
                      ; - kotlinx.coroutines.BuildersKt__Builders_commonKt::withContext@163 (line 501)
                      ; - kotlinx.coroutines.BuildersKt::withContext@3 (line 1)
                      ; - org.jetbrains.skiko.redrawer.Direct3DRedrawer::draw@400 (line 83)
  0x000002858b0c33e0: 9c00 7aff 

  0x000002858b0c33e4: ;   {other}
  0x000002858b0c33e4: 0f1f 8400 | 5428 002b | e97f e9ff | ff44 895c | 244c 8954 | 2448 4c89 | 5424 404c | 894c 2438 
  0x000002858b0c3404: ;   {metadata('org/jetbrains/skiko/redrawer/Direct3DRedrawer$draw$2$1')}
  0x000002858b0c3404: 48ba 6852 | 6d00 0800 | 0000 488b | ef4c 8b94 | 2488 0000 | 004c 8954 

  0x000002858b0c341c: ;   {runtime_call _new_instance_Java}
  0x000002858b0c341c: 2450 90e8 

  0x000002858b0c3420: ; ImmutableOopMap {rbp=Oop [40]=NarrowOop [44]=NarrowOop [48]=Oop [56]=Oop [64]=Oop [72]=NarrowOop [76]=NarrowOop [80]=Oop [136]=Oop }
                      ;*new {reexecute=0 rethrow=0 return_oop=1}
                      ; - org.jetbrains.skiko.redrawer.Direct3DRedrawer$draw$2$1::create@0
                      ; - kotlin.coroutines.intrinsics.IntrinsicsKt__IntrinsicsJvmKt::createCoroutineUnintercepted@30 (line 163)
                      ; - kotlinx.coroutines.intrinsics.CancellableKt::startCoroutineCancellable@12 (line 26)
                      ; - kotlinx.coroutines.BuildersKt__Builders_commonKt::withContext@183 (line 502)
                      ; - kotlinx.coroutines.BuildersKt::withContext@3 (line 1)
                      ; - org.jetbrains.skiko.redrawer.Direct3DRedrawer::draw@400 (line 83)
  0x000002858b0c3420: 5c00 7aff 

  0x000002858b0c3424: ;   {other}
  0x000002858b0c3424: 0f1f 8400 | 9428 002c | 4c8b 4c24 | 384c 8b54 | 2440 8b54 | 2448 448b | 5c24 4c4c | 8bc0 e989 
  0x000002858b0c3444: ecff ff49 

  0x000002858b0c3448: ;   {metadata('kotlinx/coroutines/internal/DispatchedContinuation')}
  0x000002858b0c3448: 8be9 48ba | 18f9 1c00 | 0800 0000 

  0x000002858b0c3454: ;   {runtime_call _new_instance_Java}
  0x000002858b0c3454: 6666 90e8 

  0x000002858b0c3458: ; ImmutableOopMap {rbp=Oop [44]=NarrowOop [48]=Oop [56]=Oop [64]=Oop [72]=Oop [136]=Oop }
                      ;*new {reexecute=0 rethrow=0 return_oop=1}
                      ; - kotlinx.coroutines.CoroutineDispatcher::interceptContinuation@0 (line 282)
                      ; - kotlin.coroutines.jvm.internal.ContinuationImpl::intercepted@35 (line 113)
                      ; - kotlin.coroutines.intrinsics.IntrinsicsKt__IntrinsicsJvmKt::intercepted@25 (line 182)
                      ; - kotlinx.coroutines.intrinsics.CancellableKt::startCoroutineCancellable@15 (line 26)
                      ; - kotlinx.coroutines.BuildersKt__Builders_commonKt::withContext@183 (line 502)
                      ; - kotlinx.coroutines.BuildersKt::withContext@3 (line 1)
                      ; - org.jetbrains.skiko.redrawer.Direct3DRedrawer::draw@400 (line 83)
  0x000002858b0c3458: 2400 7aff 

  0x000002858b0c345c: ;   {other}
  0x000002858b0c345c: 0f1f 8400 | cc28 002d | 4c8b cd4c | 8bd0 e91e 

  0x000002858b0c346c: ;   {oop(a 'java/lang/ClassCastException'{0x000000068ba2eb10})}
  0x000002858b0c346c: eeff ff49 | ba10 eba2 | 8b06 0000 | 0045 8b5a | 1445 85db | 0f84 79f3 | ffff 4d8b | 5728 498b 
  0x000002858b0c348c: cb48 c1e1 | 034d 85d2 | 0f84 5a0b | 0000 4d8b | 5f38 4b89 | 4c13 f849 | 83c2 f84d | 8957 28e9 
  0x000002858b0c34ac: 4ff3 ffff | 4d8b 5050 

  0x000002858b0c34b4: ;   {metadata('org/jetbrains/skiko/RenderException')}
  0x000002858b0c34b4: 49bb 0000 | 2500 0800 | 0000 4d3b | d375 5c48 | 8944 2438 | 4c8b 9424 | 8800 0000 | 4c8b 4424 
  0x000002858b0c34d4: 3045 33db | 4d8b cae9 | f0ef ffff 

  0x000002858b0c34e0: ;   {oop(a 'kotlin/coroutines/intrinsics/CoroutineSingletons'{0x000000068a401ce8})}
  0x000002858b0c34e0: 49ba e81c | 408a 0600 | 0000 493b | c20f 84b6 | efff ff45 | 33db 4c8b | cde9 d1dd | ffff 458b 
  0x000002858b0c3500: 5cdc 1041 | ffc3 4585 | db0f 8c99 | 0b00 0045 | 895c dc10 | f083 4424 | c000 e906 | e2ff ff48 
  0x000002858b0c3520: 8bd0 e917 | deff ffba | 45ff ffff | 498b eb44 | 8954 2420 | 4889 7424 | 2844 894c 

  0x000002858b0c353c: ;   {runtime_call UncommonTrapBlob}
  0x000002858b0c353c: 2424 90e8 

  0x000002858b0c3540: ; ImmutableOopMap {rbp=Oop [32]=NarrowOop [40]=Oop }
                      ;*tableswitch {reexecute=1 rethrow=0 return_oop=0}
                      ; - (reexecute) org.jetbrains.skiko.redrawer.Direct3DRedrawer::draw@69 (line 81)
  0x000002858b0c3540: 3c0e 6eff 

  0x000002858b0c3544: ;   {other}
  0x000002858b0c3544: 0f1f 8400 | b429 002e | bade ffff | ff41 8beb | 4489 5424 | 2048 8974 | 2428 4489 

  0x000002858b0c3560: ;   {runtime_call UncommonTrapBlob}
  0x000002858b0c3560: 4c24 24e8 

  0x000002858b0c3564: ; ImmutableOopMap {[32]=NarrowOop [36]=NarrowOop [40]=Oop }
                      ;*checkcast {reexecute=0 rethrow=0 return_oop=0}
                      ; - org.jetbrains.skiko.redrawer.Direct3DRedrawer::draw@451 (line 81)
  0x000002858b0c3564: 180e 6eff 

  0x000002858b0c3568: ;   {other}
  0x000002858b0c3568: 0f1f 8400 | d829 002f | bade ffff | ff41 8beb | 4489 5424 | 2048 8974 | 2428 4489 

  0x000002858b0c3584: ;   {runtime_call UncommonTrapBlob}
  0x000002858b0c3584: 4c24 24e8 

  0x000002858b0c3588: ; ImmutableOopMap {[32]=NarrowOop [36]=NarrowOop [40]=Oop }
                      ;*checkcast {reexecute=0 rethrow=0 return_oop=0}
                      ; - org.jetbrains.skiko.redrawer.Direct3DRedrawer::draw@461 (line 81)
  0x000002858b0c3588: f40d 6eff 

  0x000002858b0c358c: ;   {other}
  0x000002858b0c358c: 0f1f 8400 | fc29 0030 | bade ffff | ff41 8bea 

  0x000002858b0c359c: ;   {runtime_call UncommonTrapBlob}
  0x000002858b0c359c: 6666 90e8 

  0x000002858b0c35a0: ; ImmutableOopMap {rbp=NarrowOop }
                      ;*invokeinterface afterFrameRender {reexecute=0 rethrow=0 return_oop=0}
                      ; - org.jetbrains.skiko.redrawer.Direct3DRedrawer::draw@639 (line 217)
  0x000002858b0c35a0: dc0d 6eff 

  0x000002858b0c35a4: ;   {other}
  0x000002858b0c35a4: 0f1f 8400 | 142a 0031 | baf6 ffff | ff49 8beb | 4889 7424 

  0x000002858b0c35b8: ;   {runtime_call UncommonTrapBlob}
  0x000002858b0c35b8: 2066 90e8 

  0x000002858b0c35bc: ; ImmutableOopMap {rbp=Oop [32]=Oop }
                      ;*athrow {reexecute=1 rethrow=0 return_oop=0}
                      ; - (reexecute) kotlin.ResultKt::throwOnFailure@14 (line 132)
                      ; - org.jetbrains.skiko.redrawer.Direct3DRedrawer::draw@94 (line 81)
  0x000002858b0c35bc: c00d 6eff 

  0x000002858b0c35c0: ;   {other}
  0x000002858b0c35c0: 0f1f 8400 | 302a 0032 | ba45 ffff | ff49 8beb | 4889 7424 | 2044 8944 

  0x000002858b0c35d8: ;   {runtime_call UncommonTrapBlob}
  0x000002858b0c35d8: 2428 90e8 

  0x000002858b0c35dc: ; ImmutableOopMap {rbp=Oop [32]=Oop }
                      ;*ifeq {reexecute=1 rethrow=0 return_oop=0}
                      ; - (reexecute) org.jetbrains.skiko.redrawer.Direct3DRedrawer::draw@22
  0x000002858b0c35dc: a00d 6eff 

  0x000002858b0c35e0: ;   {other}
  0x000002858b0c35e0: 0f1f 8400 | 502a 0033 | ba45 ffff | ff49 8be9 | 4489 5c24 

  0x000002858b0c35f4: ;   {runtime_call UncommonTrapBlob}
  0x000002858b0c35f4: 2066 90e8 

  0x000002858b0c35f8: ; ImmutableOopMap {rbp=Oop }
                      ;*ifeq {reexecute=1 rethrow=0 return_oop=0}
                      ; - (reexecute) org.jetbrains.skiko.redrawer.Direct3DRedrawer::draw@604 (line 214)
  0x000002858b0c35f8: 840d 6eff 

  0x000002858b0c35fc: ;   {other}
  0x000002858b0c35fc: 0f1f 8400 | 6c2a 0034 | baf6 ffff | ff4c 895c | 2420 4489 | 5424 2848 | 8974 2430 

  0x000002858b0c3618: ;   {runtime_call UncommonTrapBlob}
  0x000002858b0c3618: 6666 90e8 

  0x000002858b0c361c: ; ImmutableOopMap {[32]=Oop [40]=NarrowOop [48]=Oop }
                      ;*invokevirtual get {reexecute=0 rethrow=0 return_oop=0}
                      ; - sun.awt.SunToolkit::getSystemEventQueueImplPP@4
                      ; - sun.awt.SunToolkit::getSystemEventQueueImplPP@3
                      ; - sun.awt.SunToolkit::getSystemEventQueueImpl@0
                      ; - java.awt.Toolkit::getEventQueue@3
                      ; - java.awt.EventQueue::isDispatchThread@0
                      ; - javax.swing.SwingUtilities::isEventDispatchThread@0
                      ; - org.jetbrains.skiko.redrawer.Direct3DRedrawer::draw@208 (line 193)
  0x000002858b0c361c: 600d 6eff 

  0x000002858b0c3620: ;   {other}
  0x000002858b0c3620: 0f1f 8400 | 902a 0035 | baf6 ffff | ff48 8b6c | 2420 4c8b | 5424 384c | 8954 2430 | 4c89 4424 
  0x000002858b0c3640: ;   {runtime_call UncommonTrapBlob}
  0x000002858b0c3640: 4066 90e8 

  0x000002858b0c3644: ; ImmutableOopMap {rbp=Oop [44]=NarrowOop [48]=Oop [64]=Oop }
                      ;*invokevirtual lock {reexecute=0 rethrow=0 return_oop=0}
                      ; - java.util.concurrent.locks.ReentrantLock::lock@4
                      ; - java.awt.EventQueue::isDispatchThreadImpl@6
                      ; - java.awt.EventQueue::isDispatchThread@5
                      ; - javax.swing.SwingUtilities::isEventDispatchThread@0
                      ; - org.jetbrains.skiko.redrawer.Direct3DRedrawer::draw@208 (line 193)
  0x000002858b0c3644: 380d 6eff 

  0x000002858b0c3648: ;   {other}
  0x000002858b0c3648: 0f1f 8400 | b82a 0036 | bade ffff | ff4c 895c | 2420 4889 | 7424 2844 | 8944 2430 

  0x000002858b0c3664: ;   {runtime_call UncommonTrapBlob}
  0x000002858b0c3664: 6666 90e8 

  0x000002858b0c3668: ; ImmutableOopMap {[32]=Oop [40]=Oop [48]=NarrowOop }
                      ;*invokeinterface beforeFrameRender {reexecute=0 rethrow=0 return_oop=0}
                      ; - org.jetbrains.skiko.redrawer.Direct3DRedrawer::draw@190 (line 191)
  0x000002858b0c3668: 140d 6eff 

  0x000002858b0c366c: ;   {other}
  0x000002858b0c366c: 0f1f 8400 | dc2a 0037 | 4489 5424 | 2448 8974 | 2430 4889 | 6c24 2889 | 5424 2049 

  0x000002858b0c3688: ;   {oop(a 'java/lang/Class'{0x000000068a4e45e0} = 'java/awt/Toolkit')}
  0x000002858b0c3688: 8beb 48ba | e045 4e8a | 0600 0000 | 4c8d 8424 | a000 0000 

  0x000002858b0c369c: ;   {runtime_call _complete_monitor_locking_Java}
  0x000002858b0c369c: 6666 90e8 

  0x000002858b0c36a0: ; ImmutableOopMap {rbp=Oop [32]=NarrowOop [36]=NarrowOop [40]=Oop [48]=Oop }
                      ;*synchronization entry
                      ; - java.awt.Toolkit::getDefaultToolkit@-1
                      ; - java.awt.Toolkit::getEventQueue@0
                      ; - java.awt.EventQueue::isDispatchThread@0
                      ; - javax.swing.SwingUtilities::isEventDispatchThread@0
                      ; - org.jetbrains.skiko.redrawer.Direct3DRedrawer::draw@208 (line 193)
  0x000002858b0c36a0: 5c2e 7aff 

  0x000002858b0c36a4: ;   {other}
  0x000002858b0c36a4: 0f1f 8400 | 142b 0038 | 4c8b dd8b | 5424 2048 | 8b6c 2428 | 488b 7424 | 3044 8b54 | 2424 e96e 
  0x000002858b0c36c4: deff ffba | 37ff ffff | 4c89 5c24 | 2044 8954 | 2428 4889 | 7424 3089 

  0x000002858b0c36dc: ;   {runtime_call UncommonTrapBlob}
  0x000002858b0c36dc: 7c24 2ce8 

  0x000002858b0c36e0: ; ImmutableOopMap {[32]=Oop [40]=NarrowOop [44]=NarrowOop [48]=Oop }
                      ;*invokevirtual getSystemEventQueueImpl {reexecute=0 rethrow=0 return_oop=0}
                      ; - java.awt.Toolkit::getEventQueue@3
                      ; - java.awt.EventQueue::isDispatchThread@0
                      ; - javax.swing.SwingUtilities::isEventDispatchThread@0
                      ; - org.jetbrains.skiko.redrawer.Direct3DRedrawer::draw@208 (line 193)
  0x000002858b0c36e0: 9c0c 6eff 

  0x000002858b0c36e4: ;   {other}
  0x000002858b0c36e4: 0f1f 8400 | 542b 0039 | 4489 5424 | 204c 8bf6 | 448b ea49 

  0x000002858b0c36f8: ;   {oop(a 'java/lang/Class'{0x000000068a4e45e0} = 'java/awt/Toolkit')}
  0x000002858b0c36f8: 8bf3 48b9 | e045 4e8a | 0600 0000 | 488d 9424 | a000 0000 | 4d8b c749 | baa0 53c2 | 73fe 7f00 
  0x000002858b0c3718: 0041 ffd2 

  0x000002858b0c371c: ;   {other}
  0x000002858b0c371c: 0f1f 8400 | 0000 0000 | 4c8b de41 | 8bd5 498b | f644 8b54 | 2420 e9b6 | deff ffba | deff ffff 
  0x000002858b0c373c: 488b 6c24 | 2044 8b54 | 242c 4489 | 5424 284c | 8b54 2438 | 4c89 5424 | 304c 8944 | 2440 4489 
  0x000002858b0c375c: ;   {runtime_call UncommonTrapBlob}
  0x000002858b0c375c: 5c24 2ce8 

  0x000002858b0c3760: ; ImmutableOopMap {rbp=Oop [40]=NarrowOop [44]=NarrowOop [48]=Oop [64]=Oop }
                      ;*invokeinterface lock {reexecute=0 rethrow=0 return_oop=0}
                      ; - java.awt.EventQueue::isDispatchThreadImpl@6
                      ; - java.awt.EventQueue::isDispatchThread@5
                      ; - javax.swing.SwingUtilities::isEventDispatchThread@0
                      ; - org.jetbrains.skiko.redrawer.Direct3DRedrawer::draw@208 (line 193)
  0x000002858b0c3760: 1c0c 6eff 

  0x000002858b0c3764: ;   {other}
  0x000002858b0c3764: 0f1f 8400 | d42b 003a | baec ffff | ff48 8b6c | 2420 448b | 5424 2c44 | 8954 2428 | 4c8b 5424 
  0x000002858b0c3784: 384c 8954 | 2430 4c89 | 4424 4044 | 894c 242c 

  0x000002858b0c3794: ;   {runtime_call UncommonTrapBlob}
  0x000002858b0c3794: 6666 90e8 

  0x000002858b0c3798: ; ImmutableOopMap {rbp=Oop [40]=NarrowOop [44]=NarrowOop [48]=Oop [64]=Oop }
                      ;*ifnull {reexecute=1 rethrow=0 return_oop=0}
                      ; - (reexecute) java.awt.EventQueue::isDispatchThreadImpl@34
                      ; - java.awt.EventQueue::isDispatchThread@5
                      ; - javax.swing.SwingUtilities::isEventDispatchThread@0
                      ; - org.jetbrains.skiko.redrawer.Direct3DRedrawer::draw@208 (line 193)
  0x000002858b0c3798: e40b 6eff 

  0x000002858b0c379c: ;   {other}
  0x000002858b0c379c: 0f1f 8400 | 0c2c 003b | bade ffff | ff48 8b6c | 2420 448b | 5424 2c44 | 8954 2428 | 4489 4424 
  0x000002858b0c37bc: ;   {runtime_call UncommonTrapBlob}
  0x000002858b0c37bc: 2c66 90e8 

  0x000002858b0c37c0: ; ImmutableOopMap {rbp=Oop [40]=NarrowOop [44]=NarrowOop [56]=Oop }
                      ;*invokeinterface unlock {reexecute=0 rethrow=0 return_oop=0}
                      ; - java.awt.EventQueue::isDispatchThreadImpl@78
                      ; - java.awt.EventQueue::isDispatchThread@5
                      ; - javax.swing.SwingUtilities::isEventDispatchThread@0
                      ; - org.jetbrains.skiko.redrawer.Direct3DRedrawer::draw@208 (line 193)
  0x000002858b0c37c0: bc0b 6eff 

  0x000002858b0c37c4: ;   {other}
  0x000002858b0c37c4: 0f1f 8400 | 342c 003c | bade ffff | ff48 8b6c | 2420 4489 | 5424 284c | 8b54 2438 | 4c89 5424 
  0x000002858b0c37e4: 304c 8944 | 2440 897c | 242c 4489 | 4c24 4889 | 4c24 4c44 | 895c 2450 

  0x000002858b0c37fc: ;   {runtime_call UncommonTrapBlob}
  0x000002858b0c37fc: 6666 90e8 

  0x000002858b0c3800: ; ImmutableOopMap {rbp=Oop [40]=NarrowOop [44]=NarrowOop [48]=Oop [64]=Oop [80]=NarrowOop }
                      ;*invokevirtual getDefaultTransform {reexecute=0 rethrow=0 return_oop=0}
                      ; - org.jetbrains.skiko.SkiaLayer::getContentScale@4 (line 294)
                      ; - org.jetbrains.skiko.SkiaLayer::createDrawScope@17 (line 652)
                      ; - org.jetbrains.skiko.SkiaLayer::access$createDrawScope@1 (line 30)
                      ; - org.jetbrains.skiko.redrawer.Direct3DRedrawer::draw@290 (line 197)
  0x000002858b0c3800: 7c0b 6eff 

  0x000002858b0c3804: ;   {other}
  0x000002858b0c3804: 0f1f 8400 | 742c 003d | bade ffff | ff44 8954 | 2428 4889 | 5c24 384c | 894c 2440 | 4c89 4424 
  0x000002858b0c3824: ;   {runtime_call UncommonTrapBlob}
  0x000002858b0c3824: 4866 90e8 

  0x000002858b0c3828: ; ImmutableOopMap {rbp=NarrowOop [40]=NarrowOop [56]=Oop [64]=Oop [72]=Oop }
                      ;*invokeinterface plus {reexecute=0 rethrow=0 return_oop=0}
                      ; - kotlinx.coroutines.CoroutineContextKt::newCoroutineContext@9 (line 42)
                      ; - kotlinx.coroutines.BuildersKt__Builders_commonKt::withContext@16 (line 483)
                      ; - kotlinx.coroutines.BuildersKt::withContext@3 (line 1)
                      ; - org.jetbrains.skiko.redrawer.Direct3DRedrawer::draw@400 (line 83)
  0x000002858b0c3828: 540b 6eff 

  0x000002858b0c382c: ;   {other}
  0x000002858b0c382c: 0f1f 8400 | 9c2c 003e | badf ffff | ff48 8bac | 2488 0000 | 0044 8b44 | 242c 4489 | 4424 204c 
  0x000002858b0c384c: 8954 2468 

  0x000002858b0c3850: ;   {runtime_call UncommonTrapBlob}
  0x000002858b0c3850: 6666 90e8 

  0x000002858b0c3854: ; ImmutableOopMap {rbp=Oop [32]=NarrowOop [64]=Oop [80]=Oop [88]=Oop [104]=Oop [144]=Oop }
                      ;*invokeinterface start {reexecute=0 rethrow=0 return_oop=0}
                      ; - kotlinx.coroutines.JobSupport::initParentJob@47 (line 147)
                      ; - kotlinx.coroutines.AbstractCoroutine::<init>@26 (line 50)
                      ; - kotlinx.coroutines.internal.ScopeCoroutine::<init>@4 (line 11)
                      ; - kotlinx.coroutines.DispatchedCoroutine::<init>@3 (line 551)
                      ; - kotlinx.coroutines.BuildersKt__Builders_commonKt::withContext@170 (line 501)
                      ; - kotlinx.coroutines.BuildersKt::withContext@3 (line 1)
                      ; - org.jetbrains.skiko.redrawer.Direct3DRedrawer::draw@400 (line 83)
  0x000002858b0c3854: 280b 6eff 

  0x000002858b0c3858: ;   {other}
  0x000002858b0c3858: 0f1f 8400 | c82c 003f | 498b d749 | ba80 0581 | 73fe 7f00 | 0041 ffd2 

  0x000002858b0c3870: ;   {other}
  0x000002858b0c3870: 0f1f 8400 | 0000 0000 | e9c0 dbff | ff49 8bd7 | 49ba 8005 | 8173 fe7f | 0000 41ff 

  0x000002858b0c388c: ;   {other}
  0x000002858b0c388c: d20f 1f84 | 0000 0000 | 00e9 55db | ffff ba45 | ffff ff48 | 8bac 2488 | 0000 0044 | 8b5c 242c 
  0x000002858b0c38ac: 4489 5c24 | 204c 8b5c | 2438 4c89 | 5c24 284c | 8b5c 2440 | 4c89 5c24 | 384c 8944 | 2460 4c89 
  0x000002858b0c38cc: ;   {runtime_call UncommonTrapBlob}
  0x000002858b0c38cc: 5424 68e8 

  0x000002858b0c38d0: ; ImmutableOopMap {rbp=Oop [32]=NarrowOop [40]=Oop [56]=Oop [72]=Oop [80]=Oop [96]=Oop [104]=Oop }
                      ;*ifeq {reexecute=1 rethrow=0 return_oop=0}
                      ; - (reexecute) kotlinx.coroutines.internal.ThreadContextKt::countAll$lambda$0@4 (line 32)
                      ; - kotlinx.coroutines.internal.ThreadContextKt$$Lambda/0x00000008001cd410::invoke@5
                      ; - kotlin.coroutines.CombinedContext::fold@22 (line 133)
                      ; - kotlinx.coroutines.internal.ThreadContextKt::threadContextElements@8 (line 55)
                      ; - kotlinx.coroutines.internal.DispatchedContinuation::<init>@27 (line 22)
                      ; - kotlinx.coroutines.CoroutineDispatcher::interceptContinuation@6 (line 282)
                      ; - kotlin.coroutines.jvm.internal.ContinuationImpl::intercepted@35 (line 113)
                      ; - kotlin.coroutines.intrinsics.IntrinsicsKt__IntrinsicsJvmKt::intercepted@25 (line 182)
                      ; - kotlinx.coroutines.intrinsics.CancellableKt::startCoroutineCancellable@15 (line 26)
                      ; - kotlinx.coroutines.BuildersKt__Builders_commonKt::withContext@183 (line 502)
                      ; - kotlinx.coroutines.BuildersKt::withContext@3 (line 1)
                      ; - org.jetbrains.skiko.redrawer.Direct3DRedrawer::draw@400 (line 83)
  0x000002858b0c38d0: ac0a 6eff 

  0x000002858b0c38d4: ;   {other}
  0x000002858b0c38d4: 0f1f 8400 | 442d 0040 | badf ffff | ff48 8bac | 2488 0000 | 0044 8b5c | 242c 4489 | 5c24 204c 
  0x000002858b0c38f4: 8b54 2438 | 4c89 5424 | 284c 8b54 | 2440 4c89 | 5424 384c | 894c 2450 

  0x000002858b0c390c: ;   {runtime_call UncommonTrapBlob}
  0x000002858b0c390c: 6666 90e8 

  0x000002858b0c3910: ; ImmutableOopMap {rbp=Oop [32]=NarrowOop [40]=Oop [56]=Oop [72]=Oop [80]=Oop }
                      ;*invokeinterface interceptContinuation {reexecute=0 rethrow=0 return_oop=0}
                      ; - kotlin.coroutines.jvm.internal.ContinuationImpl::intercepted@35 (line 113)
                      ; - kotlin.coroutines.intrinsics.IntrinsicsKt__IntrinsicsJvmKt::intercepted@25 (line 182)
                      ; - kotlinx.coroutines.intrinsics.CancellableKt::startCoroutineCancellable@15 (line 26)
                      ; - kotlinx.coroutines.BuildersKt__Builders_commonKt::withContext@183 (line 502)
                      ; - kotlinx.coroutines.BuildersKt::withContext@3 (line 1)
                      ; - org.jetbrains.skiko.redrawer.Direct3DRedrawer::draw@400 (line 83)
  0x000002858b0c3910: 6c0a 6eff 

  0x000002858b0c3914: ;   {other}
  0x000002858b0c3914: 0f1f 8400 | 842d 0041 | bade ffff | ff48 8bac | 2488 0000 | 008b 4c24 | 2c89 4c24 | 204c 8b4c 
  0x000002858b0c3934: 2438 4c89 | 4c24 284c | 8b4c 2440 | 4c89 4c24 | 384c 8954 | 2458 4489 

  0x000002858b0c394c: ;   {runtime_call UncommonTrapBlob}
  0x000002858b0c394c: 5c24 24e8 

  0x000002858b0c3950: ; ImmutableOopMap {rbp=Oop [32]=NarrowOop [36]=NarrowOop [40]=Oop [56]=Oop [72]=Oop [88]=Oop }
                      ;*invokeinterface fold {reexecute=0 rethrow=0 return_oop=0}
                      ; - kotlinx.coroutines.internal.ThreadContextKt::threadContextElements@8 (line 55)
                      ; - kotlinx.coroutines.internal.DispatchedContinuation::<init>@27 (line 22)
                      ; - kotlinx.coroutines.CoroutineDispatcher::interceptContinuation@6 (line 282)
                      ; - kotlin.coroutines.jvm.internal.ContinuationImpl::intercepted@35 (line 113)
                      ; - kotlin.coroutines.intrinsics.IntrinsicsKt__IntrinsicsJvmKt::intercepted@25 (line 182)
                      ; - kotlinx.coroutines.intrinsics.CancellableKt::startCoroutineCancellable@15 (line 26)
                      ; - kotlinx.coroutines.BuildersKt__Builders_commonKt::withContext@183 (line 502)
                      ; - kotlinx.coroutines.BuildersKt::withContext@3 (line 1)
                      ; - org.jetbrains.skiko.redrawer.Direct3DRedrawer::draw@400 (line 83)
  0x000002858b0c3950: 2c0a 6eff 

  0x000002858b0c3954: ;   {other}
  0x000002858b0c3954: 0f1f 8400 | c42d 0042 | ba45 ffff | ff41 8be9 

  0x000002858b0c3964: ;   {runtime_call UncommonTrapBlob}
  0x000002858b0c3964: 6666 90e8 

  0x000002858b0c3968: ; ImmutableOopMap {}
                      ;*ifne {reexecute=1 rethrow=0 return_oop=0}
                      ; - (reexecute) org.jetbrains.skiko.redrawer.Direct3DRedrawer::draw@138 (line 185)
  0x000002858b0c3968: 140a 6eff 

  0x000002858b0c396c: ;   {other}
  0x000002858b0c396c: 0f1f 8400 | dc2d 0043 | ba45 ffff | ff4c 895c | 2420 4489 | 5424 2848 | 8974 2430 | 4489 4c24 
  0x000002858b0c398c: ;   {runtime_call UncommonTrapBlob}
  0x000002858b0c398c: 2c66 90e8 

  0x000002858b0c3990: ; ImmutableOopMap {[32]=Oop [40]=NarrowOop [48]=Oop }
                      ;*if_icmpne {reexecute=1 rethrow=0 return_oop=0}
                      ; - (reexecute) sun.awt.AppContext::getAppContext@7
                      ; - sun.awt.SunToolkit::getSystemEventQueueImplPP@0
                      ; - sun.awt.SunToolkit::getSystemEventQueueImpl@0
                      ; - java.awt.Toolkit::getEventQueue@3
                      ; - java.awt.EventQueue::isDispatchThread@0
                      ; - javax.swing.SwingUtilities::isEventDispatchThread@0
                      ; - org.jetbrains.skiko.redrawer.Direct3DRedrawer::draw@208 (line 193)
  0x000002858b0c3990: ec09 6eff 

  0x000002858b0c3994: ;   {other}
  0x000002858b0c3994: 0f1f 8400 | 042e 0044 | ba45 ffff | ff48 8b6c | 2420 8b4c | 242c 894c | 2428 4c8b | 4c24 384c 
  0x000002858b0c39b4: 894c 2430 | 4c89 4424 | 384c 8954 | 2440 4489 

  0x000002858b0c39c4: ;   {runtime_call UncommonTrapBlob}
  0x000002858b0c39c4: 5c24 2ce8 

  0x000002858b0c39c8: ; ImmutableOopMap {rbp=Oop [40]=NarrowOop [44]=NarrowOop [48]=Oop [56]=Oop [64]=Oop }
                      ;*if_acmpne {reexecute=1 rethrow=0 return_oop=0}
                      ; - (reexecute) java.awt.EventQueue::isDispatchThreadImpl@65
                      ; - java.awt.EventQueue::isDispatchThread@5
                      ; - javax.swing.SwingUtilities::isEventDispatchThread@0
                      ; - org.jetbrains.skiko.redrawer.Direct3DRedrawer::draw@208 (line 193)
  0x000002858b0c39c8: b409 6eff 

  0x000002858b0c39cc: ;   {other}
  0x000002858b0c39cc: 0f1f 8400 | 3c2e 0045 | ba45 ffff | ff48 8b6c | 2420 4489 | 5424 2844 | 8944 242c 

  0x000002858b0c39e8: ;   {runtime_call UncommonTrapBlob}
  0x000002858b0c39e8: 6666 90e8 

  0x000002858b0c39ec: ; ImmutableOopMap {rbp=Oop [40]=NarrowOop [56]=Oop }
                      ;*ifne {reexecute=1 rethrow=0 return_oop=0}
                      ; - (reexecute) org.jetbrains.skiko.redrawer.Direct3DRedrawer::draw@239 (line 194)
  0x000002858b0c39ec: 9009 6eff 

  0x000002858b0c39f0: ;   {other}
  0x000002858b0c39f0: 0f1f 8400 | 602e 0046 | 4c8b f24d | 8be8 418b | ea48 8bfb | 418b f349 | 8bd9 498b | d749 ba80 
  0x000002858b0c3a10: 0581 73fe | 7f00 0041 

  0x000002858b0c3a18: ;   {other}
  0x000002858b0c3a18: ffd2 0f1f | 8400 0000 | 0000 4c8b | cb44 8bde | 488b df44 | 8bd5 4d8b | c549 8bd6 | e91c dfff 
  0x000002858b0c3a38: ff4c 8bf2 | 4d8b e841 | 8bea 488b | fb41 8bf3 | 498b d949 | 8bd7 49ba | 8005 8173 | fe7f 0000 
  0x000002858b0c3a58: ;   {other}
  0x000002858b0c3a58: 41ff d20f | 1f84 0000 | 0000 004c | 8bcb 448b | de48 8bdf | 448b d54d | 8bc5 498b | d6e9 21df 
  0x000002858b0c3a78: ffff 4c8b | f24d 8be8 | 418b ea48 | 8bfb 418b | f349 8bd9 | 498b d749 | ba80 0581 | 73fe 7f00 
  0x000002858b0c3a98: 0041 ffd2 

  0x000002858b0c3a9c: ;   {other}
  0x000002858b0c3a9c: 0f1f 8400 | 0000 0000 | 4c8b cb44 | 8bde 488b | df44 8bd5 | 4d8b c549 | 8bd6 e9d5 | deff ff48 
  0x000002858b0c3abc: 8bea 498b | f041 8bfa | 498b d749 | ba80 0581 | 73fe 7f00 | 0041 ffd2 

  0x000002858b0c3ad4: ;   {other}
  0x000002858b0c3ad4: 0f1f 8400 | 0000 0000 | 448b d74c | 8bc6 488b | d5e9 26de | ffff 498b | d849 8bd7 | 49ba 8005 
  0x000002858b0c3af4: 8173 fe7f | 0000 41ff 

  0x000002858b0c3afc: ;   {other}
  0x000002858b0c3afc: d20f 1f84 | 0000 0000 | 004c 8bc3 | e971 e2ff | ff45 8beb | 448b f249 | 8bea 488b | f749 8bf9 
  0x000002858b0c3b1c: 498b d749 | ba80 0581 | 73fe 7f00 | 0041 ffd2 

  0x000002858b0c3b2c: ;   {other}
  0x000002858b0c3b2c: 0f1f 8400 | 0000 0000 | e9f5 f1ff | ff48 8bf8 | 498b da49 | 8bd7 49ba | 8005 8173 | fe7f 0000 
  0x000002858b0c3b4c: ;   {other}
  0x000002858b0c3b4c: 41ff d20f | 1f84 0000 | 0000 004c | 8bd3 4c8b | dfe9 92e4 | ffff 488b | fd49 8bd7 | 49ba 8005 
  0x000002858b0c3b6c: 8173 fe7f | 0000 41ff 

  0x000002858b0c3b74: ;   {other}
  0x000002858b0c3b74: d20f 1f84 | 0000 0000 | 00e9 f8f1 | ffff 498b | f149 8bf8 | 498b d749 | ba80 0581 | 73fe 7f00 
  0x000002858b0c3b94: 0041 ffd2 

  0x000002858b0c3b98: ;   {other}
  0x000002858b0c3b98: 0f1f 8400 | 0000 0000 | 4c8b c74c | 8bce e942 | dbff ff49 | 8bd7 49ba | 8005 8173 | fe7f 0000 
  0x000002858b0c3bb8: ;   {other}
  0x000002858b0c3bb8: 41ff d20f | 1f84 0000 | 0000 00e9 | d7db ffff | ba45 ffff | ff4c 895c | 2420 4889 | 7424 2844 
  0x000002858b0c3bd8: 8954 2430 

  0x000002858b0c3bdc: ;   {runtime_call UncommonTrapBlob}
  0x000002858b0c3bdc: 6666 90e8 

  0x000002858b0c3be0: ; ImmutableOopMap {[32]=Oop [40]=Oop }
                      ;*ifne {reexecute=1 rethrow=0 return_oop=0}
                      ; - (reexecute) org.jetbrains.skiko.redrawer.Direct3DRedrawer::draw@145 (line 186)
  0x000002858b0c3be0: 9c07 6eff 

  0x000002858b0c3be4: ;   {other}
  0x000002858b0c3be4: 0f1f 8400 | 5430 0047 | ba45 ffff | ff4c 895c | 2420 4489 | 5424 2848 | 8974 2430 | 4489 4424 
  0x000002858b0c3c04: ;   {runtime_call UncommonTrapBlob}
  0x000002858b0c3c04: 2c66 90e8 

  0x000002858b0c3c08: ; ImmutableOopMap {[32]=Oop [40]=NarrowOop [44]=NarrowOop [48]=Oop }
                      ;*ifnull {reexecute=1 rethrow=0 return_oop=0}
                      ; - (reexecute) sun.awt.AppContext::getAppContext@13
                      ; - sun.awt.SunToolkit::getSystemEventQueueImplPP@0
                      ; - sun.awt.SunToolkit::getSystemEventQueueImpl@0
                      ; - java.awt.Toolkit::getEventQueue@3
                      ; - java.awt.EventQueue::isDispatchThread@0
                      ; - javax.swing.SwingUtilities::isEventDispatchThread@0
                      ; - org.jetbrains.skiko.redrawer.Direct3DRedrawer::draw@208 (line 193)
  0x000002858b0c3c08: 7407 6eff 

  0x000002858b0c3c0c: ;   {other}
  0x000002858b0c3c0c: 0f1f 8400 | 7c30 0048 | ba45 ffff | ff48 8b6c | 2420 448b | 4c24 2c44 | 894c 2428 | 4c8b 5424 
  0x000002858b0c3c2c: 384c 8954 | 2430 4c89 | 4424 3844 | 895c 2440 

  0x000002858b0c3c3c: ;   {runtime_call UncommonTrapBlob}
  0x000002858b0c3c3c: 6666 90e8 

  0x000002858b0c3c40: ; ImmutableOopMap {rbp=Oop [40]=NarrowOop [48]=Oop [56]=Oop [64]=NarrowOop }
                      ;*ifnull {reexecute=1 rethrow=0 return_oop=0}
                      ; - (reexecute) java.awt.EventQueue::isDispatchThreadImpl@17
                      ; - java.awt.EventQueue::isDispatchThread@5
                      ; - javax.swing.SwingUtilities::isEventDispatchThread@0
                      ; - org.jetbrains.skiko.redrawer.Direct3DRedrawer::draw@208 (line 193)
  0x000002858b0c3c40: 3c07 6eff 

  0x000002858b0c3c44: ;   {other}
  0x000002858b0c3c44: 0f1f 8400 | b430 0049 | ba45 ffff | ff48 8b6c | 2420 448b | 4c24 2c44 | 894c 2428 | 4c8b 4424 
  0x000002858b0c3c64: 384c 8944 | 2430 895c | 242c 4489 | 5c24 384c | 8954 2440 

  0x000002858b0c3c78: ;   {runtime_call UncommonTrapBlob}
  0x000002858b0c3c78: 6666 90e8 

  0x000002858b0c3c7c: ; ImmutableOopMap {rbp=Oop [40]=NarrowOop [44]=NarrowOop [48]=Oop [56]=NarrowOop [64]=Oop }
                      ;*if_acmpeq {reexecute=1 rethrow=0 return_oop=0}
                      ; - (reexecute) java.util.concurrent.locks.ReentrantLock$Sync::tryRelease@14
                      ; - java.util.concurrent.locks.AbstractQueuedSynchronizer::release@2
                      ; - java.util.concurrent.locks.ReentrantLock::unlock@5
                      ; - java.awt.EventQueue::isDispatchThreadImpl@78
                      ; - java.awt.EventQueue::isDispatchThread@5
                      ; - javax.swing.SwingUtilities::isEventDispatchThread@0
                      ; - org.jetbrains.skiko.redrawer.Direct3DRedrawer::draw@208 (line 193)
  0x000002858b0c3c7c: 0007 6eff 

  0x000002858b0c3c80: ;   {other}
  0x000002858b0c3c80: 0f1f 8400 | f030 004a | ba45 ffff | ff48 8b6c | 2420 4489 | 5424 284c | 8b54 2438 | 4c89 5424 
  0x000002858b0c3ca0: 3044 895c 

  0x000002858b0c3ca4: ;   {runtime_call UncommonTrapBlob}
  0x000002858b0c3ca4: 2438 90e8 

  0x000002858b0c3ca8: ; ImmutableOopMap {rbp=Oop [40]=NarrowOop [48]=Oop [56]=NarrowOop }
                      ;*ifnull {reexecute=1 rethrow=0 return_oop=0}
                      ; - (reexecute) org.jetbrains.skiko.redrawer.Direct3DRedrawer::draw@278 (line 196)
  0x000002858b0c3ca8: d406 6eff 

  0x000002858b0c3cac: ;   {other}
  0x000002858b0c3cac: 0f1f 8400 | 1c31 004b | c481 7a5a | 44dc 24c4 | c1f9 7ec3 | c5fa 5ac1 | ba45 ffff 

  0x000002858b0c3cc8: ;   {section_word}
  0x000002858b0c3cc8: ffc5 f82e | 0d8f d4ff | ffbd ffff | ffff 0f8a | 0e00 0000 | 0f82 0800 | 0000 400f | 95c5 400f 
  0x000002858b0c3ce8: b6ed 4489 | 5424 304c | 8944 2448 | 897c 2434 | 4489 4c24 | 5089 4c24 | 54c5 fb11 | 4424 604c 
  0x000002858b0c3d08: 895c 2468 

  0x000002858b0c3d0c: ;   {runtime_call UncommonTrapBlob}
  0x000002858b0c3d0c: 6666 90e8 

  0x000002858b0c3d10: ; ImmutableOopMap {[32]=Oop [48]=NarrowOop [52]=NarrowOop [56]=Oop [72]=Oop }
                      ;*ifne {reexecute=1 rethrow=0 return_oop=0}
                      ; - (reexecute) java.awt.geom.AffineTransform::setToScale@33
                      ; - java.awt.geom.AffineTransform::getScaleInstance@13
                      ; - sun.awt.Win32GraphicsConfig::getDefaultTransform@20
                      ; - org.jetbrains.skiko.SkiaLayer::getContentScale@4 (line 294)
                      ; - org.jetbrains.skiko.SkiaLayer::createDrawScope@17 (line 652)
                      ; - org.jetbrains.skiko.SkiaLayer::access$createDrawScope@1 (line 30)
                      ; - org.jetbrains.skiko.redrawer.Direct3DRedrawer::draw@290 (line 197)
  0x000002858b0c3d10: 6c06 6eff 

  0x000002858b0c3d14: ;   {other}
  0x000002858b0c3d14: 0f1f 8400 | 8431 004c | ba45 ffff | ff48 8b6c | 2420 4489 | 5424 284c | 8b54 2438 | 4c89 5424 
  0x000002858b0c3d34: 304c 8944 | 2440 4489 | 4c24 4889 | 4c24 4cc5 | fa11 4c24 | 5089 7c24 

  0x000002858b0c3d4c: ;   {runtime_call UncommonTrapBlob}
  0x000002858b0c3d4c: 5466 90e8 

  0x000002858b0c3d50: ; ImmutableOopMap {rbp=Oop [40]=NarrowOop [48]=Oop [64]=Oop [84]=NarrowOop }
                      ;*ifnonnull {reexecute=1 rethrow=0 return_oop=0}
                      ; - (reexecute) kotlin.jvm.internal.Intrinsics::checkNotNullParameter@1 (line 130)
                      ; - org.jetbrains.skiko.LayerDrawScope::<init>@3
                      ; - org.jetbrains.skiko.SkiaLayer::createDrawScope@20 (line 648)
                      ; - org.jetbrains.skiko.SkiaLayer::access$createDrawScope@1 (line 30)
                      ; - org.jetbrains.skiko.redrawer.Direct3DRedrawer::draw@290 (line 197)
  0x000002858b0c3d50: 2c06 6eff 

  0x000002858b0c3d54: ;   {other}
  0x000002858b0c3d54: 0f1f 8400 | c431 004d | ba45 ffff | ff48 8b6c | 2438 448b | 5c24 2c44 | 895c 2420 | 4c8b 5c24 
  0x000002858b0c3d74: 404c 895c | 2430 4c89 | 5424 484c | 8944 2450 

  0x000002858b0c3d84: ;   {runtime_call UncommonTrapBlob}
  0x000002858b0c3d84: 6666 90e8 

  0x000002858b0c3d88: ; ImmutableOopMap {rbp=Oop [32]=NarrowOop [48]=Oop [72]=Oop [80]=Oop [144]=Oop }
                      ;*if_acmpne {reexecute=1 rethrow=0 return_oop=0}
                      ; - (reexecute) kotlinx.coroutines.BuildersKt__Builders_commonKt::withContext@30 (line 487)
                      ; - kotlinx.coroutines.BuildersKt::withContext@3 (line 1)
                      ; - org.jetbrains.skiko.redrawer.Direct3DRedrawer::draw@400 (line 83)
  0x000002858b0c3d88: f405 6eff 

  0x000002858b0c3d8c: ;   {other}
  0x000002858b0c3d8c: 0f1f 8400 | fc31 004e | ba45 ffff | ff48 8bac | 2488 0000 | 0044 8b4c | 242c 4489 | 4c24 204c 
  0x000002858b0c3dac: 8b54 2438 | 4c89 5424 | 2844 895c 

  0x000002858b0c3db8: ;   {runtime_call UncommonTrapBlob}
  0x000002858b0c3db8: 2424 90e8 

  0x000002858b0c3dbc: ; ImmutableOopMap {rbp=Oop [32]=NarrowOop [40]=Oop [64]=Oop }
                      ;*ifeq {reexecute=1 rethrow=0 return_oop=0}
                      ; - (reexecute) kotlinx.coroutines.DispatchedCoroutine::trySuspend@57 (line 562)
                      ; - kotlinx.coroutines.DispatchedCoroutine::getResult$kotlinx_coroutines_core@1 (line 592)
                      ; - kotlinx.coroutines.BuildersKt__Builders_commonKt::withContext@188 (line 503)
                      ; - kotlinx.coroutines.BuildersKt::withContext@3 (line 1)
                      ; - org.jetbrains.skiko.redrawer.Direct3DRedrawer::draw@400 (line 83)
  0x000002858b0c3dbc: c005 6eff 

  0x000002858b0c3dc0: ;   {other}
  0x000002858b0c3dc0: 0f1f 8400 | 3032 004f | 8be8 ba45 | ffff ff4c | 8b94 2488 | 0000 004c | 8954 2420 | 4c8b 5424 
  0x000002858b0c3de0: 404c 8954 | 2438 4c8b | 5424 504c | 8954 2440 

  0x000002858b0c3df0: ;   {runtime_call UncommonTrapBlob}
  0x000002858b0c3df0: 6666 90e8 

  0x000002858b0c3df4: ; ImmutableOopMap {[32]=Oop [44]=NarrowOop [56]=Oop [64]=Oop [144]=Oop }
                      ;*ifeq {reexecute=1 rethrow=0 return_oop=0}
                      ; - (reexecute) kotlinx.coroutines.BuildersKt__Builders_commonKt::withContext@85 (line 493)
                      ; - kotlinx.coroutines.BuildersKt::withContext@3 (line 1)
                      ; - org.jetbrains.skiko.redrawer.Direct3DRedrawer::draw@400 (line 83)
  0x000002858b0c3df4: 8805 6eff 

  0x000002858b0c3df8: ;   {other}
  0x000002858b0c3df8: 0f1f 8400 | 6832 0050 | ba45 ffff | ff48 8bac | 2488 0000 | 0044 8b4c | 242c 4489 | 4c24 204c 
  0x000002858b0c3e18: 895c 2468 | 4c89 5c24 | 704c 8984 | 2480 0000 | 0044 8954 

  0x000002858b0c3e2c: ;   {runtime_call UncommonTrapBlob}
  0x000002858b0c3e2c: 2424 90e8 

  0x000002858b0c3e30: ; ImmutableOopMap {rbp=Oop [32]=NarrowOop [64]=Oop [80]=Oop [88]=Oop [104]=Oop [112]=Oop [128]=Oop [144]=Oop }
                      ;*ifeq {reexecute=1 rethrow=0 return_oop=0}
                      ; - (reexecute) kotlinx.coroutines.JobSupport::startInternal@16 (line 392)
                      ; - kotlinx.coroutines.JobSupport::start@15 (line 378)
                      ; - kotlinx.coroutines.JobSupport::initParentJob@47 (line 147)
                      ; - kotlinx.coroutines.AbstractCoroutine::<init>@26 (line 50)
                      ; - kotlinx.coroutines.internal.ScopeCoroutine::<init>@4 (line 11)
                      ; - kotlinx.coroutines.DispatchedCoroutine::<init>@3 (line 551)
                      ; - kotlinx.coroutines.BuildersKt__Builders_commonKt::withContext@170 (line 501)
                      ; - kotlinx.coroutines.BuildersKt::withContext@3 (line 1)
                      ; - org.jetbrains.skiko.redrawer.Direct3DRedrawer::draw@400 (line 83)
  0x000002858b0c3e30: 4c05 6eff 

  0x000002858b0c3e34: ;   {other}
  0x000002858b0c3e34: 0f1f 8400 | a432 0051 | 488b fb49 | 8bd7 49ba | 8005 8173 | fe7f 0000 

  0x000002858b0c3e4c: ;   {other}
  0x000002858b0c3e4c: 41ff d20f | 1f84 0000 | 0000 004c | 8b44 2448 | 488b dfe9 | abe5 ffff | 498b fb49 | 8bd7 49ba 
  0x000002858b0c3e6c: 8005 8173 | fe7f 0000 

  0x000002858b0c3e74: ;   {other}
  0x000002858b0c3e74: 41ff d20f | 1f84 0000 | 0000 004c | 8bdf e941 | e5ff ffba | 45ff ffff | 488b ac24 | 8800 0000 
  0x000002858b0c3e94: 448b 4424 | 2c44 8944 | 2420 4c8b | 5424 384c | 8954 2428 | 4c8b 5424 | 404c 8954 | 2438 4c89 
  0x000002858b0c3eb4: ;   {runtime_call UncommonTrapBlob}
  0x000002858b0c3eb4: 5c24 68e8 

  0x000002858b0c3eb8: ; ImmutableOopMap {rbp=Oop [32]=NarrowOop [40]=Oop [56]=Oop [72]=Oop [80]=Oop [104]=Oop }
                      ;*ifnonnull {reexecute=1 rethrow=0 return_oop=0}
                      ; - (reexecute) kotlin.jvm.internal.Intrinsics::checkNotNull@1 (line 24)
                      ; - kotlinx.coroutines.internal.ThreadContextKt::threadContextElements@14 (line 55)
                      ; - kotlinx.coroutines.internal.DispatchedContinuation::<init>@27 (line 22)
                      ; - kotlinx.coroutines.CoroutineDispatcher::interceptContinuation@6 (line 282)
                      ; - kotlin.coroutines.jvm.internal.ContinuationImpl::intercepted@35 (line 113)
                      ; - kotlin.coroutines.intrinsics.IntrinsicsKt__IntrinsicsJvmKt::intercepted@25 (line 182)
                      ; - kotlinx.coroutines.intrinsics.CancellableKt::startCoroutineCancellable@15 (line 26)
                      ; - kotlinx.coroutines.BuildersKt__Builders_commonKt::withContext@183 (line 502)
                      ; - kotlinx.coroutines.BuildersKt::withContext@3 (line 1)
                      ; - org.jetbrains.skiko.redrawer.Direct3DRedrawer::draw@400 (line 83)
  0x000002858b0c3eb8: c404 6eff 

  0x000002858b0c3ebc: ;   {other}
  0x000002858b0c3ebc: 0f1f 8400 | 2c33 0052 | baf4 ffff | ff48 8b6c | 2420 448b | 5424 2c44 | 8954 2420 | 4c8b 5424 
  0x000002858b0c3edc: 404c 8954 | 2430 4c8b | 5424 484c | 8954 2438 | 4c8b 5424 | 504c 8954 

  0x000002858b0c3ef4: ;   {runtime_call UncommonTrapBlob}
  0x000002858b0c3ef4: 2440 90e8 

  0x000002858b0c3ef8: ; ImmutableOopMap {rbp=Oop [32]=NarrowOop [48]=Oop [56]=Oop [64]=Oop [144]=Oop }
                      ;*checkcast {reexecute=0 rethrow=0 return_oop=0}
                      ; - kotlinx.coroutines.JobKt__JobKt::ensureActive@12 (line 603)
                      ; - kotlinx.coroutines.JobKt::ensureActive@1 (line 1)
                      ; - kotlinx.coroutines.BuildersKt__Builders_commonKt::withContext@23 (line 485)
                      ; - kotlinx.coroutines.BuildersKt::withContext@3 (line 1)
                      ; - org.jetbrains.skiko.redrawer.Direct3DRedrawer::draw@400 (line 83)
  0x000002858b0c3ef8: 8404 6eff 

  0x000002858b0c3efc: ;   {other}
  0x000002858b0c3efc: 0f1f 8400 | 6c33 0053 | 4c8b c545 | 8b18 4585 | db0f 849b | eaff ff4d | 8b57 2849 | 8bcb 48c1 
  0x000002858b0c3f1c: e103 4d85 | d20f 8461 | 0100 004d | 8b5f 384b | 894c 13f8 | 4983 c2f8 | 4d89 5728 | e971 eaff 
  0x000002858b0c3f3c: ff4d 8b57 | 584d 8b5f | 48f0 8344 | 24c0 0080 | 3900 0f84 | 94ea ffff | 4488 214d | 85db 751d 
  0x000002858b0c3f5c: 498b d749 | ba60 0581 | 73fe 7f00 | 0041 ffd2 

  0x000002858b0c3f6c: ;   {other}
  0x000002858b0c3f6c: 0f1f 8400 | 0000 0000 | e96f eaff | ff4b 894c | 1af8 4983 | c3f8 4d89 | 5f48 e95d | eaff ffba 
  0x000002858b0c3f8c: dfff ffff | 4c8b 5c24 | 384c 895c | 2430 4889 

  0x000002858b0c3f9c: ;   {runtime_call UncommonTrapBlob}
  0x000002858b0c3f9c: 4424 38e8 

  0x000002858b0c3fa0: ; ImmutableOopMap {rbp=Oop [32]=Oop [48]=Oop [56]=Oop }
                      ;*invokeinterface isWarnEnabled {reexecute=0 rethrow=0 return_oop=0}
                      ; - org.jetbrains.skiko.redrawer.Direct3DRedrawer::draw@533 (line 205)
  0x000002858b0c3fa0: dc03 6eff 

  0x000002858b0c3fa4: ;   {other}
  0x000002858b0c3fa4: 0f1f 8400 | 1434 0054 | badf ffff | ff4c 8b5c | 2438 4c89 | 5c24 3048 | 8944 2438 

  0x000002858b0c3fc0: ;   {runtime_call UncommonTrapBlob}
  0x000002858b0c3fc0: 6666 90e8 

  0x000002858b0c3fc4: ; ImmutableOopMap {rbp=Oop [32]=Oop [48]=Oop [56]=Oop }
                      ;*invokeinterface warn {reexecute=0 rethrow=0 return_oop=0}
                      ; - org.jetbrains.skiko.redrawer.Direct3DRedrawer::draw@566 (line 206)
  0x000002858b0c3fc4: b803 6eff 

  0x000002858b0c3fc8: ;   {other}
  0x000002858b0c3fc8: 0f1f 8400 | 3834 0055 | badf ffff | ff44 8b5c | 2428 4489 | 5c24 2048 | 8944 2428 

  0x000002858b0c3fe4: ;   {runtime_call UncommonTrapBlob}
  0x000002858b0c3fe4: 6666 90e8 

  0x000002858b0c3fe8: ; ImmutableOopMap {rbp=Oop [40]=Oop }
                      ;*invokeinterface renderImmediately {reexecute=0 rethrow=0 return_oop=0}
                      ; - org.jetbrains.skiko.redrawer.Direct3DRedrawer::draw@592 (line 210)
  0x000002858b0c3fe8: 9403 6eff 

  0x000002858b0c3fec: ;   {other}
  0x000002858b0c3fec: 0f1f 8400 | 5c34 0056 | 498b d749 | ba80 0581 | 73fe 7f00 | 0041 ffd2 

  0x000002858b0c4004: ;   {other}
  0x000002858b0c4004: 0f1f 8400 | 0000 0000 | e9ee e7ff | ffba c6ff | ffff 488b | ac24 8800 | 0000 8b4c | 242c 894c 
  0x000002858b0c4024: 2420 4c89 | 4c24 284c | 8954 2438 | 4c89 4424 | 4844 895c 

  0x000002858b0c4038: ;   {runtime_call UncommonTrapBlob}
  0x000002858b0c4038: 2424 90e8 

  0x000002858b0c403c: ; ImmutableOopMap {rbp=Oop [32]=NarrowOop [36]=NarrowOop [40]=Oop [56]=Oop [72]=Oop }
                      ;*invokeinterface get {reexecute=0 rethrow=0 return_oop=0}
                      ; - kotlin.coroutines.jvm.internal.ContinuationImpl::intercepted@19 (line 113)
                      ; - kotlin.coroutines.intrinsics.IntrinsicsKt__IntrinsicsJvmKt::intercepted@25 (line 182)
                      ; - kotlinx.coroutines.intrinsics.CancellableKt::startCoroutineCancellable@15 (line 26)
                      ; - kotlinx.coroutines.BuildersKt__Builders_commonKt::withContext@183 (line 502)
                      ; - kotlinx.coroutines.BuildersKt::withContext@3 (line 1)
                      ; - org.jetbrains.skiko.redrawer.Direct3DRedrawer::draw@400 (line 83)
  0x000002858b0c403c: 4003 6eff 

  0x000002858b0c4040: ;   {other}
  0x000002858b0c4040: 0f1f 8400 | b034 0057 | ba2c 0000 | 0048 8bac | 2488 0000 | 0044 8b54 | 242c 4489 

  0x000002858b0c405c: ;   {runtime_call UncommonTrapBlob}
  0x000002858b0c405c: 5424 20e8 

  0x000002858b0c4060: ; ImmutableOopMap {rbp=Oop [32]=NarrowOop [56]=Oop [64]=Oop }
                      ;*new {reexecute=0 rethrow=0 return_oop=0}
                      ; - kotlinx.coroutines.DispatchedCoroutine::trySuspend@64 (line 563)
                      ; - kotlinx.coroutines.DispatchedCoroutine::getResult$kotlinx_coroutines_core@1 (line 592)
                      ; - kotlinx.coroutines.BuildersKt__Builders_commonKt::withContext@188 (line 503)
                      ; - kotlinx.coroutines.BuildersKt::withContext@3 (line 1)
                      ; - org.jetbrains.skiko.redrawer.Direct3DRedrawer::draw@400 (line 83)
  0x000002858b0c4060: 1c03 6eff 

  0x000002858b0c4064: ;   {other}
  0x000002858b0c4064: 0f1f 8400 | d434 0058 | baf6 ffff | ff44 8b54 | 242c 4489 

  0x000002858b0c4078: ;   {runtime_call UncommonTrapBlob}
  0x000002858b0c4078: 5424 20e8 

  0x000002858b0c407c: ; ImmutableOopMap {rbp=Oop [32]=NarrowOop [56]=Oop }
                      ;*athrow {reexecute=1 rethrow=0 return_oop=0}
                      ; - (reexecute) kotlinx.coroutines.DispatchedCoroutine::getResult$kotlinx_coroutines_core@33 (line 595)
                      ; - kotlinx.coroutines.BuildersKt__Builders_commonKt::withContext@188 (line 503)
                      ; - kotlinx.coroutines.BuildersKt::withContext@3 (line 1)
                      ; - org.jetbrains.skiko.redrawer.Direct3DRedrawer::draw@400 (line 83)
  0x000002858b0c407c: 0003 6eff 

  0x000002858b0c4080: ;   {other}
  0x000002858b0c4080: 0f1f 8400 | f034 0059 | 498b d749 | ba80 0581 | 73fe 7f00 | 0041 ffd2 

  0x000002858b0c4098: ;   {other}
  0x000002858b0c4098: 0f1f 8400 | 0000 0000 | 4c8b c5e9 | 06e9 ffff | ba1e 0000 | 0048 8b6c | 2420 448b | 5424 2c44 
  0x000002858b0c40b8: 8954 2428 | 4c8b 5424 | 384c 8954 | 2430 4c89 | 4424 4089 

  0x000002858b0c40cc: ;   {runtime_call UncommonTrapBlob}
  0x000002858b0c40cc: 5c24 2ce8 

  0x000002858b0c40d0: ; ImmutableOopMap {rbp=Oop [40]=NarrowOop [44]=NarrowOop [48]=Oop [64]=Oop }
                      ;*new {reexecute=0 rethrow=0 return_oop=0}
                      ; - java.util.concurrent.locks.ReentrantLock$NonfairSync::initialTryLock@39
                      ; - java.util.concurrent.locks.ReentrantLock$Sync::lock@1
                      ; - java.util.concurrent.locks.ReentrantLock::lock@4
                      ; - java.awt.EventQueue::isDispatchThreadImpl@6
                      ; - java.awt.EventQueue::isDispatchThread@5
                      ; - javax.swing.SwingUtilities::isEventDispatchThread@0
                      ; - org.jetbrains.skiko.redrawer.Direct3DRedrawer::draw@208 (line 193)
  0x000002858b0c40d0: ac02 6eff 

  0x000002858b0c40d4: ;   {other}
  0x000002858b0c40d4: 0f1f 8400 | 4435 005a | bade ffff | ff48 8b6c | 2420 4c8b | 5424 384c | 8954 2430 | 4889 4424 
  0x000002858b0c40f4: ;   {runtime_call UncommonTrapBlob}
  0x000002858b0c40f4: 3866 90e8 

  0x000002858b0c40f8: ; ImmutableOopMap {rbp=Oop [44]=NarrowOop [48]=Oop [56]=Oop }
                      ;*checkcast {reexecute=0 rethrow=0 return_oop=0}
                      ; - sun.awt.SunToolkit::getSystemEventQueueImplPP@7
                      ; - sun.awt.SunToolkit::getSystemEventQueueImplPP@3
                      ; - sun.awt.SunToolkit::getSystemEventQueueImpl@0
                      ; - java.awt.Toolkit::getEventQueue@3
                      ; - java.awt.EventQueue::isDispatchThread@0
                      ; - javax.swing.SwingUtilities::isEventDispatchThread@0
                      ; - org.jetbrains.skiko.redrawer.Direct3DRedrawer::draw@208 (line 193)
  0x000002858b0c40f8: 8402 6eff 

  0x000002858b0c40fc: ;   {other}
  0x000002858b0c40fc: 0f1f 8400 | 6c35 005b | bade ffff | ff4c 8b54 | 2438 4c89 | 5424 204c | 8b54 2440 | 4c89 5424 
  0x000002858b0c411c: 3848 8944 

  0x000002858b0c4120: ;   {runtime_call UncommonTrapBlob}
  0x000002858b0c4120: 2440 90e8 

  0x000002858b0c4124: ; ImmutableOopMap {rbp=NarrowOop [32]=Oop [44]=NarrowOop [56]=Oop [64]=Oop [144]=Oop }
                      ;*checkcast {reexecute=0 rethrow=0 return_oop=0}
                      ; - kotlin.coroutines.CoroutineContext$DefaultImpls::plus@29 (line 32)
                      ; - kotlin.coroutines.CombinedContext::plus@2 (line 113)
                      ; - kotlinx.coroutines.CoroutineContextKt::newCoroutineContext@9 (line 42)
                      ; - kotlinx.coroutines.BuildersKt__Builders_commonKt::withContext@16 (line 483)
                      ; - kotlinx.coroutines.BuildersKt::withContext@3 (line 1)
                      ; - org.jetbrains.skiko.redrawer.Direct3DRedrawer::draw@400 (line 83)
  0x000002858b0c4124: 5802 6eff 

  0x000002858b0c4128: ;   {other}
  0x000002858b0c4128: 0f1f 8400 | 9835 005c | bade ffff | ff48 8bac | 2488 0000 | 0044 8b54 | 242c 4489 | 5424 204c 
  0x000002858b0c4148: 8b54 2440 | 4c89 5424 | 304c 8b54 | 2448 4c89 | 5424 384c | 8b54 2450 | 4c89 5424 | 4048 8944 
  0x000002858b0c4168: ;   {runtime_call UncommonTrapBlob}
  0x000002858b0c4168: 2448 90e8 

  0x000002858b0c416c: ; ImmutableOopMap {rbp=Oop [32]=NarrowOop [48]=Oop [56]=Oop [64]=Oop [72]=Oop [144]=Oop }
                      ;*checkcast {reexecute=0 rethrow=0 return_oop=0}
                      ; - kotlinx.coroutines.JobKt__JobKt::ensureActive@12 (line 603)
                      ; - kotlinx.coroutines.JobKt::ensureActive@1 (line 1)
                      ; - kotlinx.coroutines.BuildersKt__Builders_commonKt::withContext@23 (line 485)
                      ; - kotlinx.coroutines.BuildersKt::withContext@3 (line 1)
                      ; - org.jetbrains.skiko.redrawer.Direct3DRedrawer::draw@400 (line 83)
  0x000002858b0c416c: 1002 6eff 

  0x000002858b0c4170: ;   {other}
  0x000002858b0c4170: 0f1f 8400 | e035 005d | bade ffff | ff44 8b44 | 242c 4489 | 4424 2048 | 8944 2450 

  0x000002858b0c418c: ;   {runtime_call UncommonTrapBlob}
  0x000002858b0c418c: 6666 90e8 

  0x000002858b0c4190: ; ImmutableOopMap {rbp=Oop [32]=NarrowOop [56]=Oop [64]=Oop [80]=Oop [144]=Oop }
                      ;*checkcast {reexecute=0 rethrow=0 return_oop=0}
                      ; - kotlin.coroutines.CoroutineContext$DefaultImpls::plus@29 (line 32)
                      ; - kotlin.coroutines.CombinedContext::plus@2 (line 113)
                      ; - kotlinx.coroutines.AbstractCoroutine::<init>@36 (line 57)
                      ; - kotlinx.coroutines.internal.ScopeCoroutine::<init>@4 (line 11)
                      ; - kotlinx.coroutines.DispatchedCoroutine::<init>@3 (line 551)
                      ; - kotlinx.coroutines.BuildersKt__Builders_commonKt::withContext@170 (line 501)
                      ; - kotlinx.coroutines.BuildersKt::withContext@3 (line 1)
                      ; - org.jetbrains.skiko.redrawer.Direct3DRedrawer::draw@400 (line 83)
  0x000002858b0c4190: ec01 6eff 

  0x000002858b0c4194: ;   {other}
  0x000002858b0c4194: 0f1f 8400 | 0436 005e | bade ffff | ff41 8beb | 4489 5424 | 2048 8974 | 2428 4489 

  0x000002858b0c41b0: ;   {runtime_call UncommonTrapBlob}
  0x000002858b0c41b0: 4c24 24e8 

  0x000002858b0c41b4: ; ImmutableOopMap {[32]=NarrowOop [36]=NarrowOop [40]=Oop }
                      ;*checkcast {reexecute=0 rethrow=0 return_oop=0}
                      ; - org.jetbrains.skiko.redrawer.Direct3DRedrawer::draw@471 (line 81)
  0x000002858b0c41b4: c801 6eff 

  0x000002858b0c41b8: ;   {other}
  0x000002858b0c41b8: 0f1f 8400 | 2836 005f | bade ffff | ff48 8be9 | 4489 5c24 | 2044 8954 | 2424 4489 

  0x000002858b0c41d4: ;   {runtime_call UncommonTrapBlob}
  0x000002858b0c41d4: 4424 28e8 

  0x000002858b0c41d8: ; ImmutableOopMap {rbp=Oop [36]=NarrowOop [40]=NarrowOop }
                      ;*checkcast {reexecute=0 rethrow=0 return_oop=0}
                      ; - org.jetbrains.skiko.redrawer.Direct3DRedrawer::draw@481 (line 81)
  0x000002858b0c41d8: a401 6eff 

  0x000002858b0c41dc: ;   {other}
  0x000002858b0c41dc: 0f1f 8400 | 4c36 0060 | bade ffff | ff48 8b6c | 2438 448b | 4c24 2c44 | 894c 2420 | 4c89 5424 
  0x000002858b0c41fc: 6044 895c 

  0x000002858b0c4200: ;   {runtime_call UncommonTrapBlob}
  0x000002858b0c4200: 2424 90e8 

  0x000002858b0c4204: ; ImmutableOopMap {rbp=Oop [32]=NarrowOop [36]=NarrowOop [64]=Oop [80]=Oop [88]=Oop [96]=Oop [144]=Oop }
                      ;*instanceof {reexecute=0 rethrow=0 return_oop=0}
                      ; - kotlinx.coroutines.JobSupport::isCompleted@4 (line 179)
                      ; - kotlinx.coroutines.JobSupport::initParentJob@70 (line 151)
                      ; - kotlinx.coroutines.AbstractCoroutine::<init>@26 (line 50)
                      ; - kotlinx.coroutines.internal.ScopeCoroutine::<init>@4 (line 11)
                      ; - kotlinx.coroutines.DispatchedCoroutine::<init>@3 (line 551)
                      ; - kotlinx.coroutines.BuildersKt__Builders_commonKt::withContext@170 (line 501)
                      ; - kotlinx.coroutines.BuildersKt::withContext@3 (line 1)
                      ; - org.jetbrains.skiko.redrawer.Direct3DRedrawer::draw@400 (line 83)
  0x000002858b0c4204: 7801 6eff 

  0x000002858b0c4208: ;   {other}
  0x000002858b0c4208: 0f1f 8400 | 7836 0061 | 488b d0e9 | 26d1 ffff | baf4 ffff | ff49 8bea 

  0x000002858b0c4220: ;   {runtime_call UncommonTrapBlob}
  0x000002858b0c4220: 6666 90e8 

  0x000002858b0c4224: ; ImmutableOopMap {rbp=Oop }
                      ;*instanceof {reexecute=0 rethrow=0 return_oop=0}
                      ; - org.jetbrains.skiko.redrawer.Direct3DRedrawer::draw@1
  0x000002858b0c4224: 5801 6eff 

  0x000002858b0c4228: ;   {other}
  0x000002858b0c4228: 0f1f 8400 | 9836 0062 | 448b 5808 | 49b8 0000 | 0000 0800 | 0000 4d03 | c3e9 f8f0 | ffff 4c8b 
  0x000002858b0c4248: d0e9 bfe5 | ffff 448b | 5808 49b8 | 0000 0000 | 0800 0000 | 4d03 c3e9 | daf0 ffff | baf4 ffff 
  0x000002858b0c4268: ff41 8beb | 4489 5424 | 2048 8974 

  0x000002858b0c4274: ;   {runtime_call UncommonTrapBlob}
  0x000002858b0c4274: 2428 90e8 

  0x000002858b0c4278: ; ImmutableOopMap {[32]=NarrowOop [40]=Oop }
                      ;*checkcast {reexecute=0 rethrow=0 return_oop=0}
                      ; - org.jetbrains.skiko.redrawer.Direct3DRedrawer::draw@471 (line 81)
  0x000002858b0c4278: 0401 6eff 

  0x000002858b0c427c: ;   {other}
  0x000002858b0c427c: 0f1f 8400 | ec36 0063 | baf4 ffff | ff48 8be9 | 4489 5c24 | 2044 8954 

  0x000002858b0c4294: ;   {runtime_call UncommonTrapBlob}
  0x000002858b0c4294: 2424 90e8 

  0x000002858b0c4298: ; ImmutableOopMap {rbp=Oop [36]=NarrowOop }
                      ;*checkcast {reexecute=0 rethrow=0 return_oop=0}
                      ; - org.jetbrains.skiko.redrawer.Direct3DRedrawer::draw@481 (line 81)
  0x000002858b0c4298: e400 6eff 

  0x000002858b0c429c: ;   {other}
  0x000002858b0c429c: 0f1f 8400 | 0c37 0064 | baf6 ffff | ff49 8be9 | 4889 4c24 | 2044 895c | 2428 4489 

  0x000002858b0c42b8: ;   {runtime_call UncommonTrapBlob}
  0x000002858b0c42b8: 5424 2ce8 

  0x000002858b0c42bc: ; ImmutableOopMap {rbp=Oop [32]=Oop [44]=NarrowOop }
                      ;*athrow {reexecute=1 rethrow=0 return_oop=0}
                      ; - (reexecute) kotlin.ResultKt::throwOnFailure@14 (line 132)
                      ; - org.jetbrains.skiko.redrawer.Direct3DRedrawer::draw@488 (line 81)
  0x000002858b0c42bc: c000 6eff 

  0x000002858b0c42c0: ;   {other}
  0x000002858b0c42c0: 0f1f 8400 | 3037 0065 | ba45 ffff | ff44 8954 

  0x000002858b0c42d0: ;   {runtime_call UncommonTrapBlob}
  0x000002858b0c42d0: 2420 90e8 

  0x000002858b0c42d4: ; ImmutableOopMap {[32]=NarrowOop }
                      ;*ifnull {reexecute=1 rethrow=0 return_oop=0}
                      ; - (reexecute) org.jetbrains.skiko.redrawer.Direct3DRedrawer::draw@636 (line 217)
  0x000002858b0c42d4: a800 6eff 

  0x000002858b0c42d8: ;   {other}
  0x000002858b0c42d8: 0f1f 8400 | 4837 0066 | baf4 ffff | ff48 8b6c 

  0x000002858b0c42e8: ;   {runtime_call UncommonTrapBlob}
  0x000002858b0c42e8: 2420 90e8 

  0x000002858b0c42ec: ; ImmutableOopMap {rbp=Oop [44]=NarrowOop [56]=Oop }
                      ;*checkcast {reexecute=0 rethrow=0 return_oop=0}
                      ; - sun.awt.SunToolkit::getSystemEventQueueImplPP@7
                      ; - sun.awt.SunToolkit::getSystemEventQueueImplPP@3
                      ; - sun.awt.SunToolkit::getSystemEventQueueImpl@0
                      ; - java.awt.Toolkit::getEventQueue@3
                      ; - java.awt.EventQueue::isDispatchThread@0
                      ; - javax.swing.SwingUtilities::isEventDispatchThread@0
                      ; - org.jetbrains.skiko.redrawer.Direct3DRedrawer::draw@208 (line 193)
  0x000002858b0c42ec: 9000 6eff 

  0x000002858b0c42f0: ;   {other}
  0x000002858b0c42f0: 0f1f 8400 | 6037 0067 | baf6 ffff | ff48 8b6c | 2420 4c8b | 5424 384c | 8954 2430 | 4c89 4424 
  0x000002858b0c4310: ;   {runtime_call UncommonTrapBlob}
  0x000002858b0c4310: 4066 90e8 

  0x000002858b0c4314: ; ImmutableOopMap {rbp=Oop [44]=NarrowOop [48]=Oop [64]=Oop }
                      ;*invokeinterface lock {reexecute=0 rethrow=0 return_oop=0}
                      ; - java.awt.EventQueue::isDispatchThreadImpl@6
                      ; - java.awt.EventQueue::isDispatchThread@5
                      ; - javax.swing.SwingUtilities::isEventDispatchThread@0
                      ; - org.jetbrains.skiko.redrawer.Direct3DRedrawer::draw@208 (line 193)
  0x000002858b0c4314: 6800 6eff 

  0x000002858b0c4318: ;   {other}
  0x000002858b0c4318: 0f1f 8400 | 8837 0068 | baf6 ffff | ff48 8b6c 

  0x000002858b0c4328: ;   {runtime_call UncommonTrapBlob}
  0x000002858b0c4328: 2420 90e8 

  0x000002858b0c432c: ; ImmutableOopMap {rbp=Oop [44]=NarrowOop [56]=Oop }
                      ;*invokeinterface unlock {reexecute=0 rethrow=0 return_oop=0}
                      ; - java.awt.EventQueue::isDispatchThreadImpl@78
                      ; - java.awt.EventQueue::isDispatchThread@5
                      ; - javax.swing.SwingUtilities::isEventDispatchThread@0
                      ; - org.jetbrains.skiko.redrawer.Direct3DRedrawer::draw@208 (line 193)
  0x000002858b0c432c: 5000 6eff 

  0x000002858b0c4330: ;   {other}
  0x000002858b0c4330: 0f1f 8400 | a037 0069 | baf6 ffff | ff48 8b6c 

  0x000002858b0c4340: ;   {runtime_call UncommonTrapBlob}
  0x000002858b0c4340: 2420 90e8 

  0x000002858b0c4344: ; ImmutableOopMap {rbp=Oop [44]=NarrowOop [56]=Oop }
                      ;*invokevirtual release {reexecute=0 rethrow=0 return_oop=0}
                      ; - java.util.concurrent.locks.ReentrantLock::unlock@5
                      ; - java.awt.EventQueue::isDispatchThreadImpl@78
                      ; - java.awt.EventQueue::isDispatchThread@5
                      ; - javax.swing.SwingUtilities::isEventDispatchThread@0
                      ; - org.jetbrains.skiko.redrawer.Direct3DRedrawer::draw@208 (line 193)
  0x000002858b0c4344: 3800 6eff 

  0x000002858b0c4348: ;   {other}
  0x000002858b0c4348: 0f1f 8400 | b837 006a | baf6 ffff | ff48 8b6c 

  0x000002858b0c4358: ;   {runtime_call UncommonTrapBlob}
  0x000002858b0c4358: 2420 90e8 

  0x000002858b0c435c: ; ImmutableOopMap {rbp=Oop [44]=NarrowOop [56]=Oop }
                      ;*getfield isDisposed {reexecute=1 rethrow=0 return_oop=0}
                      ; - (reexecute) org.jetbrains.skiko.SkiaLayer::access$isDisposed$p@1 (line 30)
                      ; - org.jetbrains.skiko.redrawer.Direct3DRedrawer::draw@236 (line 194)
  0x000002858b0c435c: 2000 6eff 

  0x000002858b0c4360: ;   {other}
  0x000002858b0c4360: 0f1f 8400 | d037 006b | baf6 ffff | ff48 8b6c | 2420 4489 

  0x000002858b0c4374: ;   {runtime_call UncommonTrapBlob}
  0x000002858b0c4374: 5424 28e8 

  0x000002858b0c4378: ; ImmutableOopMap {rbp=Oop [40]=NarrowOop [56]=Oop }
                      ;*invokevirtual getDefaultTransform {reexecute=0 rethrow=0 return_oop=0}
                      ; - org.jetbrains.skiko.SkiaLayer::getContentScale@4 (line 294)
                      ; - org.jetbrains.skiko.SkiaLayer::createDrawScope@17 (line 652)
                      ; - org.jetbrains.skiko.SkiaLayer::access$createDrawScope@1 (line 30)
                      ; - org.jetbrains.skiko.redrawer.Direct3DRedrawer::draw@290 (line 197)
  0x000002858b0c4378: 0400 6eff 

  0x000002858b0c437c: ;   {other}
  0x000002858b0c437c: 0f1f 8400 | ec37 006c | baf6 ffff | ff48 8b6c | 2420 4489 

  0x000002858b0c4390: ;   {runtime_call UncommonTrapBlob}
  0x000002858b0c4390: 5424 28e8 

  0x000002858b0c4394: ; ImmutableOopMap {rbp=Oop [40]=NarrowOop [56]=Oop }
                      ;*invokevirtual getDefaultScaleX {reexecute=0 rethrow=0 return_oop=0}
                      ; - sun.awt.Win32GraphicsConfig::getDefaultTransform@4
                      ; - org.jetbrains.skiko.SkiaLayer::getContentScale@4 (line 294)
                      ; - org.jetbrains.skiko.SkiaLayer::createDrawScope@17 (line 652)
                      ; - org.jetbrains.skiko.SkiaLayer::access$createDrawScope@1 (line 30)
                      ; - org.jetbrains.skiko.redrawer.Direct3DRedrawer::draw@290 (line 197)
  0x000002858b0c4394: e8ff 6dff 

  0x000002858b0c4398: ;   {other}
  0x000002858b0c4398: 0f1f 8400 | 0838 006d | baf4 ffff | ff4c 8b54 | 2438 4c89 | 5424 204c | 8b54 2440 | 4c89 5424 
  0x000002858b0c43b8: ;   {runtime_call UncommonTrapBlob}
  0x000002858b0c43b8: 3866 90e8 

  0x000002858b0c43bc: ; ImmutableOopMap {rbp=NarrowOop [32]=Oop [44]=NarrowOop [56]=Oop [144]=Oop }
                      ;*checkcast {reexecute=0 rethrow=0 return_oop=0}
                      ; - kotlin.coroutines.CoroutineContext$DefaultImpls::plus@29 (line 32)
                      ; - kotlin.coroutines.CombinedContext::plus@2 (line 113)
                      ; - kotlinx.coroutines.CoroutineContextKt::newCoroutineContext@9 (line 42)
                      ; - kotlinx.coroutines.BuildersKt__Builders_commonKt::withContext@16 (line 483)
                      ; - kotlinx.coroutines.BuildersKt::withContext@3 (line 1)
                      ; - org.jetbrains.skiko.redrawer.Direct3DRedrawer::draw@400 (line 83)
  0x000002858b0c43bc: c0ff 6dff 

  0x000002858b0c43c0: ;   {other}
  0x000002858b0c43c0: 0f1f 8400 | 3038 006e | baf4 ffff | ff4c 8b94 | 2488 0000 | 004c 8954 | 2420 4c8b | 5424 404c 
  0x000002858b0c43e0: 8954 2438 | 4c8b 5424 | 484c 8954 | 2440 4c8b | 5424 504c | 8954 2448 

  0x000002858b0c43f8: ;   {runtime_call UncommonTrapBlob}
  0x000002858b0c43f8: 6666 90e8 

  0x000002858b0c43fc: ; ImmutableOopMap {rbp=Oop [32]=Oop [44]=NarrowOop [56]=Oop [64]=Oop [72]=Oop [144]=Oop }
                      ;*instanceof {reexecute=0 rethrow=0 return_oop=0}
                      ; - kotlinx.coroutines.JobSupport::isActive@6 (line 176)
                      ; - kotlinx.coroutines.AbstractCoroutine::isActive@1 (line 64)
                      ; - kotlinx.coroutines.JobKt__JobKt::ensureActive@1 (line 585)
                      ; - kotlinx.coroutines.JobKt::ensureActive@1 (line 1)
                      ; - kotlinx.coroutines.JobKt__JobKt::ensureActive@19 (line 603)
                      ; - kotlinx.coroutines.JobKt::ensureActive@1 (line 1)
                      ; - kotlinx.coroutines.BuildersKt__Builders_commonKt::withContext@23 (line 485)
                      ; - kotlinx.coroutines.BuildersKt::withContext@3 (line 1)
                      ; - org.jetbrains.skiko.redrawer.Direct3DRedrawer::draw@400 (line 83)
  0x000002858b0c43fc: 80ff 6dff 

  0x000002858b0c4400: ;   {other}
  0x000002858b0c4400: 0f1f 8400 | 7038 006f | baf4 ffff | ff44 8b5c | 242c 4489 

  0x000002858b0c4414: ;   {runtime_call UncommonTrapBlob}
  0x000002858b0c4414: 5c24 20e8 

  0x000002858b0c4418: ; ImmutableOopMap {rbp=Oop [32]=NarrowOop [56]=Oop [64]=Oop [144]=Oop }
                      ;*checkcast {reexecute=0 rethrow=0 return_oop=0}
                      ; - kotlin.coroutines.CoroutineContext$DefaultImpls::plus@29 (line 32)
                      ; - kotlin.coroutines.CombinedContext::plus@2 (line 113)
                      ; - kotlinx.coroutines.AbstractCoroutine::<init>@36 (line 57)
                      ; - kotlinx.coroutines.internal.ScopeCoroutine::<init>@4 (line 11)
                      ; - kotlinx.coroutines.DispatchedCoroutine::<init>@3 (line 551)
                      ; - kotlinx.coroutines.BuildersKt__Builders_commonKt::withContext@170 (line 501)
                      ; - kotlinx.coroutines.BuildersKt::withContext@3 (line 1)
                      ; - org.jetbrains.skiko.redrawer.Direct3DRedrawer::draw@400 (line 83)
  0x000002858b0c4418: 64ff 6dff 

  0x000002858b0c441c: ;   {other}
  0x000002858b0c441c: 0f1f 8400 | 8c38 0070 | baf4 ffff | ff48 8bac | 2488 0000 | 0044 8b54 | 242c 4489 | 5424 204c 
  0x000002858b0c443c: 895c 2468 | 4c89 5c24 

  0x000002858b0c4444: ;   {runtime_call UncommonTrapBlob}
  0x000002858b0c4444: 7066 90e8 

  0x000002858b0c4448: ; ImmutableOopMap {rbp=Oop [32]=NarrowOop [64]=Oop [80]=Oop [88]=Oop [104]=Oop [112]=Oop [144]=Oop }
                      ;*instanceof {reexecute=0 rethrow=0 return_oop=0}
                      ; - kotlinx.coroutines.JobSupport::startInternal@3 (line 391)
                      ; - kotlinx.coroutines.JobSupport::start@15 (line 378)
                      ; - kotlinx.coroutines.JobSupport::initParentJob@47 (line 147)
                      ; - kotlinx.coroutines.AbstractCoroutine::<init>@26 (line 50)
                      ; - kotlinx.coroutines.internal.ScopeCoroutine::<init>@4 (line 11)
                      ; - kotlinx.coroutines.DispatchedCoroutine::<init>@3 (line 551)
                      ; - kotlinx.coroutines.BuildersKt__Builders_commonKt::withContext@170 (line 501)
                      ; - kotlinx.coroutines.BuildersKt::withContext@3 (line 1)
                      ; - org.jetbrains.skiko.redrawer.Direct3DRedrawer::draw@400 (line 83)
  0x000002858b0c4448: 34ff 6dff 

  0x000002858b0c444c: ;   {other}
  0x000002858b0c444c: 0f1f 8400 | bc38 0071 | baf4 ffff | ff48 8b6c | 2438 448b | 4c24 2c44 | 894c 2420 | 4c89 5424 
  0x000002858b0c446c: ;   {runtime_call UncommonTrapBlob}
  0x000002858b0c446c: 6066 90e8 

  0x000002858b0c4470: ; ImmutableOopMap {rbp=Oop [32]=NarrowOop [64]=Oop [80]=Oop [88]=Oop [96]=Oop [144]=Oop }
                      ;*instanceof {reexecute=0 rethrow=0 return_oop=0}
                      ; - kotlinx.coroutines.JobSupport::isCompleted@4 (line 179)
                      ; - kotlinx.coroutines.JobSupport::initParentJob@70 (line 151)
                      ; - kotlinx.coroutines.AbstractCoroutine::<init>@26 (line 50)
                      ; - kotlinx.coroutines.internal.ScopeCoroutine::<init>@4 (line 11)
                      ; - kotlinx.coroutines.DispatchedCoroutine::<init>@3 (line 551)
                      ; - kotlinx.coroutines.BuildersKt__Builders_commonKt::withContext@170 (line 501)
                      ; - kotlinx.coroutines.BuildersKt::withContext@3 (line 1)
                      ; - org.jetbrains.skiko.redrawer.Direct3DRedrawer::draw@400 (line 83)
  0x000002858b0c4470: 0cff 6dff 

  0x000002858b0c4474: ;   {other}
  0x000002858b0c4474: 0f1f 8400 | e438 0072 | eb04 eb02 | eb00 448b | 5808 49b8 | 0000 0000 | 0800 0000 | 4d03 c3e9 
  0x000002858b0c4494: a6ee ffff | eb02 eb00 | 448b 5808 | 49b8 0000 | 0000 0800 | 0000 4d03 | c3e9 8cee | ffff eb02 
  0x000002858b0c44b4: eb00 448b | 5808 49b8 | 0000 0000 | 0800 0000 | 4d03 c3e9 | 72ee ffff | eb06 eb04 | eb02 eb00 
  0x000002858b0c44d4: 448b 5808 | 49b8 0000 | 0000 0800 | 0000 4d03 | c3e9 54ee | ffff 488b | d0e9 4cce | ffff 488b 
  0x000002858b0c44f4: d0e9 44ce | ffff 488b | d0e9 3cce | ffff 488b | d0e9 34ce | ffff 488b | d0e9 2cce | ffff 488b 
  0x000002858b0c4514: d0e9 24ce | ffff baf4 | ffff ff48 | 8bac 2488 | 0000 0044 | 8b54 242c | 4489 5424 | 204c 8b54 
  0x000002858b0c4534: 2438 4c89 | 5424 284c | 8b54 2440 | 4c89 5424 | 3848 8944 

  0x000002858b0c4548: ;   {runtime_call UncommonTrapBlob}
  0x000002858b0c4548: 2460 90e8 

  0x000002858b0c454c: ; ImmutableOopMap {rbp=Oop [32]=NarrowOop [40]=Oop [56]=Oop [72]=Oop [80]=Oop [96]=Oop }
                      ;*checkcast {reexecute=0 rethrow=0 return_oop=0}
                      ; - kotlinx.coroutines.internal.ThreadContextKt$$Lambda/0x00000008001cd410::invoke@2
                      ; - kotlin.coroutines.CombinedContext::fold@22 (line 133)
                      ; - kotlinx.coroutines.internal.ThreadContextKt::threadContextElements@8 (line 55)
                      ; - kotlinx.coroutines.internal.DispatchedContinuation::<init>@27 (line 22)
                      ; - kotlinx.coroutines.CoroutineDispatcher::interceptContinuation@6 (line 282)
                      ; - kotlin.coroutines.jvm.internal.ContinuationImpl::intercepted@35 (line 113)
                      ; - kotlin.coroutines.intrinsics.IntrinsicsKt__IntrinsicsJvmKt::intercepted@25 (line 182)
                      ; - kotlinx.coroutines.intrinsics.CancellableKt::startCoroutineCancellable@15 (line 26)
                      ; - kotlinx.coroutines.BuildersKt__Builders_commonKt::withContext@183 (line 502)
                      ; - kotlinx.coroutines.BuildersKt::withContext@3 (line 1)
                      ; - org.jetbrains.skiko.redrawer.Direct3DRedrawer::draw@400 (line 83)
  0x000002858b0c454c: 30fe 6dff 

  0x000002858b0c4550: ;   {other}
  0x000002858b0c4550: 0f1f 8400 | c039 0073 | baf4 ffff | ff48 8bac | 2488 0000 | 0044 8b54 | 242c 4489 | 5424 204c 
  0x000002858b0c4570: 8b54 2440 | 4c89 5424 | 304c 8b54 | 2448 4c89 | 5424 384c | 8b54 2450 | 4c89 5424 

  0x000002858b0c458c: ;   {runtime_call UncommonTrapBlob}
  0x000002858b0c458c: 4066 90e8 

  0x000002858b0c4590: ; ImmutableOopMap {rbp=Oop [32]=NarrowOop [48]=Oop [56]=Oop [64]=Oop [144]=Oop }
                      ;*instanceof {reexecute=0 rethrow=0 return_oop=0}
                      ; - kotlin.coroutines.CombinedContext::get@39 (line 124)
                      ; - kotlinx.coroutines.JobKt__JobKt::ensureActive@7 (line 603)
                      ; - kotlinx.coroutines.JobKt::ensureActive@1 (line 1)
                      ; - kotlinx.coroutines.BuildersKt__Builders_commonKt::withContext@23 (line 485)
                      ; - kotlinx.coroutines.BuildersKt::withContext@3 (line 1)
                      ; - org.jetbrains.skiko.redrawer.Direct3DRedrawer::draw@400 (line 83)
  0x000002858b0c4590: ecfd 6dff 

  0x000002858b0c4594: ;   {other}
  0x000002858b0c4594: 0f1f 8400 | 043a 0074 | baf4 ffff | ff48 8bac | 2488 0000 | 0044 8b5c | 242c 4489 | 5c24 204c 
  0x000002858b0c45b4: 8b54 2440 | 4c89 5424 | 304c 8b54 | 2450 4c89 

  0x000002858b0c45c4: ;   {runtime_call UncommonTrapBlob}
  0x000002858b0c45c4: 5424 40e8 

  0x000002858b0c45c8: ; ImmutableOopMap {rbp=Oop [32]=NarrowOop [48]=Oop [56]=Oop [64]=Oop [144]=Oop }
                      ;*instanceof {reexecute=0 rethrow=0 return_oop=0}
                      ; - kotlin.coroutines.CombinedContext::get@39 (line 124)
                      ; - kotlinx.coroutines.BuildersKt__Builders_commonKt::withContext@64 (line 493)
                      ; - kotlinx.coroutines.BuildersKt::withContext@3 (line 1)
                      ; - org.jetbrains.skiko.redrawer.Direct3DRedrawer::draw@400 (line 83)
  0x000002858b0c45c8: b4fd 6dff 

  0x000002858b0c45cc: ;   {other}
  0x000002858b0c45cc: 0f1f 8400 | 3c3a 0075 | baf4 ffff | ff48 8bac | 2488 0000 | 0044 8b5c | 242c 4489 | 5c24 204c 
  0x000002858b0c45ec: 8b54 2440 | 4c89 5424 | 304c 8b54 | 2450 4c89 

  0x000002858b0c45fc: ;   {runtime_call UncommonTrapBlob}
  0x000002858b0c45fc: 5424 38e8 

  0x000002858b0c4600: ; ImmutableOopMap {rbp=Oop [32]=NarrowOop [48]=Oop [56]=Oop [88]=Oop [144]=Oop }
                      ;*instanceof {reexecute=0 rethrow=0 return_oop=0}
                      ; - kotlin.coroutines.CombinedContext::get@39 (line 124)
                      ; - kotlinx.coroutines.BuildersKt__Builders_commonKt::withContext@77 (line 493)
                      ; - kotlinx.coroutines.BuildersKt::withContext@3 (line 1)
                      ; - org.jetbrains.skiko.redrawer.Direct3DRedrawer::draw@400 (line 83)
  0x000002858b0c4600: 7cfd 6dff 

  0x000002858b0c4604: ;   {other}
  0x000002858b0c4604: 0f1f 8400 | 743a 0076 | baf4 ffff | ff48 8bac | 2488 0000 | 0044 8b5c | 242c 4489 

  0x000002858b0c4620: ;   {runtime_call UncommonTrapBlob}
  0x000002858b0c4620: 5c24 20e8 

  0x000002858b0c4624: ; ImmutableOopMap {rbp=Oop [32]=NarrowOop [64]=Oop [80]=Oop [88]=Oop [144]=Oop }
                      ;*instanceof {reexecute=0 rethrow=0 return_oop=0}
                      ; - kotlin.coroutines.CombinedContext::get@39 (line 124)
                      ; - kotlinx.coroutines.AbstractCoroutine::<init>@18 (line 50)
                      ; - kotlinx.coroutines.internal.ScopeCoroutine::<init>@4 (line 11)
                      ; - kotlinx.coroutines.DispatchedCoroutine::<init>@3 (line 551)
                      ; - kotlinx.coroutines.BuildersKt__Builders_commonKt::withContext@170 (line 501)
                      ; - kotlinx.coroutines.BuildersKt::withContext@3 (line 1)
                      ; - org.jetbrains.skiko.redrawer.Direct3DRedrawer::draw@400 (line 83)
  0x000002858b0c4624: 58fd 6dff 

  0x000002858b0c4628: ;   {other}
  0x000002858b0c4628: 0f1f 8400 | 983a 0077 | 448b 5808 | 49b8 0000 | 0000 0800 | 0000 4d03 | c3e9 f8ec | ffff ba45 
  0x000002858b0c4648: ffff ff44 | 8944 2420 

  0x000002858b0c4650: ;   {runtime_call UncommonTrapBlob}
  0x000002858b0c4650: 6666 90e8 

  0x000002858b0c4654: ; ImmutableOopMap {[32]=NarrowOop }
                      ;*ifnonnull {reexecute=1 rethrow=0 return_oop=0}
                      ; - (reexecute) org.jetbrains.skiko.redrawer.Direct3DRedrawer::draw@109 (line 183)
  0x000002858b0c4654: 28fd 6dff 

  0x000002858b0c4658: ;   {other}
  0x000002858b0c4658: 0f1f 8400 | c83a 0078 | ba45 ffff | ff4c 895c | 2420 4489 | 5424 2848 | 8974 2430 | 897c 242c 
  0x000002858b0c4678: ;   {runtime_call UncommonTrapBlob}
  0x000002858b0c4678: 6666 90e8 

  0x000002858b0c467c: ; ImmutableOopMap {[32]=Oop [40]=NarrowOop [44]=NarrowOop [48]=Oop }
                      ;*ifnonnull {reexecute=1 rethrow=0 return_oop=0}
                      ; - (reexecute) java.awt.Toolkit::getDefaultToolkit@3
                      ; - java.awt.Toolkit::getEventQueue@0
                      ; - java.awt.EventQueue::isDispatchThread@0
                      ; - javax.swing.SwingUtilities::isEventDispatchThread@0
                      ; - org.jetbrains.skiko.redrawer.Direct3DRedrawer::draw@208 (line 193)
  0x000002858b0c467c: 00fd 6dff 

  0x000002858b0c4680: ;   {other}
  0x000002858b0c4680: 0f1f 8400 | f03a 0079 | ba45 ffff | ff44 8954 | 2428 4889 | 5c24 384c | 894c 2440 | 4c89 4424 
  0x000002858b0c46a0: ;   {runtime_call UncommonTrapBlob}
  0x000002858b0c46a0: 4866 90e8 

  0x000002858b0c46a4: ; ImmutableOopMap {rbp=NarrowOop [40]=NarrowOop [56]=Oop [64]=Oop [72]=Oop }
                      ;*ifnonnull {reexecute=1 rethrow=0 return_oop=0}
                      ; - (reexecute) kotlin.jvm.internal.Intrinsics::checkNotNull@1 (line 24)
                      ; - kotlin.coroutines.jvm.internal.ContinuationImpl::getContext@5 (line 106)
                      ; - kotlinx.coroutines.BuildersKt__Builders_commonKt::withContext@6 (line 481)
                      ; - kotlinx.coroutines.BuildersKt::withContext@3 (line 1)
                      ; - org.jetbrains.skiko.redrawer.Direct3DRedrawer::draw@400 (line 83)
  0x000002858b0c46a4: d8fc 6dff 

  0x000002858b0c46a8: ;   {other}
  0x000002858b0c46a8: 0f1f 8400 | 183b 007a | baf4 ffff | ff48 8bac | 2488 0000 | 0044 8b5c | 242c 4489 | 5c24 204c 
  0x000002858b0c46c8: 8b54 2438 | 4c89 5424 | 284c 8b54 | 2440 4c89 

  0x000002858b0c46d8: ;   {runtime_call UncommonTrapBlob}
  0x000002858b0c46d8: 5424 38e8 

  0x000002858b0c46dc: ; ImmutableOopMap {rbp=Oop [32]=NarrowOop [40]=Oop [56]=Oop [72]=Oop }
                      ;*instanceof {reexecute=0 rethrow=0 return_oop=0}
                      ; - kotlin.coroutines.CombinedContext::get@39 (line 124)
                      ; - kotlin.coroutines.jvm.internal.ContinuationImpl::intercepted@19 (line 113)
                      ; - kotlin.coroutines.intrinsics.IntrinsicsKt__IntrinsicsJvmKt::intercepted@25 (line 182)
                      ; - kotlinx.coroutines.intrinsics.CancellableKt::startCoroutineCancellable@15 (line 26)
                      ; - kotlinx.coroutines.BuildersKt__Builders_commonKt::withContext@183 (line 502)
                      ; - kotlinx.coroutines.BuildersKt::withContext@3 (line 1)
                      ; - org.jetbrains.skiko.redrawer.Direct3DRedrawer::draw@400 (line 83)
  0x000002858b0c46dc: a0fc 6dff 

  0x000002858b0c46e0: ;   {other}
  0x000002858b0c46e0: 0f1f 8400 | 503b 007b | ba45 ffff | ff48 8bac | 2488 0000 | 008b 5c24 | 2c89 5c24 | 204c 894c 
  0x000002858b0c4700: 2428 4c89 | 5424 384c | 8944 2448 | 4489 5c24 

  0x000002858b0c4710: ;   {runtime_call UncommonTrapBlob}
  0x000002858b0c4710: 5066 90e8 

  0x000002858b0c4714: ; ImmutableOopMap {rbp=Oop [32]=NarrowOop [40]=Oop [56]=Oop [72]=Oop [80]=NarrowOop }
                      ;*ifnonnull {reexecute=1 rethrow=0 return_oop=0}
                      ; - (reexecute) kotlin.jvm.internal.Intrinsics::checkNotNull@1 (line 24)
                      ; - kotlin.coroutines.jvm.internal.ContinuationImpl::getContext@5 (line 106)
                      ; - kotlin.coroutines.jvm.internal.ContinuationImpl::intercepted@10 (line 113)
                      ; - kotlin.coroutines.intrinsics.IntrinsicsKt__IntrinsicsJvmKt::intercepted@25 (line 182)
                      ; - kotlinx.coroutines.intrinsics.CancellableKt::startCoroutineCancellable@15 (line 26)
                      ; - kotlinx.coroutines.BuildersKt__Builders_commonKt::withContext@183 (line 502)
                      ; - kotlinx.coroutines.BuildersKt::withContext@3 (line 1)
                      ; - org.jetbrains.skiko.redrawer.Direct3DRedrawer::draw@400 (line 83)
  0x000002858b0c4714: 68fc 6dff 

  0x000002858b0c4718: ;   {other}
  0x000002858b0c4718: 0f1f 8400 | 883b 007c | ba45 ffff | ff48 8bac | 2488 0000 | 0044 8b4c | 242c 4489 | 4c24 204c 
  0x000002858b0c4738: 8b4c 2438 | 4c89 4c24 | 284c 8b4c | 2440 4c89 | 4c24 384c | 8954 2458 | 4489 5c24 

  0x000002858b0c4754: ;   {runtime_call UncommonTrapBlob}
  0x000002858b0c4754: 6066 90e8 

  0x000002858b0c4758: ; ImmutableOopMap {rbp=Oop [32]=NarrowOop [40]=Oop [56]=Oop [72]=Oop [88]=Oop [96]=NarrowOop }
                      ;*ifnonnull {reexecute=1 rethrow=0 return_oop=0}
                      ; - (reexecute) kotlin.jvm.internal.Intrinsics::checkNotNull@1 (line 24)
                      ; - kotlin.coroutines.jvm.internal.ContinuationImpl::getContext@5 (line 106)
                      ; - kotlinx.coroutines.internal.DispatchedContinuation::getContext@4
                      ; - kotlinx.coroutines.internal.DispatchedContinuation::<init>@24 (line 22)
                      ; - kotlinx.coroutines.CoroutineDispatcher::interceptContinuation@6 (line 282)
                      ; - kotlin.coroutines.jvm.internal.ContinuationImpl::intercepted@35 (line 113)
                      ; - kotlin.coroutines.intrinsics.IntrinsicsKt__IntrinsicsJvmKt::intercepted@25 (line 182)
                      ; - kotlinx.coroutines.intrinsics.CancellableKt::startCoroutineCancellable@15 (line 26)
                      ; - kotlinx.coroutines.BuildersKt__Builders_commonKt::withContext@183 (line 502)
                      ; - kotlinx.coroutines.BuildersKt::withContext@3 (line 1)
                      ; - org.jetbrains.skiko.redrawer.Direct3DRedrawer::draw@400 (line 83)
  0x000002858b0c4758: 24fc 6dff 

  0x000002858b0c475c: ;   {other}
  0x000002858b0c475c: 0f1f 8400 | cc3b 007d | baf6 ffff 

  0x000002858b0c4768: ;   {runtime_call UncommonTrapBlob}
  0x000002858b0c4768: ff66 90e8 

  0x000002858b0c476c: ; ImmutableOopMap {rbp=Oop [32]=Oop [56]=Oop }
                      ;*invokeinterface isWarnEnabled {reexecute=0 rethrow=0 return_oop=0}
                      ; - org.jetbrains.skiko.redrawer.Direct3DRedrawer::draw@533 (line 205)
  0x000002858b0c476c: 10fc 6dff 

  0x000002858b0c4770: ;   {other}
  0x000002858b0c4770: 0f1f 8400 | e03b 007e | baf6 ffff 

  0x000002858b0c477c: ;   {runtime_call UncommonTrapBlob}
  0x000002858b0c477c: ff66 90e8 

  0x000002858b0c4780: ; ImmutableOopMap {rbp=Oop [32]=Oop [56]=Oop }
                      ;*invokeinterface warn {reexecute=0 rethrow=0 return_oop=0}
                      ; - org.jetbrains.skiko.redrawer.Direct3DRedrawer::draw@566 (line 206)
  0x000002858b0c4780: fcfb 6dff 

  0x000002858b0c4784: ;   {other}
  0x000002858b0c4784: 0f1f 8400 | f43b 007f | eb04 eb02 | eb00 488b | d0e9 a4cb | ffff e98e | ebff ffe9 | 89eb ffff 
  0x000002858b0c47a4: 488b d0e9 | 92cb ffff | 448b 5008 | 49bb 0000 | 0000 0800 | 0000 4d03 | da4d 8b5b 

  0x000002858b0c47c0: ;   {metadata('java/util/concurrent/CancellationException')}
  0x000002858b0c47c0: 5849 b890 | d818 0008 | 0000 004d | 3bd8 7510 | 4c8b 5424 | 2045 33db | 4d8b cae9 | efca ffff 
  0x000002858b0c47e0: ;   {metadata('org/jetbrains/skiko/RenderException')}
  0x000002858b0c47e0: 4181 fa00 | 0025 0075 | 1a48 8944 | 2438 4c8b | 5424 204c | 8b44 2430 | 4533 db4d | 8bca e9cd 
  0x000002858b0c4800: dcff ff48 | 8bd0 e933 | cbff ff44 | 8b58 0849 | b800 0000 | 0008 0000 | 004d 03c3 | e91d ebff 
  0x000002858b0c4820: ff4c 8bd0 | e9e4 dfff | ffeb 08eb | 06eb 04eb | 02eb 004c | 8bd0 e9d2 | dfff ffba | f4ff ffff 
  0x000002858b0c4840: 448b 5424 | 2c44 8954 

  0x000002858b0c4848: ;   {runtime_call UncommonTrapBlob}
  0x000002858b0c4848: 2420 90e8 

  0x000002858b0c484c: ; ImmutableOopMap {rbp=Oop [32]=NarrowOop [56]=Oop }
                      ;*instanceof {reexecute=0 rethrow=0 return_oop=0}
                      ; - kotlinx.coroutines.DispatchedCoroutine::getResult$kotlinx_coroutines_core@20 (line 595)
                      ; - kotlinx.coroutines.BuildersKt__Builders_commonKt::withContext@188 (line 503)
                      ; - kotlinx.coroutines.BuildersKt::withContext@3 (line 1)
                      ; - org.jetbrains.skiko.redrawer.Direct3DRedrawer::draw@400 (line 83)
  0x000002858b0c484c: 30fb 6dff 

  0x000002858b0c4850: ;   {other}
  0x000002858b0c4850: 0f1f 8400 | c03c 0080 | 4883 ec08 | c5fb 110c 

  0x000002858b0c4860: ;   {runtime_call StubRoutines (initial stubs)}
  0x000002858b0c4860: 24e8 a4c8 | 68ff 5de9 | 53d0 ffff | 4883 ec08 | c5fb 1114 

  0x000002858b0c4874: ;   {runtime_call StubRoutines (initial stubs)}
  0x000002858b0c4874: 24e8 90c8 | 68ff 5be9 | 1fd0 ffff 

  0x000002858b0c4880: ;   {internal_word}
  0x000002858b0c4880: 49ba 0013 | 0c8b 8502 | 0000 4d89 | 9768 0400 

  0x000002858b0c4890: ;   {runtime_call SafepointBlob}
  0x000002858b0c4890: 00e9 ea0b 

  0x000002858b0c4894: ;   {runtime_call StubRoutines (final stubs)}
  0x000002858b0c4894: 6eff e845 | 1c6c ffe9 | 1ec9 ffff 
[Stub Code]
  0x000002858b0c48a0: ;   {no_reloc}
  0x000002858b0c48a0: 48bb 0000 | 0000 0000 

  0x000002858b0c48a8: ;   {runtime_call nmethod}
  0x000002858b0c48a8: 0000 e9fb 

  0x000002858b0c48ac: ;   {static_stub}
  0x000002858b0c48ac: ffff ff48 | bb00 0000 | 0000 0000 

  0x000002858b0c48b8: ;   {runtime_call nmethod}
  0x000002858b0c48b8: 00e9 fbff 

  0x000002858b0c48bc: ;   {static_stub}
  0x000002858b0c48bc: ffff 48bb | 0000 0000 | 0000 0000 

  0x000002858b0c48c8: ;   {runtime_call nmethod}
  0x000002858b0c48c8: e9fb ffff 

  0x000002858b0c48cc: ;   {static_stub}
  0x000002858b0c48cc: ff48 bb00 | 0000 0000 

  0x000002858b0c48d4: ;   {runtime_call nmethod}
  0x000002858b0c48d4: 0000 00e9 | fbff ffff 

  0x000002858b0c48dc: ;   {static_stub}
  0x000002858b0c48dc: 48bb 0000 | 0000 0000 

  0x000002858b0c48e4: ;   {runtime_call nmethod}
  0x000002858b0c48e4: 0000 e9fb 

  0x000002858b0c48e8: ;   {static_stub}
  0x000002858b0c48e8: ffff ff48 | bba8 3e82 | 9d85 0200 

  0x000002858b0c48f4: ;   {runtime_call I2C/C2I adapters}
  0x000002858b0c48f4: 00e9 69eb 

  0x000002858b0c48f8: ;   {static_stub}
  0x000002858b0c48f8: 6dff 48bb | 408f 4b9d | 8502 0000 

  0x000002858b0c4904: ;   {runtime_call I2C/C2I adapters}
  0x000002858b0c4904: e9e6 666e 

  0x000002858b0c4908: ;   {static_stub}
  0x000002858b0c4908: ff48 bb00 | 0000 0000 

  0x000002858b0c4910: ;   {runtime_call nmethod}
  0x000002858b0c4910: 0000 00e9 | fbff ffff 

  0x000002858b0c4918: ;   {static_stub}
  0x000002858b0c4918: 48bb 0000 | 0000 0000 

  0x000002858b0c4920: ;   {runtime_call nmethod}
  0x000002858b0c4920: 0000 e9fb 

  0x000002858b0c4924: ;   {static_stub}
  0x000002858b0c4924: ffff ff48 | bb10 f182 | 9d85 0200 

  0x000002858b0c4930: ;   {runtime_call I2C/C2I adapters}
  0x000002858b0c4930: 00e9 3565 

  0x000002858b0c4934: ;   {static_stub}
  0x000002858b0c4934: 6dff 48bb | 0000 0000 | 0000 0000 

  0x000002858b0c4940: ;   {runtime_call nmethod}
  0x000002858b0c4940: e9fb ffff 

  0x000002858b0c4944: ;   {static_stub}
  0x000002858b0c4944: ff48 bb30 | bef5 9c85 

  0x000002858b0c494c: ;   {runtime_call I2C/C2I adapters}
  0x000002858b0c494c: 0200 00e9 | 0feb 6dff 

  0x000002858b0c4954: ;   {static_stub}
  0x000002858b0c4954: 48bb 0000 | 0000 0000 

  0x000002858b0c495c: ;   {runtime_call nmethod}
  0x000002858b0c495c: 0000 e9fb 

  0x000002858b0c4960: ;   {static_stub}
  0x000002858b0c4960: ffff ff48 | bb00 0000 | 0000 0000 

  0x000002858b0c496c: ;   {runtime_call nmethod}
  0x000002858b0c496c: 00e9 fbff 

  0x000002858b0c4970: ;   {static_stub}
  0x000002858b0c4970: ffff 48bb | 0000 0000 | 0000 0000 

  0x000002858b0c497c: ;   {runtime_call nmethod}
  0x000002858b0c497c: e9fb ffff 

  0x000002858b0c4980: ;   {static_stub}
  0x000002858b0c4980: ff48 bb00 | 0000 0000 

  0x000002858b0c4988: ;   {runtime_call nmethod}
  0x000002858b0c4988: 0000 00e9 | fbff ffff 
[Exception Handler]
  0x000002858b0c4990: ;   {runtime_call ExceptionBlob}
  0x000002858b0c4990: e9eb b179 | ffe8 0000 | 0000 4883 

  0x000002858b0c499c: ;   {runtime_call DeoptimizationBlob}
  0x000002858b0c499c: 2c24 05e9 | 7cfd 6dff | f4f4 f4f4 
[/MachCode]


---------------  P R O C E S S  ---------------

Threads class SMR info:
_java_thread_list=0x00000285ba779fd0, length=31, elements={
0x00000285fdf09560, 0x000002859b7a45f0, 0x000002859b7968a0, 0x000002859b79acb0,
0x000002859b7b7300, 0x000002859b7b9070, 0x000002859b7be460, 0x000002859b7c2f00,
0x000002859b7c39a0, 0x000002859b90ec90, 0x000002859b92e470, 0x00000285a0813de0,
0x00000285a0a80f00, 0x00000285a0a799e0, 0x00000285a0af80a0, 0x00000285a0afb340,
0x00000285a0afbd80, 0x00000285a0b40ee0, 0x00000285a0b6e650, 0x00000285a0b70db0,
0x00000285a0b71440, 0x00000285a40819c0, 0x00000285a08e3500, 0x00000285a08e4f40,
0x00000285a08e55d0, 0x00000285a08e83c0, 0x00000285a08e7d30, 0x00000285a08ea490,
0x00000285b97d9670, 0x00000285b97f4130, 0x00000285b97eaa40
}

Java Threads: ( => current thread )
  0x00000285fdf09560 JavaThread "main"                              [_thread_blocked, id=25912, stack(0x000000d9e9800000,0x000000d9e9900000) (1024K)]
  0x000002859b7a45f0 JavaThread "Reference Handler"          daemon [_thread_blocked, id=13912, stack(0x000000d9ea000000,0x000000d9ea100000) (1024K)]
  0x000002859b7968a0 JavaThread "Finalizer"                  daemon [_thread_blocked, id=34508, stack(0x000000d9ea100000,0x000000d9ea200000) (1024K)]
  0x000002859b79acb0 JavaThread "Signal Dispatcher"          daemon [_thread_blocked, id=36692, stack(0x000000d9ea200000,0x000000d9ea300000) (1024K)]
  0x000002859b7b7300 JavaThread "Attach Listener"            daemon [_thread_blocked, id=36020, stack(0x000000d9ea300000,0x000000d9ea400000) (1024K)]
  0x000002859b7b9070 JavaThread "Service Thread"             daemon [_thread_blocked, id=3488, stack(0x000000d9ea400000,0x000000d9ea500000) (1024K)]
  0x000002859b7be460 JavaThread "Monitor Deflation Thread"   daemon [_thread_blocked, id=17984, stack(0x000000d9ea500000,0x000000d9ea600000) (1024K)]
  0x000002859b7c2f00 JavaThread "C2 CompilerThread0"         daemon [_thread_blocked, id=41784, stack(0x000000d9ea600000,0x000000d9ea700000) (1024K)]
  0x000002859b7c39a0 JavaThread "C1 CompilerThread0"         daemon [_thread_blocked, id=13560, stack(0x000000d9ea700000,0x000000d9ea800000) (1024K)]
  0x000002859b90ec90 JavaThread "Notification Thread"        daemon [_thread_blocked, id=30004, stack(0x000000d9ea800000,0x000000d9ea900000) (1024K)]
  0x000002859b92e470 JavaThread "Common-Cleaner"             daemon [_thread_blocked, id=22768, stack(0x000000d9ea900000,0x000000d9eaa00000) (1024K)]
  0x00000285a0813de0 JavaThread "Java2D Disposer"            daemon [_thread_blocked, id=25656, stack(0x000000d9eab00000,0x000000d9eac00000) (1024K)]
  0x00000285a0a80f00 JavaThread "AWT-Shutdown"                      [_thread_blocked, id=21012, stack(0x000000d9eae00000,0x000000d9eaf00000) (1024K)]
  0x00000285a0a799e0 JavaThread "AWT-Windows"                daemon [_thread_in_native, id=28488, stack(0x000000d9eb800000,0x000000d9eb900000) (1024K)]
  0x00000285a0af80a0 JavaThread "DefaultDispatcher-worker-1" daemon [_thread_blocked, id=10896, stack(0x000000d9eb900000,0x000000d9eba00000) (1024K)]
  0x00000285a0afb340 JavaThread "DefaultDispatcher-worker-2" daemon [_thread_blocked, id=13064, stack(0x000000d9eba00000,0x000000d9ebb00000) (1024K)]
  0x00000285a0afbd80 JavaThread "DefaultDispatcher-worker-3" daemon [_thread_blocked, id=39352, stack(0x000000d9ebb00000,0x000000d9ebc00000) (1024K)]
  0x00000285a0b40ee0 JavaThread "Reference Cleaner"          daemon [_thread_blocked, id=7468, stack(0x000000d9ebc00000,0x000000d9ebd00000) (1024K)]
  0x00000285a0b6e650 JavaThread "kotlinx.coroutines.DefaultExecutor" daemon [_thread_blocked, id=15572, stack(0x000000d9ebd00000,0x000000d9ebe00000) (1024K)]
=>0x00000285a0b70db0 JavaThread "AWT-EventQueue-0"                  [_thread_in_native, id=19632, stack(0x000000d9ebe00000,0x000000d9ebf00000) (1024K)]
  0x00000285a0b71440 JavaThread "TimerQueue"                 daemon [_thread_blocked, id=9752, stack(0x000000d9ec400000,0x000000d9ec500000) (1024K)]
  0x00000285a40819c0 JavaThread "DefaultDispatcher-worker-4" daemon [_thread_blocked, id=27028, stack(0x000000d9ed800000,0x000000d9ed900000) (1024K)]
  0x00000285a08e3500 JavaThread "omniapp-session-listener"   daemon [_thread_in_native, id=28664, stack(0x000000d9e9600000,0x000000d9e9700000) (1024K)]
  0x00000285a08e4f40 JavaThread "omniapp-global-hotkeys"     daemon [_thread_in_native, id=12556, stack(0x000000d9eaa00000,0x000000d9eab00000) (1024K)]
  0x00000285a08e55d0 JavaThread "JNA Cleaner"                daemon [_thread_blocked, id=792, stack(0x000000d9eac00000,0x000000d9ead00000) (1024K)]
  0x00000285a08e83c0 JavaThread "DefaultDispatcher-worker-5" daemon [_thread_blocked, id=8212, stack(0x000000d9ed700000,0x000000d9ed800000) (1024K)]
  0x00000285a08e7d30 JavaThread "DefaultDispatcher-worker-6" daemon [_thread_blocked, id=24124, stack(0x000000d9eda00000,0x000000d9edb00000) (1024K)]
  0x00000285a08ea490 JavaThread "DefaultDispatcher-worker-7" daemon [_thread_blocked, id=24972, stack(0x000000d9edb00000,0x000000d9edc00000) (1024K)]
  0x00000285b97d9670 JavaThread "skiko-dispatcher-to-block-on" daemon [_thread_blocked, id=6672, stack(0x000000d9ed000000,0x000000d9ed100000) (1024K)]
  0x00000285b97f4130 JavaThread "omniapp-hotkey-dispatch"    daemon [_thread_blocked, id=7752, stack(0x000000d9e9700000,0x000000d9e9800000) (1024K)]
  0x00000285b97eaa40 JavaThread "skiko-dispatcher-to-block-on" daemon [_thread_blocked, id=12596, stack(0x000000d9ec500000,0x000000d9ec600000) (1024K)]
Total: 31

Other Threads:
  0x000002859b7449f0 VMThread "VM Thread"                           [id=30208, stack(0x000000d9e9f00000,0x000000d9ea000000) (1024K)]
  0x00000285ff9dd330 WatcherThread "VM Periodic Task Thread"        [id=14364, stack(0x000000d9e9e00000,0x000000d9e9f00000) (1024K)]
  0x00000285fdf8a150 WorkerThread "GC Thread#0"                     [id=21380, stack(0x000000d9e9900000,0x000000d9e9a00000) (1024K)]
  0x00000285a082b9c0 WorkerThread "GC Thread#1"                     [id=19912, stack(0x000000d9eaf00000,0x000000d9eb000000) (1024K)]
  0x00000285a082bd70 WorkerThread "GC Thread#2"                     [id=14148, stack(0x000000d9eb000000,0x000000d9eb100000) (1024K)]
  0x00000285a082c120 WorkerThread "GC Thread#3"                     [id=27260, stack(0x000000d9eb100000,0x000000d9eb200000) (1024K)]
  0x00000285a082c8e0 WorkerThread "GC Thread#4"                     [id=35180, stack(0x000000d9eb200000,0x000000d9eb300000) (1024K)]
  0x00000285a082cc90 WorkerThread "GC Thread#5"                     [id=33464, stack(0x000000d9eb300000,0x000000d9eb400000) (1024K)]
  0x00000285a0a0a280 WorkerThread "GC Thread#6"                     [id=35160, stack(0x000000d9eb400000,0x000000d9eb500000) (1024K)]
  0x00000285a0a0ae40 WorkerThread "GC Thread#7"                     [id=17624, stack(0x000000d9eb500000,0x000000d9eb600000) (1024K)]
  0x00000285a0a0b1f0 WorkerThread "GC Thread#8"                     [id=9092, stack(0x000000d9eb600000,0x000000d9eb700000) (1024K)]
  0x00000285a0a0c0b0 WorkerThread "GC Thread#9"                     [id=36468, stack(0x000000d9ebf00000,0x000000d9ec000000) (1024K)]
  0x00000285a0dc47c0 WorkerThread "GC Thread#10"                    [id=28500, stack(0x000000d9ec000000,0x000000d9ec100000) (1024K)]
  0x00000285a0dc4f20 WorkerThread "GC Thread#11"                    [id=17740, stack(0x000000d9ec800000,0x000000d9ec900000) (1024K)]
  0x00000285a0dc4410 WorkerThread "GC Thread#12"                    [id=36684, stack(0x000000d9ec900000,0x000000d9eca00000) (1024K)]
  0x00000285a0dc7050 WorkerThread "GC Thread#13"                    [id=24304, stack(0x000000d9eca00000,0x000000d9ecb00000) (1024K)]
  0x00000285a93c2600 WorkerThread "GC Thread#14"                    [id=7392, stack(0x000000d9ecf00000,0x000000d9ed000000) (1024K)]
  0x00000285a93c1af0 WorkerThread "GC Thread#15"                    [id=34440, stack(0x000000d9ed100000,0x000000d9ed200000) (1024K)]
  0x00000285fdf96a50 ConcurrentGCThread "G1 Main Marker"            [id=36760, stack(0x000000d9e9a00000,0x000000d9e9b00000) (1024K)]
  0x00000285fdf97b80 WorkerThread "G1 Conc#0"                       [id=14688, stack(0x000000d9e9b00000,0x000000d9e9c00000) (1024K)]
  0x00000285a0dc6ca0 WorkerThread "G1 Conc#1"                       [id=30036, stack(0x000000d9ec100000,0x000000d9ec200000) (1024K)]
  0x00000285a0dc3cb0 WorkerThread "G1 Conc#2"                       [id=10672, stack(0x000000d9ec200000,0x000000d9ec300000) (1024K)]
  0x00000285a0dc7400 WorkerThread "G1 Conc#3"                       [id=39608, stack(0x000000d9ec300000,0x000000d9ec400000) (1024K)]
  0x00000285ff8b1460 ConcurrentGCThread "G1 Refine#0"               [id=31924, stack(0x000000d9e9c00000,0x000000d9e9d00000) (1024K)]
  0x00000285ff8b1c90 ConcurrentGCThread "G1 Service"                [id=7292, stack(0x000000d9e9d00000,0x000000d9e9e00000) (1024K)]
Total: 25

Threads with active compile tasks:
Total: 0

VM state: not at safepoint (normal execution)

VM Mutex/Monitor currently owned by a thread: None

Heap address: 0x000000068a000000, size: 5984 MB, Compressed Oops mode: Zero based, Oop shift amount: 3

CDS archive(s) not mapped
Compressed class space mapped at: 0x0000000800000000-0x0000000840000000, reserved size: 1073741824
Narrow klass base: 0x0000000800000000, Narrow klass shift: 0, Narrow klass range: 0x40000000

GC Precious Log:
 CardTable entry size: 512
 Card Set container configuration: InlinePtr #cards 4 size 8 Array Of Cards #cards 32 size 80 Howl #buckets 8 coarsen threshold 7372 Howl Bitmap #cards 1024 size 144 coarsen threshold 921 Card regions per heap region 1 cards per card region 8192
 CPUs: 22 total, 22 available
 Memory: 23933M
 Large Page Support: Disabled
 NUMA Support: Disabled
 Compressed Oops: Enabled (Zero based)
 Heap Region Size: 4M
 Heap Min Capacity: 8M
 Heap Initial Capacity: 376M
 Heap Max Capacity: 5984M
 Pre-touch: Disabled
 Parallel Workers: 16
 Concurrent Workers: 4
 Concurrent Refinement Workers: 16
 Periodic GC: Disabled

Heap:
 garbage-first heap   total 262144K, used 94812K [0x000000068a000000, 0x0000000800000000)
  region size 4096K, 6 young (24576K), 0 survivors (0K)
 Metaspace       used 70022K, committed 71424K, reserved 1114112K
  class space    used 6565K, committed 7168K, reserved 1048576K

Heap Regions: E=young(eden), S=young(survivor), O=old, HS=humongous(starts), HC=humongous(continues), CS=collection set, F=free, TAMS=top-at-mark-start, PB=parsable bottom
|   0|0x000000068a000000, 0x000000068a3d7640, 0x000000068a400000| 96%| O|  |TAMS 0x000000068a000000| PB 0x000000068a000000| Untracked 
|   1|0x000000068a400000, 0x000000068a7fff78, 0x000000068a800000| 99%| O|  |TAMS 0x000000068a400000| PB 0x000000068a400000| Untracked 
|   2|0x000000068a800000, 0x000000068abffff0, 0x000000068ac00000| 99%| O|  |TAMS 0x000000068a800000| PB 0x000000068a800000| Untracked 
|   3|0x000000068ac00000, 0x000000068afffff8, 0x000000068b000000| 99%| O|  |TAMS 0x000000068ac00000| PB 0x000000068ac00000| Untracked 
|   4|0x000000068b000000, 0x000000068b3fff88, 0x000000068b400000| 99%| O|  |TAMS 0x000000068b000000| PB 0x000000068b000000| Untracked 
|   5|0x000000068b400000, 0x000000068b7fffb0, 0x000000068b800000| 99%| O|  |TAMS 0x000000068b400000| PB 0x000000068b400000| Untracked 
|   6|0x000000068b800000, 0x000000068bbffff8, 0x000000068bc00000| 99%| O|  |TAMS 0x000000068b800000| PB 0x000000068b800000| Untracked 
|   7|0x000000068bc00000, 0x000000068bf681b8, 0x000000068c000000| 85%| O|  |TAMS 0x000000068bc00000| PB 0x000000068bc00000| Untracked 
|   8|0x000000068c000000, 0x000000068c39d9e8, 0x000000068c400000| 90%| O|  |TAMS 0x000000068c000000| PB 0x000000068c000000| Untracked 
|   9|0x000000068c400000, 0x000000068c7ffff8, 0x000000068c800000| 99%| O|  |TAMS 0x000000068c400000| PB 0x000000068c400000| Untracked 
|  10|0x000000068c800000, 0x000000068ca182e8, 0x000000068cc00000| 52%| O|  |TAMS 0x000000068c800000| PB 0x000000068c800000| Untracked 
|  11|0x000000068cc00000, 0x000000068cdcb4d8, 0x000000068d000000| 44%| O|  |TAMS 0x000000068cc00000| PB 0x000000068cc00000| Untracked 
|  12|0x000000068d000000, 0x000000068d0fc9f0, 0x000000068d400000| 24%| O|  |TAMS 0x000000068d000000| PB 0x000000068d000000| Untracked 
|  13|0x000000068d400000, 0x000000068d4d9eb0, 0x000000068d800000| 21%| O|  |TAMS 0x000000068d400000| PB 0x000000068d400000| Untracked 
|  14|0x000000068d800000, 0x000000068dc00000, 0x000000068dc00000|100%|HS|  |TAMS 0x000000068d800000| PB 0x000000068d800000| Complete 
|  15|0x000000068dc00000, 0x000000068e000000, 0x000000068e000000|100%|HC|  |TAMS 0x000000068dc00000| PB 0x000000068dc00000| Complete 
|  16|0x000000068e000000, 0x000000068e000000, 0x000000068e400000|  0%| F|  |TAMS 0x000000068e000000| PB 0x000000068e000000| Untracked 
|  17|0x000000068e400000, 0x000000068e400000, 0x000000068e800000|  0%| F|  |TAMS 0x000000068e400000| PB 0x000000068e400000| Untracked 
|  18|0x000000068e800000, 0x000000068e800000, 0x000000068ec00000|  0%| F|  |TAMS 0x000000068e800000| PB 0x000000068e800000| Untracked 
|  19|0x000000068ec00000, 0x000000068ec00000, 0x000000068f000000|  0%| F|  |TAMS 0x000000068ec00000| PB 0x000000068ec00000| Untracked 
|  20|0x000000068f000000, 0x000000068f000000, 0x000000068f400000|  0%| F|  |TAMS 0x000000068f000000| PB 0x000000068f000000| Untracked 
|  21|0x000000068f400000, 0x000000068f400000, 0x000000068f800000|  0%| F|  |TAMS 0x000000068f400000| PB 0x000000068f400000| Untracked 
|  22|0x000000068f800000, 0x000000068f800000, 0x000000068fc00000|  0%| F|  |TAMS 0x000000068f800000| PB 0x000000068f800000| Untracked 
|  23|0x000000068fc00000, 0x000000068fc00000, 0x0000000690000000|  0%| F|  |TAMS 0x000000068fc00000| PB 0x000000068fc00000| Untracked 
|  24|0x0000000690000000, 0x0000000690000000, 0x0000000690400000|  0%| F|  |TAMS 0x0000000690000000| PB 0x0000000690000000| Untracked 
|  25|0x0000000690400000, 0x0000000690400000, 0x0000000690800000|  0%| F|  |TAMS 0x0000000690400000| PB 0x0000000690400000| Untracked 
|  26|0x0000000690800000, 0x0000000690800000, 0x0000000690c00000|  0%| F|  |TAMS 0x0000000690800000| PB 0x0000000690800000| Untracked 
|  27|0x0000000690c00000, 0x0000000690c00000, 0x0000000691000000|  0%| F|  |TAMS 0x0000000690c00000| PB 0x0000000690c00000| Untracked 
|  28|0x0000000691000000, 0x0000000691000000, 0x0000000691400000|  0%| F|  |TAMS 0x0000000691000000| PB 0x0000000691000000| Untracked 
|  29|0x0000000691400000, 0x0000000691400000, 0x0000000691800000|  0%| F|  |TAMS 0x0000000691400000| PB 0x0000000691400000| Untracked 
|  30|0x0000000691800000, 0x0000000691800000, 0x0000000691c00000|  0%| F|  |TAMS 0x0000000691800000| PB 0x0000000691800000| Untracked 
|  31|0x0000000691c00000, 0x0000000691c00000, 0x0000000692000000|  0%| F|  |TAMS 0x0000000691c00000| PB 0x0000000691c00000| Untracked 
|  32|0x0000000692000000, 0x0000000692000000, 0x0000000692400000|  0%| F|  |TAMS 0x0000000692000000| PB 0x0000000692000000| Untracked 
|  33|0x0000000692400000, 0x0000000692400000, 0x0000000692800000|  0%| F|  |TAMS 0x0000000692400000| PB 0x0000000692400000| Untracked 
|  34|0x0000000692800000, 0x0000000692800000, 0x0000000692c00000|  0%| F|  |TAMS 0x0000000692800000| PB 0x0000000692800000| Untracked 
|  35|0x0000000692c00000, 0x0000000692c00000, 0x0000000693000000|  0%| F|  |TAMS 0x0000000692c00000| PB 0x0000000692c00000| Untracked 
|  36|0x0000000693000000, 0x0000000693000000, 0x0000000693400000|  0%| F|  |TAMS 0x0000000693000000| PB 0x0000000693000000| Untracked 
|  37|0x0000000693400000, 0x0000000693400000, 0x0000000693800000|  0%| F|  |TAMS 0x0000000693400000| PB 0x0000000693400000| Untracked 
|  38|0x0000000693800000, 0x0000000693800000, 0x0000000693c00000|  0%| F|  |TAMS 0x0000000693800000| PB 0x0000000693800000| Untracked 
|  39|0x0000000693c00000, 0x0000000693c00000, 0x0000000694000000|  0%| F|  |TAMS 0x0000000693c00000| PB 0x0000000693c00000| Untracked 
|  40|0x0000000694000000, 0x0000000694000000, 0x0000000694400000|  0%| F|  |TAMS 0x0000000694000000| PB 0x0000000694000000| Untracked 
|  41|0x0000000694400000, 0x0000000694400000, 0x0000000694800000|  0%| F|  |TAMS 0x0000000694400000| PB 0x0000000694400000| Untracked 
|  42|0x0000000694800000, 0x0000000694800000, 0x0000000694c00000|  0%| F|  |TAMS 0x0000000694800000| PB 0x0000000694800000| Untracked 
|  43|0x0000000694c00000, 0x0000000694c00000, 0x0000000695000000|  0%| F|  |TAMS 0x0000000694c00000| PB 0x0000000694c00000| Untracked 
|  44|0x0000000695000000, 0x0000000695000000, 0x0000000695400000|  0%| F|  |TAMS 0x0000000695000000| PB 0x0000000695000000| Untracked 
|  45|0x0000000695400000, 0x0000000695400000, 0x0000000695800000|  0%| F|  |TAMS 0x0000000695400000| PB 0x0000000695400000| Untracked 
|  46|0x0000000695800000, 0x0000000695800000, 0x0000000695c00000|  0%| F|  |TAMS 0x0000000695800000| PB 0x0000000695800000| Untracked 
|  47|0x0000000695c00000, 0x0000000695c00000, 0x0000000696000000|  0%| F|  |TAMS 0x0000000695c00000| PB 0x0000000695c00000| Untracked 
|  48|0x0000000696000000, 0x0000000696000000, 0x0000000696400000|  0%| F|  |TAMS 0x0000000696000000| PB 0x0000000696000000| Untracked 
|  49|0x0000000696400000, 0x0000000696400000, 0x0000000696800000|  0%| F|  |TAMS 0x0000000696400000| PB 0x0000000696400000| Untracked 
|  50|0x0000000696800000, 0x0000000696800000, 0x0000000696c00000|  0%| F|  |TAMS 0x0000000696800000| PB 0x0000000696800000| Untracked 
|  51|0x0000000696c00000, 0x0000000696c00000, 0x0000000697000000|  0%| F|  |TAMS 0x0000000696c00000| PB 0x0000000696c00000| Untracked 
|  52|0x0000000697000000, 0x0000000697000000, 0x0000000697400000|  0%| F|  |TAMS 0x0000000697000000| PB 0x0000000697000000| Untracked 
|  53|0x0000000697400000, 0x000000069776b5e8, 0x0000000697800000| 85%| E|  |TAMS 0x0000000697400000| PB 0x0000000697400000| Complete 
|  54|0x0000000697800000, 0x0000000697c00000, 0x0000000697c00000|100%| E|CS|TAMS 0x0000000697800000| PB 0x0000000697800000| Complete 
|  55|0x0000000697c00000, 0x0000000698000000, 0x0000000698000000|100%| E|CS|TAMS 0x0000000697c00000| PB 0x0000000697c00000| Complete 
|  56|0x0000000698000000, 0x0000000698400000, 0x0000000698400000|100%| E|CS|TAMS 0x0000000698000000| PB 0x0000000698000000| Complete 
|  57|0x0000000698400000, 0x0000000698800000, 0x0000000698800000|100%| E|CS|TAMS 0x0000000698400000| PB 0x0000000698400000| Complete 
|  58|0x0000000698800000, 0x0000000698c00000, 0x0000000698c00000|100%| E|CS|TAMS 0x0000000698800000| PB 0x0000000698800000| Complete 
|  77|0x000000069d400000, 0x000000069d800000, 0x000000069d800000|100%|HS|  |TAMS 0x000000069d400000| PB 0x000000069d400000| Untracked 
|  78|0x000000069d800000, 0x000000069dc00000, 0x000000069dc00000|100%|HC|  |TAMS 0x000000069d800000| PB 0x000000069d800000| Untracked 
|  79|0x000000069dc00000, 0x000000069e000000, 0x000000069e000000|100%|HC|  |TAMS 0x000000069dc00000| PB 0x000000069dc00000| Untracked 
|  80|0x000000069e000000, 0x000000069e400000, 0x000000069e400000|100%|HC|  |TAMS 0x000000069e000000| PB 0x000000069e000000| Untracked 
|  81|0x000000069e400000, 0x000000069e800000, 0x000000069e800000|100%|HC|  |TAMS 0x000000069e400000| PB 0x000000069e400000| Untracked 

Card table byte_map: [0x0000028592300000,0x0000028592eb0000] _byte_map_base: 0x000002858eeb0000

Marking Bits: (CMBitMap*) 0x00000285fdf8a670
 Bits: [0x0000028592eb0000, 0x0000028598c30000)

Polling page: 0x00000285fbf50000

Metaspace:

Usage:
  Non-class:     61.97 MB used.
      Class:      6.41 MB used.
       Both:     68.38 MB used.

Virtual space:
  Non-class space:       64.00 MB reserved,      62.75 MB ( 98%) committed,  1 nodes.
      Class space:        1.00 GB reserved,       7.00 MB ( <1%) committed,  1 nodes.
             Both:        1.06 GB reserved,      69.75 MB (  6%) committed. 

Chunk freelists:
   Non-Class:  560.00 KB
       Class:  9.08 MB
        Both:  9.63 MB

MaxMetaspaceSize: unlimited
CompressedClassSpaceSize: 1.00 GB
Initial GC threshold: 21.00 MB
Current GC threshold: 116.06 MB
CDS: off
 - commit_granule_bytes: 65536.
 - commit_granule_words: 8192.
 - virtual_space_node_default_size: 8388608.
 - enlarge_chunks_in_place: 1.
 - use_allocation_guard: 0.


Internal statistics:

num_allocs_failed_limit: 6.
num_arena_births: 2008.
num_arena_deaths: 284.
num_vsnodes_births: 2.
num_vsnodes_deaths: 0.
num_space_committed: 1111.
num_space_uncommitted: 0.
num_chunks_returned_to_freelist: 330.
num_chunks_taken_from_freelist: 4424.
num_chunk_merges: 76.
num_chunk_splits: 2914.
num_chunks_enlarged: 2008.
num_inconsistent_stats: 0.

CodeHeap 'non-profiled nmethods': size=119168Kb used=20639Kb max_used=20644Kb free=98528Kb
 bounds [0x000002858aea0000, 0x000002858c350000, 0x0000028592300000]
CodeHeap 'profiled nmethods': size=119104Kb used=16425Kb max_used=30434Kb free=102678Kb
 bounds [0x0000028583300000, 0x00000285851a0000, 0x000002858a750000]
CodeHeap 'non-nmethods': size=7488Kb used=3745Kb max_used=5514Kb free=3742Kb
 bounds [0x000002858a750000, 0x000002858ace0000, 0x000002858aea0000]
CodeCache: size=245760Kb, used=40809Kb, max_used=56592Kb, free=204948Kb
 total_blobs=10197, nmethods=7636, adapters=2465, full_count=0
Compilation: enabled, stopped_count=0, restarted_count=0

Compilation events (20 events):
Event: 6522.550 Thread 0x000002859b7c2f00 23423       4       sun.java2d.loops.GraphicsPrimitiveMgr$2::compare (24 bytes)
Event: 6522.551 Thread 0x000002859b7c2f00 nmethod 23423 0x000002858bbc4590 code [0x000002858bbc4720, 0x000002858bbc4858]
Event: 6524.626 Thread 0x000002859b7c2f00 23432       4       java.util.ArrayDeque::poll (5 bytes)
Event: 6524.627 Thread 0x000002859b7c2f00 nmethod 23432 0x000002858b2f8b10 code [0x000002858b2f8ca0, 0x000002858b2f8de8]
Event: 6524.636 Thread 0x000002859b7c39a0 23433       3       java.lang.invoke.MemberName::asSpecial (89 bytes)
Event: 6524.636 Thread 0x000002859b7c39a0 nmethod 23433 0x0000028584daf590 code [0x0000028584daf880, 0x0000028584db0598]
Event: 6524.637 Thread 0x000002859b7c39a0 23434       3       jdk.internal.org.objectweb.asm.MethodVisitor::visitMethodInsn (80 bytes)
Event: 6524.637 Thread 0x000002859b7c39a0 nmethod 23434 0x00000285842c3990 code [0x00000285842c3b80, 0x00000285842c4048]
Event: 6524.641 Thread 0x000002859b7c2f00 23435       4       java.lang.invoke.MethodType::changeReturnType (20 bytes)
Event: 6524.641 Thread 0x000002859b7c39a0 23436       3       java.lang.invoke.MethodHandles$Lookup::checkMethodName (45 bytes)
Event: 6524.641 Thread 0x000002859b7c39a0 nmethod 23436 0x00000285836f1610 code [0x00000285836f1860, 0x00000285836f1f18]
Event: 6524.643 Thread 0x000002859b7c2f00 nmethod 23435 0x000002858b3cb290 code [0x000002858b3cb460, 0x000002858b3cb6c8]
Event: 6524.706 Thread 0x000002859b7c39a0 23437       1       java.awt.Component::getObjectLock (5 bytes)
Event: 6524.707 Thread 0x000002859b7c39a0 nmethod 23437 0x000002858ba5fe10 code [0x000002858ba5ffa0, 0x000002858ba60070]
Event: 6524.707 Thread 0x000002859b7c39a0 23439       3       java.beans.PropertyChangeSupport::firePropertyChange (35 bytes)
Event: 6524.707 Thread 0x000002859b7c39a0 nmethod 23439 0x0000028583a95590 code [0x0000028583a957a0, 0x0000028583a95f40]
Event: 6524.707 Thread 0x000002859b7c39a0 23438   !   3       java.awt.Toolkit::setDesktopProperty (81 bytes)
Event: 6524.708 Thread 0x000002859b7c39a0 nmethod 23438 0x0000028584520290 code [0x00000285845204c0, 0x0000028584520d10]
Event: 6524.730 Thread 0x000002859b7c39a0 23440       3       java.util.ImmutableCollections$SetN::probe (56 bytes)
Event: 6524.731 Thread 0x000002859b7c39a0 nmethod 23440 0x00000285833b9890 code [0x00000285833b9a80, 0x00000285833b9fb0]

GC Heap History (20 events):
Event: 6378.625 GC heap before
{Heap before GC invocations=391 (full 205):
 garbage-first heap   total 262144K, used 221794K [0x000000068a000000, 0x0000000800000000)
  region size 4096K, 38 young (155648K), 0 survivors (0K)
 Metaspace       used 69821K, committed 71296K, reserved 1114112K
  class space    used 6548K, committed 7168K, reserved 1048576K
}
Event: 6378.635 GC heap after
{Heap after GC invocations=392 (full 205):
 garbage-first heap   total 262144K, used 68714K [0x000000068a000000, 0x0000000800000000)
  region size 4096K, 1 young (4096K), 1 survivors (4096K)
 Metaspace       used 69821K, committed 71296K, reserved 1114112K
  class space    used 6548K, committed 7168K, reserved 1048576K
}
Event: 6396.057 GC heap before
{Heap before GC invocations=392 (full 205):
 garbage-first heap   total 262144K, used 207978K [0x000000068a000000, 0x0000000800000000)
  region size 4096K, 36 young (147456K), 1 survivors (4096K)
 Metaspace       used 69821K, committed 71296K, reserved 1114112K
  class space    used 6548K, committed 7168K, reserved 1048576K
}
Event: 6396.142 GC heap after
{Heap after GC invocations=393 (full 206):
 garbage-first heap   total 262144K, used 66142K [0x000000068a000000, 0x0000000800000000)
  region size 4096K, 0 young (0K), 0 survivors (0K)
 Metaspace       used 69821K, committed 71296K, reserved 1114112K
  class space    used 6548K, committed 7168K, reserved 1048576K
}
Event: 6409.358 GC heap before
{Heap before GC invocations=393 (full 206):
 garbage-first heap   total 262144K, used 221790K [0x000000068a000000, 0x0000000800000000)
  region size 4096K, 38 young (155648K), 0 survivors (0K)
 Metaspace       used 69821K, committed 71296K, reserved 1114112K
  class space    used 6548K, committed 7168K, reserved 1048576K
}
Event: 6409.366 GC heap after
{Heap after GC invocations=394 (full 206):
 garbage-first heap   total 262144K, used 68226K [0x000000068a000000, 0x0000000800000000)
  region size 4096K, 1 young (4096K), 1 survivors (4096K)
 Metaspace       used 69821K, committed 71296K, reserved 1114112K
  class space    used 6548K, committed 7168K, reserved 1048576K
}
Event: 6426.143 GC heap before
{Heap before GC invocations=394 (full 206):
 garbage-first heap   total 262144K, used 215682K [0x000000068a000000, 0x0000000800000000)
  region size 4096K, 37 young (151552K), 1 survivors (4096K)
 Metaspace       used 69821K, committed 71296K, reserved 1114112K
  class space    used 6548K, committed 7168K, reserved 1048576K
}
Event: 6426.217 GC heap after
{Heap after GC invocations=395 (full 207):
 garbage-first heap   total 262144K, used 66142K [0x000000068a000000, 0x0000000800000000)
  region size 4096K, 0 young (0K), 0 survivors (0K)
 Metaspace       used 69821K, committed 71296K, reserved 1114112K
  class space    used 6548K, committed 7168K, reserved 1048576K
}
Event: 6440.115 GC heap before
{Heap before GC invocations=395 (full 207):
 garbage-first heap   total 262144K, used 221790K [0x000000068a000000, 0x0000000800000000)
  region size 4096K, 38 young (155648K), 0 survivors (0K)
 Metaspace       used 69821K, committed 71296K, reserved 1114112K
  class space    used 6548K, committed 7168K, reserved 1048576K
}
Event: 6440.120 GC heap after
{Heap after GC invocations=396 (full 207):
 garbage-first heap   total 262144K, used 68733K [0x000000068a000000, 0x0000000800000000)
  region size 4096K, 1 young (4096K), 1 survivors (4096K)
 Metaspace       used 69821K, committed 71296K, reserved 1114112K
  class space    used 6548K, committed 7168K, reserved 1048576K
}
Event: 6456.223 GC heap before
{Heap before GC invocations=396 (full 207):
 garbage-first heap   total 262144K, used 207997K [0x000000068a000000, 0x0000000800000000)
  region size 4096K, 36 young (147456K), 1 survivors (4096K)
 Metaspace       used 69821K, committed 71296K, reserved 1114112K
  class space    used 6548K, committed 7168K, reserved 1048576K
}
Event: 6456.297 GC heap after
{Heap after GC invocations=397 (full 208):
 garbage-first heap   total 262144K, used 66142K [0x000000068a000000, 0x0000000800000000)
  region size 4096K, 0 young (0K), 0 survivors (0K)
 Metaspace       used 69821K, committed 71296K, reserved 1114112K
  class space    used 6548K, committed 7168K, reserved 1048576K
}
Event: 6470.623 GC heap before
{Heap before GC invocations=397 (full 208):
 garbage-first heap   total 262144K, used 221790K [0x000000068a000000, 0x0000000800000000)
  region size 4096K, 38 young (155648K), 0 survivors (0K)
 Metaspace       used 69821K, committed 71296K, reserved 1114112K
  class space    used 6548K, committed 7168K, reserved 1048576K
}
Event: 6470.631 GC heap after
{Heap after GC invocations=398 (full 208):
 garbage-first heap   total 262144K, used 68257K [0x000000068a000000, 0x0000000800000000)
  region size 4096K, 1 young (4096K), 1 survivors (4096K)
 Metaspace       used 69821K, committed 71296K, reserved 1114112K
  class space    used 6548K, committed 7168K, reserved 1048576K
}
Event: 6486.305 GC heap before
{Heap before GC invocations=398 (full 208):
 garbage-first heap   total 262144K, used 207521K [0x000000068a000000, 0x0000000800000000)
  region size 4096K, 36 young (147456K), 1 survivors (4096K)
 Metaspace       used 69821K, committed 71296K, reserved 1114112K
  class space    used 6548K, committed 7168K, reserved 1048576K
}
Event: 6486.360 GC heap after
{Heap after GC invocations=399 (full 209):
 garbage-first heap   total 262144K, used 66144K [0x000000068a000000, 0x0000000800000000)
  region size 4096K, 0 young (0K), 0 survivors (0K)
 Metaspace       used 69821K, committed 71296K, reserved 1114112K
  class space    used 6548K, committed 7168K, reserved 1048576K
}
Event: 6501.171 GC heap before
{Heap before GC invocations=399 (full 209):
 garbage-first heap   total 262144K, used 221792K [0x000000068a000000, 0x0000000800000000)
  region size 4096K, 38 young (155648K), 0 survivors (0K)
 Metaspace       used 69822K, committed 71296K, reserved 1114112K
  class space    used 6548K, committed 7168K, reserved 1048576K
}
Event: 6501.175 GC heap after
{Heap after GC invocations=400 (full 209):
 garbage-first heap   total 262144K, used 68857K [0x000000068a000000, 0x0000000800000000)
  region size 4096K, 1 young (4096K), 1 survivors (4096K)
 Metaspace       used 69822K, committed 71296K, reserved 1114112K
  class space    used 6548K, committed 7168K, reserved 1048576K
}
Event: 6516.370 GC heap before
{Heap before GC invocations=400 (full 209):
 garbage-first heap   total 262144K, used 204025K [0x000000068a000000, 0x0000000800000000)
  region size 4096K, 34 young (139264K), 1 survivors (4096K)
 Metaspace       used 69822K, committed 71296K, reserved 1114112K
  class space    used 6548K, committed 7168K, reserved 1048576K
}
Event: 6516.443 GC heap after
{Heap after GC invocations=401 (full 210):
 garbage-first heap   total 262144K, used 66140K [0x000000068a000000, 0x0000000800000000)
  region size 4096K, 0 young (0K), 0 survivors (0K)
 Metaspace       used 69822K, committed 71296K, reserved 1114112K
  class space    used 6548K, committed 7168K, reserved 1048576K
}

Dll operation events (11 events):
Event: 0.008 Loaded shared library C:\Users\antoi\AppData\Local\OmniApp\app\runtime\bin\java.dll
Event: 0.193 Loaded shared library C:\Users\antoi\AppData\Local\OmniApp\app\runtime\bin\net.dll
Event: 0.196 Loaded shared library C:\Users\antoi\AppData\Local\OmniApp\app\runtime\bin\nio.dll
Event: 0.207 Loaded shared library C:\Users\antoi\AppData\Local\OmniApp\app\runtime\bin\zip.dll
Event: 0.371 Loaded shared library C:\Users\antoi\AppData\Local\OmniApp\app\runtime\bin\jimage.dll
Event: 0.651 Loaded shared library C:\Users\antoi\AppData\Local\Temp\sqlite-3.49.1.0-a4229d9e-5e2d-4199-b177-722f86a0cc0f-sqlitejdbc.dll
Event: 0.718 Loaded shared library C:\Users\antoi\AppData\Local\OmniApp\app\app\skiko-windows-x64.dll
Event: 0.737 Loaded shared library C:\Users\antoi\AppData\Local\OmniApp\app\runtime\bin\awt.dll
Event: 1.153 Loaded shared library C:\Users\antoi\AppData\Local\OmniApp\app\runtime\bin\freetype.dll
Event: 1.156 Loaded shared library C:\Users\antoi\AppData\Local\OmniApp\app\runtime\bin\fontmanager.dll
Event: 90.702 Loaded shared library C:\Users\antoi\AppData\Local\Temp\jna--846709896\jna12524098847556784435.dll

Deoptimization events (20 events):
Event: 6524.636 Thread 0x00000285b97d9670 Uncommon trap: trap_request=0xffffffde fr.pc=0x000002858bb9b7e8 relative=0x00000000000004c8
Event: 6524.636 Thread 0x00000285b97d9670 Uncommon trap: reason=class_check action=maybe_recompile pc=0x000002858bb9b7e8 method=java.util.ResourceBundle.getObject(Ljava/lang/String;)Ljava/lang/Object; @ 2 c2
Event: 6524.636 Thread 0x00000285b97d9670 DEOPT PACKING pc=0x000002858bb9b7e8 sp=0x000000d9ed0fe690
Event: 6524.636 Thread 0x00000285b97d9670 DEOPT UNPACKING pc=0x000002858a7a4422 sp=0x000000d9ed0fe640 mode 2
Event: 6524.636 Thread 0x00000285b97d9670 Uncommon trap: trap_request=0xffffffde fr.pc=0x000002858bb9b7e8 relative=0x00000000000004c8
Event: 6524.636 Thread 0x00000285b97d9670 Uncommon trap: reason=class_check action=maybe_recompile pc=0x000002858bb9b7e8 method=java.util.ResourceBundle.getObject(Ljava/lang/String;)Ljava/lang/Object; @ 2 c2
Event: 6524.636 Thread 0x00000285b97d9670 DEOPT PACKING pc=0x000002858bb9b7e8 sp=0x000000d9ed0fe690
Event: 6524.636 Thread 0x00000285b97d9670 DEOPT UNPACKING pc=0x000002858a7a4422 sp=0x000000d9ed0fe640 mode 2
Event: 6524.636 Thread 0x00000285b97d9670 Uncommon trap: trap_request=0xffffffde fr.pc=0x000002858bb9b7e8 relative=0x00000000000004c8
Event: 6524.636 Thread 0x00000285b97d9670 Uncommon trap: reason=class_check action=maybe_recompile pc=0x000002858bb9b7e8 method=java.util.ResourceBundle.getObject(Ljava/lang/String;)Ljava/lang/Object; @ 2 c2
Event: 6524.636 Thread 0x00000285b97d9670 DEOPT PACKING pc=0x000002858bb9b7e8 sp=0x000000d9ed0fe690
Event: 6524.636 Thread 0x00000285b97d9670 DEOPT UNPACKING pc=0x000002858a7a4422 sp=0x000000d9ed0fe640 mode 2
Event: 6524.706 Thread 0x00000285a0b70db0 Uncommon trap: trap_request=0xffffff45 fr.pc=0x000002858afe1af8 relative=0x0000000000000238
Event: 6524.706 Thread 0x00000285a0b70db0 Uncommon trap: reason=unstable_if action=reinterpret pc=0x000002858afe1af8 method=java.util.HashMap$HashIterator.<init>(Ljava/util/HashMap;)V @ 45 c2
Event: 6524.706 Thread 0x00000285a0b70db0 DEOPT PACKING pc=0x000002858afe1af8 sp=0x000000d9ebefebf0
Event: 6524.706 Thread 0x00000285a0b70db0 DEOPT UNPACKING pc=0x000002858a7a4422 sp=0x000000d9ebefeae0 mode 2
Event: 6524.742 Thread 0x00000285b97d9670 Uncommon trap: trap_request=0xffffff45 fr.pc=0x000002858b3e8e8c relative=0x0000000000000bec
Event: 6524.742 Thread 0x00000285b97d9670 Uncommon trap: reason=unstable_if action=reinterpret pc=0x000002858b3e8e8c method=kotlinx.coroutines.JobSupport.getFinalRootCause(Lkotlinx/coroutines/JobSupport$Finishing;Ljava/util/List;)Ljava/lang/Throwable; @ 102 c2
Event: 6524.742 Thread 0x00000285b97d9670 DEOPT PACKING pc=0x000002858b3e8e8c sp=0x000000d9ed0ff1b0
Event: 6524.742 Thread 0x00000285b97d9670 DEOPT UNPACKING pc=0x000002858a7a4422 sp=0x000000d9ed0ff150 mode 2

Classes loaded (20 events):
Event: 6524.637 Loading class sun/util/locale/provider/NumberFormatProviderImpl
Event: 6524.639 Loading class sun/util/locale/provider/NumberFormatProviderImpl done
Event: 6524.640 Loading class java/text/DecimalFormatSymbols
Event: 6524.641 Loading class java/text/DecimalFormatSymbols done
Event: 6524.641 Loading class sun/util/locale/provider/DecimalFormatSymbolsProviderImpl
Event: 6524.730 Loading class sun/util/locale/provider/DecimalFormatSymbolsProviderImpl done
Event: 6524.730 Loading class java/text/DecimalFormat
Event: 6524.732 Loading class java/text/DecimalFormat done
Event: 6524.733 Loading class java/text/FieldPosition
Event: 6524.733 Loading class java/text/FieldPosition done
Event: 6524.733 Loading class java/text/DigitList
Event: 6524.734 Loading class java/text/DigitList done
Event: 6524.734 Loading class java/math/RoundingMode
Event: 6524.734 Loading class java/math/RoundingMode done
Event: 6524.735 Loading class java/text/DontCareFieldPosition
Event: 6524.735 Loading class java/text/DontCareFieldPosition done
Event: 6524.735 Loading class java/text/DontCareFieldPosition$1
Event: 6524.735 Loading class java/text/Format$FieldDelegate
Event: 6524.737 Loading class java/text/Format$FieldDelegate done
Event: 6524.737 Loading class java/text/DontCareFieldPosition$1 done

Classes unloaded (20 events):
Event: 6034.188 Thread 0x000002859b7449f0 Unloading class 0x00000008002b8000 'java/lang/invoke/LambdaForm$MH+0x00000008002b8000'
Event: 6034.188 Thread 0x000002859b7449f0 Unloading class 0x00000008002b5c00 'java/lang/invoke/LambdaForm$MH+0x00000008002b5c00'
Event: 6034.188 Thread 0x000002859b7449f0 Unloading class 0x00000008002b5800 'java/lang/invoke/LambdaForm$MH+0x00000008002b5800'
Event: 6034.188 Thread 0x000002859b7449f0 Unloading class 0x00000008002b5000 'java/lang/invoke/LambdaForm$MH+0x00000008002b5000'
Event: 6034.188 Thread 0x000002859b7449f0 Unloading class 0x00000008002b4800 'java/lang/invoke/LambdaForm$MH+0x00000008002b4800'
Event: 6034.188 Thread 0x000002859b7449f0 Unloading class 0x0000000800160000 'java/lang/invoke/LambdaForm$MH+0x0000000800160000'
Event: 6034.188 Thread 0x000002859b7449f0 Unloading class 0x000000080015fc00 'java/lang/invoke/LambdaForm$MH+0x000000080015fc00'
Event: 6034.188 Thread 0x000002859b7449f0 Unloading class 0x000000080015f000 'java/lang/invoke/LambdaForm$MH+0x000000080015f000'
Event: 6034.188 Thread 0x000002859b7449f0 Unloading class 0x000000080015e800 'java/lang/invoke/LambdaForm$MH+0x000000080015e800'
Event: 6034.188 Thread 0x000002859b7449f0 Unloading class 0x000000080015e400 'java/lang/invoke/LambdaForm$MH+0x000000080015e400'
Event: 6034.188 Thread 0x000002859b7449f0 Unloading class 0x000000080015e000 'java/lang/invoke/LambdaForm$MH+0x000000080015e000'
Event: 6034.188 Thread 0x000002859b7449f0 Unloading class 0x000000080015dc00 'java/lang/invoke/LambdaForm$MH+0x000000080015dc00'
Event: 6034.188 Thread 0x000002859b7449f0 Unloading class 0x000000080015d400 'java/lang/invoke/LambdaForm$MH+0x000000080015d400'
Event: 6034.188 Thread 0x000002859b7449f0 Unloading class 0x000000080015d000 'java/lang/invoke/LambdaForm$MH+0x000000080015d000'
Event: 6034.188 Thread 0x000002859b7449f0 Unloading class 0x000000080015cc00 'java/lang/invoke/LambdaForm$MH+0x000000080015cc00'
Event: 6034.188 Thread 0x000002859b7449f0 Unloading class 0x0000000800158000 'java/lang/invoke/LambdaForm$MH+0x0000000800158000'
Event: 6034.188 Thread 0x000002859b7449f0 Unloading class 0x00000008000d4000 'java/lang/invoke/LambdaForm$MH+0x00000008000d4000'
Event: 6034.188 Thread 0x000002859b7449f0 Unloading class 0x00000008000d3000 'java/lang/invoke/LambdaForm$MH+0x00000008000d3000'
Event: 6034.188 Thread 0x000002859b7449f0 Unloading class 0x00000008000d2800 'java/lang/invoke/LambdaForm$MH+0x00000008000d2800'
Event: 6034.188 Thread 0x000002859b7449f0 Unloading class 0x00000008000d2000 'java/lang/invoke/LambdaForm$MH+0x00000008000d2000'

Classes redefined (0 events):
No events

Internal exceptions (20 events):
Event: 5405.761 Thread 0x00000285b9aecf00 Implicit null exception at 0x000002858b5977ac to 0x000002858b597da0
Event: 5468.515 Thread 0x00000285a0b70db0 Exception <a 'java/io/IOException'{0x0000000696cf7aa0}> (0x0000000696cf7aa0) 
thrown [s\src\hotspot\share\prims\jni.cpp, line 520]
Event: 5468.515 Thread 0x00000285a0b70db0 Exception <a 'java/io/IOException'{0x0000000696cf8068}> (0x0000000696cf8068) 
thrown [s\src\hotspot\share\prims\jni.cpp, line 520]
Event: 5505.649 Thread 0x00000285a0b70db0 Exception <a 'java/io/IOException'{0x0000000696768938}> (0x0000000696768938) 
thrown [s\src\hotspot\share\prims\jni.cpp, line 520]
Event: 5505.649 Thread 0x00000285a0b70db0 Exception <a 'java/io/IOException'{0x0000000696768f00}> (0x0000000696768f00) 
thrown [s\src\hotspot\share\prims\jni.cpp, line 520]
Event: 5587.559 Thread 0x00000285a0b70db0 Exception <a 'java/io/IOException'{0x0000000697f7ab28}> (0x0000000697f7ab28) 
thrown [s\src\hotspot\share\prims\jni.cpp, line 520]
Event: 5587.559 Thread 0x00000285a0b70db0 Exception <a 'java/io/IOException'{0x0000000697f7b0f0}> (0x0000000697f7b0f0) 
thrown [s\src\hotspot\share\prims\jni.cpp, line 520]
Event: 6077.471 Thread 0x00000285a0b70db0 Exception <a 'java/io/IOException'{0x00000006917035e0}> (0x00000006917035e0) 
thrown [s\src\hotspot\share\prims\jni.cpp, line 520]
Event: 6077.471 Thread 0x00000285a0b70db0 Exception <a 'java/io/IOException'{0x0000000691703ba8}> (0x0000000691703ba8) 
thrown [s\src\hotspot\share\prims\jni.cpp, line 520]
Event: 6106.560 Thread 0x00000285a0b70db0 Exception <a 'java/io/IOException'{0x00000006915bd5f8}> (0x00000006915bd5f8) 
thrown [s\src\hotspot\share\prims\jni.cpp, line 520]
Event: 6106.560 Thread 0x00000285a0b70db0 Exception <a 'java/io/IOException'{0x00000006915bdbc0}> (0x00000006915bdbc0) 
thrown [s\src\hotspot\share\prims\jni.cpp, line 520]
Event: 6524.635 Thread 0x00000285b97d9670 Implicit null exception at 0x000002858b3b0d22 to 0x000002858b3b0e84
Event: 6524.742 Thread 0x00000285b97d9670 Exception <a 'java/io/IOException'{0x0000000697769340}> (0x0000000697769340) 
thrown [s\src\hotspot\share\prims\jni.cpp, line 520]
Event: 6524.742 Thread 0x00000285b97d9670 Exception <a 'java/io/IOException'{0x00000006977698f0}> (0x00000006977698f0) 
thrown [s\src\hotspot\share\prims\jni.cpp, line 520]
Event: 6524.742 Thread 0x00000285b97d9670 Exception <a 'java/io/IOException'{0x0000000697769e90}> (0x0000000697769e90) 
thrown [s\src\hotspot\share\prims\jni.cpp, line 520]
Event: 6524.742 Thread 0x00000285b97d9670 Exception <a 'java/io/IOException'{0x000000069776a1a8}> (0x000000069776a1a8) 
thrown [s\src\hotspot\share\prims\jni.cpp, line 520]
Event: 6524.743 Thread 0x00000285a0b70db0 Exception <a 'java/io/IOException'{0x00000006976ac2a8}> (0x00000006976ac2a8) 
thrown [s\src\hotspot\share\prims\jni.cpp, line 520]
Event: 6524.743 Thread 0x00000285a0b70db0 Exception <a 'java/io/IOException'{0x00000006976ac870}> (0x00000006976ac870) 
thrown [s\src\hotspot\share\prims\jni.cpp, line 520]
Event: 6524.743 Thread 0x00000285a0b70db0 Exception <a 'java/io/IOException'{0x00000006976ace10}> (0x00000006976ace10) 
thrown [s\src\hotspot\share\prims\jni.cpp, line 520]
Event: 6524.743 Thread 0x00000285a0b70db0 Exception <a 'java/io/IOException'{0x00000006976ad3d8}> (0x00000006976ad3d8) 
thrown [s\src\hotspot\share\prims\jni.cpp, line 520]

ZGC Phase Switch (0 events):
No events

VM Operations (20 events):
Event: 6410.375 Executing safepoint VM operation: Cleanup
Event: 6410.375 Executing safepoint VM operation: Cleanup done
Event: 6426.143 Executing safepoint VM operation: G1CollectFull (System.gc())
Event: 6426.217 Executing safepoint VM operation: G1CollectFull (System.gc()) done
Event: 6440.115 Executing safepoint VM operation: G1CollectForAllocation (G1 Evacuation Pause)
Event: 6440.120 Executing safepoint VM operation: G1CollectForAllocation (G1 Evacuation Pause) done
Event: 6441.128 Executing safepoint VM operation: Cleanup
Event: 6441.143 Executing safepoint VM operation: Cleanup done
Event: 6456.223 Executing safepoint VM operation: G1CollectFull (System.gc())
Event: 6456.297 Executing safepoint VM operation: G1CollectFull (System.gc()) done
Event: 6470.610 Executing safepoint VM operation: G1CollectForAllocation (G1 Evacuation Pause)
Event: 6470.631 Executing safepoint VM operation: G1CollectForAllocation (G1 Evacuation Pause) done
Event: 6486.305 Executing safepoint VM operation: G1CollectFull (System.gc())
Event: 6486.360 Executing safepoint VM operation: G1CollectFull (System.gc()) done
Event: 6501.166 Executing safepoint VM operation: G1CollectForAllocation (G1 Evacuation Pause)
Event: 6501.175 Executing safepoint VM operation: G1CollectForAllocation (G1 Evacuation Pause) done
Event: 6516.370 Executing safepoint VM operation: G1CollectFull (System.gc())
Event: 6516.443 Executing safepoint VM operation: G1CollectFull (System.gc()) done
Event: 6524.634 Executing non-safepoint VM operation: HandshakeAllThreads (Deoptimize)
Event: 6524.634 Executing non-safepoint VM operation: HandshakeAllThreads (Deoptimize) done

Memory protections (0 events):
No events

Nmethod flushes (20 events):
Event: 6064.333 Thread 0x000002859b7449f0 flushing  nmethod 0x000002858472ad90
Event: 6064.333 Thread 0x000002859b7449f0 flushing  nmethod 0x000002858425a810
Event: 6094.612 Thread 0x000002859b7449f0 flushing osr nmethod 0x000002858379a510
Event: 6094.612 Thread 0x000002859b7449f0 flushing  nmethod 0x0000028583324490
Event: 6154.860 Thread 0x000002859b7449f0 flushing  nmethod 0x000002858487fa10
Event: 6154.860 Thread 0x000002859b7449f0 flushing osr nmethod 0x0000028585019910
Event: 6154.860 Thread 0x000002859b7449f0 flushing  nmethod 0x0000028583db9d90
Event: 6185.120 Thread 0x000002859b7449f0 flushing  nmethod 0x0000028584170810
Event: 6185.120 Thread 0x000002859b7449f0 flushing  nmethod 0x00000285844a8510
Event: 6215.278 Thread 0x000002859b7449f0 flushing osr nmethod 0x0000028584418a90
Event: 6245.406 Thread 0x000002859b7449f0 flushing osr nmethod 0x0000028585019910
Event: 6275.533 Thread 0x000002859b7449f0 flushing  nmethod 0x0000028584768e90
Event: 6335.785 Thread 0x000002859b7449f0 flushing  nmethod 0x0000028583db8210
Event: 6426.182 Thread 0x000002859b7449f0 flushing osr nmethod 0x0000028585142790
Event: 6456.261 Thread 0x000002859b7449f0 flushing osr nmethod 0x00000285850edd10
Event: 6486.325 Thread 0x000002859b7449f0 flushing osr nmethod 0x0000028585019910
Event: 6486.325 Thread 0x000002859b7449f0 flushing  nmethod 0x0000028584f6bc10
Event: 6486.325 Thread 0x000002859b7449f0 flushing  nmethod 0x0000028584cd7690
Event: 6516.407 Thread 0x000002859b7449f0 flushing  nmethod 0x000002858b34ea90
Event: 6516.407 Thread 0x000002859b7449f0 flushing osr nmethod 0x000002858379a510

Events (20 events):
Event: 3701.695 Thread 0x00000285a08e83c0 Thread added: 0x00000285b97d6880
Event: 3702.579 Thread 0x00000285b97d6880 Thread exited: 0x00000285b97d6880
Event: 4266.192 Thread 0x00000285a08ea490 Thread added: 0x00000285b97e0600
Event: 4267.240 Thread 0x00000285b97e0600 Thread exited: 0x00000285b97e0600
Event: 4302.640 Thread 0x00000285a08ea490 Thread added: 0x00000285b4e70840
Event: 4303.679 Thread 0x00000285b4e70840 Thread exited: 0x00000285b4e70840
Event: 4868.242 Thread 0x00000285a0afbd80 Thread added: 0x00000285b97f6890
Event: 4869.455 Thread 0x00000285b97f6890 Thread exited: 0x00000285b97f6890
Event: 4903.742 Thread 0x00000285a40819c0 Thread added: 0x00000285b4e81be0
Event: 4904.624 Thread 0x00000285b4e81be0 Thread exited: 0x00000285b4e81be0
Event: 5345.745 Thread 0x00000285a0b70db0 Thread added: 0x00000285b97eaa40
Event: 5405.762 Thread 0x00000285b9aecf00 Thread exited: 0x00000285b9aecf00
Event: 5467.393 Thread 0x00000285a40819c0 Thread added: 0x00000285b4e77e60
Event: 5468.500 Thread 0x00000285b4e77e60 Thread exited: 0x00000285b4e77e60
Event: 5504.688 Thread 0x00000285a40819c0 Thread added: 0x00000285aa6cfde0
Event: 5505.633 Thread 0x00000285aa6cfde0 Thread exited: 0x00000285aa6cfde0
Event: 6076.317 Thread 0x00000285a0af80a0 Thread added: 0x00000285b97de530
Event: 6077.459 Thread 0x00000285b97de530 Thread exited: 0x00000285b97de530
Event: 6105.690 Thread 0x00000285a0af80a0 Thread added: 0x00000285aa6d0470
Event: 6106.550 Thread 0x00000285aa6d0470 Thread exited: 0x00000285aa6d0470


Dynamic libraries:
0x00007ff792100000 - 0x00007ff79218f000 	C:\Users\antoi\AppData\Local\OmniApp\app\org.example.project.exe
0x00007ffef4620000 - 0x00007ffef4887000 	C:\WINDOWS\SYSTEM32\ntdll.dll
0x00007ffef2e00000 - 0x00007ffef2ecb000 	C:\WINDOWS\System32\KERNEL32.DLL
0x00007ffef1bd0000 - 0x00007ffef1fd2000 	C:\WINDOWS\System32\KERNELBASE.dll
0x00007ffef4270000 - 0x00007ffef443f000 	C:\WINDOWS\System32\USER32.dll
0x00007ffef21a0000 - 0x00007ffef21c7000 	C:\WINDOWS\System32\win32u.dll
0x00007ffef3160000 - 0x00007ffef318b000 	C:\WINDOWS\System32\GDI32.dll
0x00007ffef1fe0000 - 0x00007ffef2109000 	C:\WINDOWS\System32\gdi32full.dll
0x00007ffef21d0000 - 0x00007ffef2273000 	C:\WINDOWS\System32\msvcp_win.dll
0x00007ffef1820000 - 0x00007ffef196c000 	C:\WINDOWS\System32\ucrtbase.dll
0x00007ffef2570000 - 0x00007ffef2d08000 	C:\WINDOWS\System32\SHELL32.dll
0x00007ffef2d10000 - 0x00007ffef2d41000 	C:\WINDOWS\System32\IMM32.DLL
0x00007ffef2460000 - 0x00007ffef255b000 	C:\WINDOWS\System32\shcore.dll
0x00007ffeeab10000 - 0x00007ffeeab28000 	C:\Users\antoi\AppData\Local\OmniApp\app\runtime\bin\jli.dll
0x00007ffed8530000 - 0x00007ffed87c0000 	C:\WINDOWS\WinSxS\amd64_microsoft.windows.common-controls_6595b64144ccf1df_6.0.26100.9278_none_3e0d1ba8e3303201\COMCTL32.dll
0x00007ffef3190000 - 0x00007ffef3239000 	C:\WINDOWS\System32\msvcrt.dll
0x00007ffed5b70000 - 0x00007ffed5b8e000 	C:\Users\antoi\AppData\Local\OmniApp\app\runtime\bin\VCRUNTIME140.dll
0x00007ffeed270000 - 0x00007ffeed27c000 	C:\Users\antoi\AppData\Local\OmniApp\app\runtime\bin\vcruntime140_1.dll
0x00007ffeb2ad0000 - 0x00007ffeb2b59000 	C:\Users\antoi\AppData\Local\OmniApp\app\runtime\bin\msvcp140.dll
0x00007ffe734e0000 - 0x00007ffe74288000 	C:\Users\antoi\AppData\Local\OmniApp\app\runtime\bin\server\jvm.dll
0x00007ffef4450000 - 0x00007ffef450c000 	C:\WINDOWS\System32\ADVAPI32.dll
0x00007ffef32d0000 - 0x00007ffef3379000 	C:\WINDOWS\System32\sechost.dll
0x00007ffef2340000 - 0x00007ffef2458000 	C:\WINDOWS\System32\RPCRT4.dll
0x00007ffef3860000 - 0x00007ffef38e0000 	C:\WINDOWS\System32\WS2_32.dll
0x00007ffef0350000 - 0x00007ffef03ae000 	C:\WINDOWS\SYSTEM32\POWRPROF.dll
0x00007ffedc860000 - 0x00007ffedc896000 	C:\WINDOWS\SYSTEM32\WINMM.dll
0x00007ffee95c0000 - 0x00007ffee95cb000 	C:\WINDOWS\SYSTEM32\VERSION.dll
0x00007ffef0330000 - 0x00007ffef0345000 	C:\WINDOWS\SYSTEM32\UMPDC.dll
0x00007ffef0610000 - 0x00007ffef062b000 	C:\WINDOWS\SYSTEM32\kernel.appcore.dll
0x00007ffee3fd0000 - 0x00007ffee3fda000 	C:\Users\antoi\AppData\Local\OmniApp\app\runtime\bin\jimage.dll
0x00007ffeee780000 - 0x00007ffeee9cc000 	C:\WINDOWS\SYSTEM32\DBGHELP.DLL
0x00007ffef3380000 - 0x00007ffef3705000 	C:\WINDOWS\System32\combase.dll
0x00007ffef3780000 - 0x00007ffef3859000 	C:\WINDOWS\System32\OLEAUT32.dll
0x00007ffed4950000 - 0x00007ffed498b000 	C:\WINDOWS\SYSTEM32\dbgcore.DLL
0x00007ffef1980000 - 0x00007ffef1a2c000 	C:\WINDOWS\System32\bcryptPrimitives.dll
0x00007ffecca00000 - 0x00007ffecca21000 	C:\Users\antoi\AppData\Local\OmniApp\app\runtime\bin\java.dll
0x00007ffeef270000 - 0x00007ffeefb1e000 	C:\WINDOWS\SYSTEM32\windows.storage.dll
0x00007ffef3710000 - 0x00007ffef3776000 	C:\WINDOWS\System32\shlwapi.dll
0x00007ffef1740000 - 0x00007ffef1769000 	C:\WINDOWS\SYSTEM32\profapi.dll
0x00007ffed3ab0000 - 0x00007ffed3ac1000 	C:\Users\antoi\AppData\Local\OmniApp\app\runtime\bin\net.dll
0x00007ffeeae40000 - 0x00007ffeeaf6a000 	C:\WINDOWS\SYSTEM32\WINHTTP.dll
0x00007ffef0bd0000 - 0x00007ffef0c3c000 	C:\WINDOWS\system32\mswsock.dll
0x00007ffeca2d0000 - 0x00007ffeca2e6000 	C:\Users\antoi\AppData\Local\OmniApp\app\runtime\bin\nio.dll
0x00007ffeca1d0000 - 0x00007ffeca1e8000 	C:\Users\antoi\AppData\Local\OmniApp\app\runtime\bin\zip.dll
0x00007ffef0ec0000 - 0x00007ffef0edb000 	C:\WINDOWS\SYSTEM32\CRYPTSP.dll
0x00007ffef0570000 - 0x00007ffef05a9000 	C:\WINDOWS\system32\rsaenh.dll
0x00007ffef0c80000 - 0x00007ffef0cb4000 	C:\WINDOWS\SYSTEM32\USERENV.dll
0x00007ffef1710000 - 0x00007ffef173a000 	C:\WINDOWS\SYSTEM32\bcrypt.dll
0x00007ffef0ee0000 - 0x00007ffef0eec000 	C:\WINDOWS\SYSTEM32\CRYPTBASE.dll
0x00007ffeeff50000 - 0x00007ffeeff83000 	C:\WINDOWS\SYSTEM32\IPHLPAPI.DLL
0x00007ffef3d50000 - 0x00007ffef3d5a000 	C:\WINDOWS\System32\NSI.dll
0x00007ffe984c0000 - 0x00007ffe985ba000 	C:\Users\antoi\AppData\Local\Temp\sqlite-3.49.1.0-a4229d9e-5e2d-4199-b177-722f86a0cc0f-sqlitejdbc.dll
0x00007ffe6fe20000 - 0x00007ffe70b95000 	C:\Users\antoi\AppData\Local\OmniApp\app\app\skiko-windows-x64.dll
0x00007ffef3bb0000 - 0x00007ffef3d4a000 	C:\WINDOWS\System32\ole32.dll
0x00007ffeedf30000 - 0x00007ffeedf5f000 	C:\WINDOWS\SYSTEM32\dwmapi.dll
0x00007ffeee640000 - 0x00007ffeee735000 	C:\WINDOWS\SYSTEM32\PROPSYS.dll
0x00007ffe87570000 - 0x00007ffe87703000 	C:\Users\antoi\AppData\Local\OmniApp\app\runtime\bin\awt.dll
0x00007ffeedb10000 - 0x00007ffeedbaf000 	C:\WINDOWS\SYSTEM32\apphelp.dll
0x00007ffeedc40000 - 0x00007ffeedce8000 	C:\WINDOWS\system32\uxtheme.dll
0x00007ffef2fd0000 - 0x00007ffef312b000 	C:\WINDOWS\System32\MSCTF.dll
0x00007ffe09b70000 - 0x00007ffe09c7c000 	C:\WINDOWS\system32\opengl32.dll
0x00007ffe09b30000 - 0x00007ffe09b5d000 	C:\WINDOWS\SYSTEM32\GLU32.dll
0x00007ffeeeb30000 - 0x00007ffeeeb74000 	C:\WINDOWS\SYSTEM32\dxcore.dll
0x00007ffea9370000 - 0x00007ffea93fb000 	C:\Users\antoi\AppData\Local\OmniApp\app\runtime\bin\freetype.dll
0x00007ffe98ca0000 - 0x00007ffe98d99000 	C:\Users\antoi\AppData\Local\OmniApp\app\runtime\bin\fontmanager.dll
0x00007ffeec3f0000 - 0x00007ffeec65a000 	C:\WINDOWS\SYSTEM32\dwrite.dll
0x00007ffef4520000 - 0x00007ffef45ce000 	C:\WINDOWS\System32\clbcatq.dll
0x00007ffeec1b0000 - 0x00007ffeec3e8000 	C:\WINDOWS\SYSTEM32\WindowsCodecs.dll
0x00007ffec93e0000 - 0x00007ffec943c000 	C:\WINDOWS\system32\dataexchange.dll
0x00007ffee46e0000 - 0x00007ffee4930000 	C:\WINDOWS\system32\twinapi.appcore.dll
0x00007ffed9fb0000 - 0x00007ffed9fb7000 	C:\Users\antoi\AppData\Local\OmniApp\app\runtime\bin\jawt.dll
0x00007ffeeddd0000 - 0x00007ffeedf0b000 	C:\WINDOWS\SYSTEM32\Dxgi.dll
0x00007ffee9e20000 - 0x00007ffee9e7e000 	C:\WINDOWS\SYSTEM32\directxdatabasehelper.dll
0x00007ffef14a0000 - 0x00007ffef14f2000 	C:\WINDOWS\SYSTEM32\cfgmgr32.dll
0x00007ffea5590000 - 0x00007ffea55b3000 	C:\WINDOWS\SYSTEM32\D3D12.dll
0x00007ffe2d310000 - 0x00007ffe2d66b000 	C:\WINDOWS\SYSTEM32\D3D12Core.dll
0x00007ffe817f0000 - 0x00007ffe81870000 	C:\WINDOWS\System32\DriverStore\FileRepository\iigd_dch.inf_amd64_bace702a372523d6\igdext64.dll
0x00007ffe58270000 - 0x00007ffe5832c000 	C:\WINDOWS\System32\DriverStore\FileRepository\iigd_dch.inf_amd64_bace702a372523d6\igd12umd64.dll
0x00007ffe12040000 - 0x00007ffe15f37000 	C:\WINDOWS\System32\DriverStore\FileRepository\iigd_dch.inf_amd64_bace702a372523d6\igd12um64xeh.dll
0x00007ffef1a40000 - 0x00007ffef1bbe000 	C:\WINDOWS\System32\CRYPT32.dll
0x00007ffed3910000 - 0x00007ffed39c7000 	C:\WINDOWS\System32\DriverStore\FileRepository\iigd_dch.inf_amd64_bace702a372523d6\IntelControlLib.dll
0x00007ffeecdb0000 - 0x00007ffeed010000 	C:\WINDOWS\SYSTEM32\d3d11.dll
0x00007ffee5080000 - 0x00007ffee50a4000 	C:\WINDOWS\System32\DriverStore\FileRepository\iigd_dch.inf_amd64_bace702a372523d6\igc64.dll
0x00007ffeddcf0000 - 0x00007ffee2db0000 	C:\WINDOWS\System32\DriverStore\FileRepository\iigd_dch.inf_amd64_bace702a372523d6\igc-default64.dll
0x00007ffee4c30000 - 0x00007ffee4ce4000 	C:\WINDOWS\System32\DriverStore\FileRepository\iigd_dch.inf_amd64_bace702a372523d6\igdgmm2_64.dll
0x00007ffee3be0000 - 0x00007ffee3f7a000 	C:\WINDOWS\System32\DriverStore\FileRepository\iigd_dch.inf_amd64_bace702a372523d6\igdgmm64.dll
0x00007ffee42e0000 - 0x00007ffee430a000 	C:\WINDOWS\System32\DriverStore\FileRepository\iigd_dch.inf_amd64_bace702a372523d6\igdgmmstaging_64.dll
0x00007ffe417b0000 - 0x00007ffe4184b000 	C:\WINDOWS\System32\DriverStore\FileRepository\iigd_dch.inf_amd64_bace702a372523d6\UniversalAdapter64.dll
0x00007ffe36930000 - 0x00007ffe36a0f000 	C:\WINDOWS\SYSTEM32\D3DSCache.dll
0x00007ffe2ced0000 - 0x00007ffe2d307000 	C:\WINDOWS\System32\DriverStore\FileRepository\iigd_dch.inf_amd64_bace702a372523d6\igd12dxva64.dll
0x00007ffef3d60000 - 0x00007ffef41e7000 	C:\WINDOWS\System32\SETUPAPI.dll
0x00007ffebb250000 - 0x00007ffebca42000 	C:\WINDOWS\System32\DriverStore\FileRepository\iigd_dch.inf_amd64_bace702a372523d6\igddxvacommon64.dll
0x00007ffeb8fb0000 - 0x00007ffebaf01000 	C:\WINDOWS\System32\DriverStore\FileRepository\iigd_dch.inf_amd64_bace702a372523d6\media_bin_64.dll
0x00007ffeed2f0000 - 0x00007ffeed317000 	C:\WINDOWS\System32\DriverStore\FileRepository\iigd_dch.inf_amd64_bace702a372523d6\igdinfo64.dll
0x00007ffee8820000 - 0x00007ffee8828000 	C:\WINDOWS\system32\wshunix.dll
0x00007ffea8ef0000 - 0x00007ffea8f35000 	C:\Users\antoi\AppData\Local\Temp\jna--846709896\jna12524098847556784435.dll
0x00007ffef3ba0000 - 0x00007ffef3ba8000 	C:\WINDOWS\System32\PSAPI.DLL
0x00007ffeedae0000 - 0x00007ffeedb0a000 	C:\WINDOWS\SYSTEM32\wtsapi32.dll
0x00007ffef08d0000 - 0x00007ffef0919000 	C:\WINDOWS\SYSTEM32\SspiCli.dll
0x00007ffeefe00000 - 0x00007ffeefe64000 	C:\WINDOWS\SYSTEM32\WINSTA.dll
0x00007ffeeac20000 - 0x00007ffeeacdf000 	C:\WINDOWS\SYSTEM32\mscms.dll
0x00007ffea4e30000 - 0x00007ffea4e7b000 	C:\WINDOWS\SYSTEM32\icm32.dll
0x00007ffeed020000 - 0x00007ffeed245000 	C:\WINDOWS\SYSTEM32\dcomp.dll
0x00007ffeebc80000 - 0x00007ffeebc9a000 	C:\WINDOWS\SYSTEM32\Microsoft.Internal.WarpPal.dll
0x00007ffeebca0000 - 0x00007ffeec11f000 	C:\WINDOWS\SYSTEM32\d3dcompiler_47.dll
0x00007ffeca5b0000 - 0x00007ffeca6f2000 	C:\WINDOWS\SYSTEM32\textinputframework.dll
0x00007ffeb47e0000 - 0x00007ffeb4c00000 	C:\WINDOWS\System32\uiautomationcore.dll
0x00007ffeccef0000 - 0x00007ffeccf65000 	C:\WINDOWS\System32\OLEACC.dll
0x00007ffeb1970000 - 0x00007ffeb1986000 	C:\Windows\System32\threadpoolwinrt.dll
0x00007ffeed4d0000 - 0x00007ffeed5fb000 	C:\WINDOWS\SYSTEM32\CoreMessaging.dll
0x00007ffee81d0000 - 0x00007ffee84b4000 	C:\WINDOWS\SYSTEM32\CoreUIComponents.dll
0x00007ffee9e90000 - 0x00007ffee9ffa000 	C:\WINDOWS\SYSTEM32\wintypes.dll

JVMTI agents: none

dbghelp: loaded successfully - version: 4.0.5 - missing functions: none
symbol engine: initialized successfully - sym options: 0x614 - pdb path: .;C:\Users\antoi\AppData\Local\OmniApp\app;C:\WINDOWS\SYSTEM32;C:\Users\antoi\AppData\Local\OmniApp\app\runtime\bin;C:\WINDOWS\WinSxS\amd64_microsoft.windows.common-controls_6595b64144ccf1df_6.0.26100.9278_none_3e0d1ba8e3303201;C:\Users\antoi\AppData\Local\OmniApp\app\runtime\bin\server;C:\Users\antoi\AppData\Local\Temp;C:\Users\antoi\AppData\Local\OmniApp\app\app;C:\WINDOWS\System32\DriverStore\FileRepository\iigd_dch.inf_amd64_bace702a372523d6;C:\Users\antoi\AppData\Local\Temp\jna--846709896

VM Arguments:
jvm_args: -Djpackage.app-version=0.5.0 -Dcompose.application.resources.dir=C:\Users\antoi\AppData\Local\OmniApp\app\app\resources -Dcompose.application.configure.swing.globals=true -Dskiko.library.path=C:\Users\antoi\AppData\Local\OmniApp\app\app -Djpackage.app-path=C:\Users\antoi\AppData\Local\OmniApp\app\org.example.project.exe 
java_command: org.example.project.MainKt
java_class_path (initial): C:\Users\antoi\AppData\Local\OmniApp\app\app\desktopApp-8cc88b6a111761ae87b2b6ed307ac5.jar;C:\Users\antoi\AppData\Local\OmniApp\app\app\animation-core-desktop-1.11.0-3ec8687bba1c875f4630e7c99d49defc.jar;C:\Users\antoi\AppData\Local\OmniApp\app\app\animation-desktop-1.11.0-3b1636eba8fac16d053e567d9b91df8.jar;C:\Users\antoi\AppData\Local\OmniApp\app\app\annotation-jvm-1.9.1-1d6a04b3b9847638d0529df8ef76a.jar;C:\Users\antoi\AppData\Local\OmniApp\app\app\annotations-23.0.0-8484cd17d040d837983323f760b2c660.jar;C:\Users\antoi\AppData\Local\OmniApp\app\app\atomicfu-jvm-0.28.0-70921245a0aed3c3e3d17c34ca3dbd87.jar;C:\Users\antoi\AppData\Local\OmniApp\app\app\collection-jvm-1.5.0-4421442c114a4f8c8fe587cf2d668237.jar;C:\Users\antoi\AppData\Local\OmniApp\app\app\core-common-2.2.0-2212d240dfe1e8a7598ee117ccc316d.jar;C:\Users\antoi\AppData\Local\OmniApp\app\app\desktop-jvm-1.11.0-853ec1ce1542426c233c62225bcd3895.jar;C:\Users\antoi\AppData\Local\OmniApp\app\app\foundation-desktop-1.11.0-a4787b8ca37ae91eb45fa9a21e1a4ce.jar;C:\Users\antoi\AppData\Local\OmniApp\app\app\foundation-layout-desktop-1.11.0-283d2ac8235541447bbd8d60ab59521.jar;C:\Users\antoi\AppData\Local\OmniApp\app\app\graphics-shapes-desktop-1.1.0-dee1da92dcd95a52b7faca62f4f942.jar;C:\Users\antoi\AppData\Local\OmniApp\app\app\jbr-api-1.9.0-4ae6ce27bcafb233efdbf54395d03.jar;C:\Users\antoi\AppData\Local\OmniApp\app\app\jdbc-driver-2.1.0-734a6d743f73d4abfa230577ddc37bd.jar;C:\Users\antoi\AppData\Local\OmniApp\app\app\jna-5.14.0-8b3cc65292435ad9f801e6d9b2a3497.jar;C:\Users\antoi\AppData\Local\OmniApp\app\app\jna-platform-5.14.0-3bc3f09a698e6ad250dd93f64fbb8a7.jar;C:\Users\antoi\AppData\Local\OmniApp\app\app\jspecify-1.0.0-9133aba420d0ca3b01dbb6ae9992cf6.jar;C:\Users\antoi\AppData\Local\OmniApp\app\app\kotlin-stdlib-2.3.21-67d962e3bcffbbb88f84b4d49e47fc56.jar;C:\Users\antoi\AppData\Local\OmniApp\app\app\kotlinx-coroutines-core-jvm-1.11.0-41a5e9a2f2c9affb9d9ab254be5a984f.jar;C:\Users\antoi\AppData\Local\OmniApp\app\app\kotlinx-coroutines-slf4j-1.11.0-aa9f8a4e70944e6a49f380574b7648a.jar;C:\Users\antoi\AppData\Local\OmniApp\app\app\kotlinx-coroutines-swing-1.11.0-e2b21cfe6937a29f4b6eb63570c77085.jar;C:\Users\antoi\AppData\Local\OmniApp\app\app\kotlinx-datetime-jvm-0.7.1-70b44e22ebc7eebfa53f7d1941af072.jar;C:\Users\antoi\AppData\Local\OmniApp\app\app\kotlinx-io-bytestring-jvm-0.8.0-b6a72a4e88b5b115d31cd7e96d1cc783.jar;C:\Users\antoi\AppData\Local\OmniApp\app\app\kotlinx-io-core-jvm-0.8.0-514bc0925c1a81b3ccbe76757bf08ff.jar;C:\Users\antoi\AppData\Local\OmniApp\app\app\kotlinx-serialization-core-jvm-1.11.0-cce19040b3217192d383e28af7ffcb58.jar;C:\Users\antoi\AppData\Local\OmniApp\app\app\kotlinx-serialization-json-io-jvm-1.11.0-18fa3980a634626154439afcf274a88.jar;C:\Users\antoi\AppData\Local\OmniApp\app\app\kotlinx-serialization-json-jvm-1.11.0-22c7504f2965bec48288d5efa4886c52.jar;C:\Users\antoi\AppData\Local\OmniApp\app\app\ktor-client-cio-jvm-3.3.1-608aab7c1fa7df7488f4fb46938b1b.jar;C:\Users\antoi\AppData\Local\OmniApp\app\app\ktor-client-content-negotiation-jvm-3.3.1-1ab6b5e8eac688f2b68e586b37dbc5e.jar;C:\Users\antoi\AppData\Local\OmniApp\app\app\ktor-client-core-jvm-3.3.1-5a870a06f2c6b9e6e29d33446993ff9.jar;C:\Users\antoi\AppData\Local\OmniApp\app\app\ktor-client-websockets-jvm-3.3.1-72dce1cafc453cbaffcb9954df143e78.jar;C:\Users\antoi\AppData\Local\OmniApp\app\app\ktor-events-jvm-3.3.1-9a885f3889acc149f7cf98081454e53.jar;C:\Users\antoi\AppData\Local\OmniApp\app\app\ktor-http-cio-jvm-3.3.1-93efd8facf7324f3b63ae5d5241d62cf.jar;C:\Users\antoi\AppData\Local\OmniApp\app\app\ktor-http-jvm-3.3.1-a0ec129d10573c5d1d228ac792fef3b.jar;C:\Users\antoi\AppData\Local\OmniApp\app\app\ktor-io-jvm-3.3.1-d440f16050f08c60de27704cd07d61e4.jar;C:\Users\antoi\AppData\Local\OmniApp\app\app\ktor-network-jvm-3.3.1-dba535d45d104c6c7f3edbb451980da.jar;C:\Users\antoi\AppData\Local\OmniApp\app\app\ktor-network-tls-jvm-3.3.1-7596e66f3a5fc43c1cd2878e9212da34.jar;C:\Users\antoi\AppData\Local\OmniApp\app\app\ktor-serialization-jvm-3.3.1-b95af7c2693d99968fce8a2b050ca.jar;C:\Users\antoi\AppData\Local\OmniApp\app\app\ktor-serialization-kotlinx-json-jvm-3.3.1-75a1bf6bde54c7673e62721846327e77.jar;C:\Users\antoi\AppData\Local\OmniApp\app\app\ktor-serialization-kotlinx-jvm-3.3.1-9515ac9409757441e6b2dd5f9a4cbd.jar;C:\Users\antoi\AppData\Local\OmniApp\app\app\ktor-sse-jvm-3.3.1-3deb4a206e7ae6ca64e960c6758afa75.jar;C:\Users\antoi\AppData\Local\OmniApp\app\app\ktor-utils-jvm-3.3.1-46fea0ac5c953d98a1bbafe2a6cc13.jar;C:\Users\antoi\AppData\Local\OmniApp\app\app\ktor-websocket-serialization-jvm-3.3.1-f456c4361a422ccd347d91533032fcd.jar;C:\Users\antoi\AppData\Local\OmniApp\app\app\ktor-websockets-jvm-3.3.1-be062313fc7b8327677dc1467f3f7.jar;C:\Users\antoi\AppData\Local\OmniApp\app\app\library-desktop-1.11.0-297a54414da4a367efb3223fc064d2bb.jar;C:\Users\antoi\AppData\Local\OmniApp\app\app\lifecycle-common-jvm-2.11.0-beta01-a959fe40f2d0f5fec386bea6b823d740.jar;C:\Users\antoi\AppData\Local\OmniApp\app\app\lifecycle-runtime-compose-desktop-2.11.0-beta01-de578d01d15f2c99ea8bbd993fd5.jar;C:\Users\antoi\AppData\Local\OmniApp\app\app\lifecycle-runtime-compose-desktop-2.11.0-beta01-ffb54211a8c3862a8cd05279f4117790.jar;C:\Users\antoi\AppData\Local\OmniApp\app\app\lifecycle-runtime-desktop-2.11.0-beta01-f14af19f336c43981285f2b83ea88f.jar;C:\Users\antoi\AppData\Local\OmniApp\app\app\lifecycle-viewmodel-compose-desktop-2.11.0-beta01-8c8b5c8d71759d5b1f927a06b97a278.jar;C:\Users\antoi\AppData\Local\OmniApp\app\app\lifecycle-viewmodel-compose-desktop-2.11.0-beta01-a2efd9d8a4363bdc03bb7bdb822e3bb.jar;C:\Users\antoi\AppData\Local\OmniApp\app\app\lifecycle-viewmodel-desktop-2.11.0-beta01-6765f67c2afce1a337a3726e1d1139bb.jar;C:\Users\antoi\AppData\Local\OmniApp\app\app\lifecycle-viewmodel-savedstate-desktop-2.11.0-beta01-e927c27c498a1960d6d61db71a30338.jar;C:\Users\antoi\AppData\Local\OmniApp\app\app\material-desktop-1.11.0-25436e0596588ad39cc6841e571bd6.jar;C:\Users\antoi\AppData\Local\OmniApp\app\app\material-ripple-desktop-1.11.0-25262e12df3eab6a74d96e5c5f1e35d4.jar;C:\Users\antoi\AppData\Local\OmniApp\app\app\material3-desktop-1.11.0-alpha07-918c713f9d591a34492212a164f5c190.jar;C:\Users\antoi\AppData\Local\OmniApp\app\app\navigationevent-desktop-1.0.1-e0291c4f5d6a6b9038dae1d32950806e.jar;C:\Users\antoi\AppData\Local\OmniApp\app\app\ortools-java-9.15.6755-b947cce7b5967853b05be737d2242b71.jar;C:\Users\antoi\AppData\Local\OmniApp\app\app\ortools-win32-x86-64-9.15.6755-796c6dd535ab9652f970b01c0ac1853.jar;C:\Users\antoi\AppData\Local\OmniApp\app\app\protobuf-java-4.33.1-323bc9903c3cd9d1ef60443778c17fca.jar;C:\Users\antoi\AppData\Local\OmniApp\app\app\runtime-annotation-jvm-1.11.1-6963b878fcc7f76320564cfd61b7e881.jar;C:\Users\antoi\AppData\Local\OmniApp\app\app\runtime-desktop-1.11.0-f530f7ee1fb51ca01a95c1bbb0ef3a7d.jar;C:\Users\antoi\AppData\Local\OmniApp\app\app\runtime-desktop-1.11.1-2ec59882189381c3f1527c01f515e.jar;C:\Users\antoi\AppData\Local\OmniApp\app\app\runtime-jvm-2.1.0-5bac733b6b1e11f882d362f1f1a6948.jar;C:\Users\antoi\AppData\Local\OmniApp\app\app\runtime-retain-desktop-1.11.1-1a6731c44f232c5d9e1fb10edac28de.jar;C:\Users\antoi\AppData\Local\OmniApp\app\app\runtime-saveable-desktop-1.11.0-eea89111a01dbed26b76bf2f1fd3.jar;C:\Users\antoi\AppData\Local\OmniApp\app\app\runtime-saveable-desktop-1.11.1-80f1ec1d671efb9ee47f426501a6620.jar;C:\Users\antoi\AppData\Local\OmniApp\app\app\savedstate-compose-desktop-1.3.6-8de11644e97845eaa45d9e74fdec755.jar;C:\Users\antoi\AppData\Local\OmniApp\app\app\savedstate-compose-desktop-1.4.0-84ed9710e312be7017fd7498fe747a.jar;C:\Users\antoi\AppData\Local\OmniApp\app\app\savedstate-desktop-1.4.0-e2a50762f9c6de234b04b12926df6b3.jar;C:\Users\antoi\AppData\Local\OmniApp\app\app\shared-jvm-fe3817ffd6a47ce19483d4a8a548318a.jar;C:\Users\antoi\AppData\Local\OmniApp\app\app\skiko-awt-0.144.6-6b3e9f225137b9011f3a95ca950455.jar;C:\Users\antoi\AppData\Local\OmniApp\app\app\skiko-awt-runtime-windows-x64-0.144.6-43fd376b63ced904b566a1468472a6.jar;C:\Users\antoi\AppData\Local\OmniApp\app\app\slf4j-api-2.0.17-b648d114a23683498ac3f746f959d2f.jar;C:\Users\antoi\AppData\Local\OmniApp\app\app\sqlite-driver-2.1.0-39af9518b140f577356c5f605c699.jar;C:\Users\antoi\AppData\Local\OmniApp\app\app\sqlite-jdbc-3.49.1.0-c62ea721e9d6114e755fb7c8ad67df4d.jar;C:\Users\antoi\AppData\Local\OmniApp\app\app\ui-backhandler-desktop-1.11.0-628e5847a9bb5f2484c7a1764133b08.jar;C:\Users\antoi\AppData\Local\OmniApp\app\app\ui-desktop-1.11.0-5f509ad85261f69cc5f8a26c32a833c2.jar;C:\Users\antoi\AppData\Local\OmniApp\app\app\ui-geometry-desktop-1.11.0-50f2f5ca194395b3639e4e26be66d2ae.jar;C:\Users\antoi\AppData\Local\OmniApp\app\app\ui-graphics-desktop-1.11.0-9719c3b28df541492cffa726d5969d.jar;C:\Users\antoi\AppData\Local\OmniApp\app\app\ui-text-desktop-1.11.0-c237f6ec36592e968436efc2f2ee3e4d.jar;C:\Users\antoi\AppData\Local\OmniApp\app\app\ui-tooling-preview-desktop-1.11.0-b496665b26f319b702eea4c9e514f7d.jar;C:\Users\antoi\AppData\Local\OmniApp\app\app\ui-unit-desktop-1.11.0-6974f16892c8d8d3723cb6de69a762de.jar;C:\Users\antoi\AppData\Local\OmniApp\app\app\ui-util-desktop-1.11.0-4acc4435b9b1c62da975d3cc6425edd.jar
Launcher Type: SUN_STANDARD

[Global flags]
     intx CICompilerCount                          = 12                                        {product} {ergonomic}
     uint ConcGCThreads                            = 4                                         {product} {ergonomic}
     uint G1ConcRefinementThreads                  = 16                                        {product} {ergonomic}
   size_t G1HeapRegionSize                         = 4194304                                   {product} {ergonomic}
    uintx GCDrainStackTargetSize                   = 64                                        {product} {ergonomic}
   size_t InitialHeapSize                          = 394264576                                 {product} {ergonomic}
   size_t MarkStackSize                            = 4194304                                   {product} {ergonomic}
   size_t MaxHeapSize                              = 6274678784                                {product} {ergonomic}
   size_t MaxNewSize                               = 3762290688                                {product} {ergonomic}
   size_t MinHeapDeltaBytes                        = 4194304                                   {product} {ergonomic}
   size_t MinHeapSize                              = 8388608                                   {product} {ergonomic}
    uintx NonNMethodCodeHeapSize                   = 7602480                                {pd product} {ergonomic}
    uintx NonProfiledCodeHeapSize                  = 122027880                              {pd product} {ergonomic}
    uintx ProfiledCodeHeapSize                     = 122027880                              {pd product} {ergonomic}
    uintx ReservedCodeCacheSize                    = 251658240                              {pd product} {ergonomic}
     bool SegmentedCodeCache                       = true                                      {product} {ergonomic}
   size_t SoftMaxHeapSize                          = 6274678784                             {manageable} {ergonomic}
     bool UseCompressedOops                        = true                           {product lp64_product} {ergonomic}
     bool UseG1GC                                  = true                                      {product} {ergonomic}
     bool UseLargePagesIndividualAllocation        = false                                  {pd product} {ergonomic}

Logging:
Log output configuration:
 #0: stdout all=warning uptime,level,tags foldmultilines=false
 #1: stderr all=off uptime,level,tags foldmultilines=false

Release file:
JAVA_VERSION="21.0.11" 
MODULES="java.base java.datatransfer java.xml java.prefs java.desktop java.logging java.transaction.xa java.sql jdk.crypto.ec jdk.unsupported" 

Environment Variables:
PATH=C:\Program Files\Eclipse Adoptium\jdk-25.0.3.9-hotspot\bin;C:\WINDOWS\system32;C:\WINDOWS;C:\WINDOWS\System32\Wbem;C:\WINDOWS\System32\WindowsPowerShell\v1.0\;C:\WINDOWS\System32\OpenSSH\;C:\Program Files (x86)\NVIDIA Corporation\PhysX\Common;C:\Program Files\dotnet\;C:\Program Files\Git\cmd;C:\Program Files (x86)\Windows Kits\10\Windows Performance Toolkit\;C:\Program Files\nodejs\;C:\Users\antoi\AppData\Local\Pub\Cache\bin\;C:\Program Files\NVIDIA Corporation\NVIDIA App\NvDLISR;C:\Program Files\Docker\Docker\resources\bin;C:\tools\nuget;C:\Users\antoi\AppData\Roaming\npm;C:\Program Files\Eclipse Adoptium\jdk-25.0.3.9-hotspot\bin;C:\WINDOWS\system32;C:\WINDOWS;C:\WINDOWS\System32\Wbem;C:\WINDOWS\System32\WindowsPowerShell\v1.0\;C:\WINDOWS\System32\OpenSSH\;C:\Program Files (x86)\NVIDIA Corporation\PhysX\Common;C:\Program Files\dotnet\;C:\Program Files\Git\cmd;C:\Program Files (x86)\Windows Kits\10\Windows Performance Toolkit\;C:\Program Files\nodejs\;C:\Users\antoi\AppData\Local\Pub\Cache\bin\;C:\Program Files\NVIDIA Corporation\NVIDIA App\NvDLISR;C:\Program Files\Docker\Docker\resources\bin;C:\tools\nuget;C:\Users\antoi\.local\bin;C:\Users\antoi\AppData\Local\Programs\Python\Python314\Scripts\;C:\Users\antoi\AppData\Local\Programs\Python\Python314\;C:\Users\antoi\AppData\Local\Microsoft\WindowsApps;C:\Users\antoi\AppData\Local\Programs\Microsoft VS Code\bin;C:\src\flutter\bin;C:\Users\antoi\AppData\Roaming\npm;C:\Users\antoi\.dotnet\tools;C:\Users\antoi\AppData\Local\Microsoft\WinGet\Links;C:\Users\antoi\AppData\Local\Programs\cursor\resources\app\bin;C:\Users\antoi\AppData\L;C:\Users\antoi\AppData\Local\OmniApp\app\app
USERNAME=antoine
OS=Windows_NT
PROCESSOR_IDENTIFIER=Intel64 Family 6 Model 170 Stepping 4, GenuineIntel
TMP=C:\Users\antoi\AppData\Local\Temp
TEMP=C:\Users\antoi\AppData\Local\Temp




Periodic native trim disabled

---------------  S Y S T E M  ---------------

OS:
 Windows 11 , 64 bit Build 26100 (10.0.26100.9444)
OS uptime: 12 days 2:54 hours
Hyper-V role detected

CPU: total 22 (initial active 22) (11 cores per cpu, 2 threads per core) family 6 model 170 stepping 4 microcode 0x1c, cx8, cmov, fxsr, ht, mmx, 3dnowpref, sse, sse2, sse3, ssse3, sse4.1, sse4.2, popcnt, lzcnt, tsc, tscinvbit, avx, avx2, aes, erms, clmul, bmi1, bmi2, adx, sha, fma, vzeroupper, clflush, clflushopt, clwb, hv, serialize, rdtscp, rdpid, fsrm, f16c, cet_ibt, cet_ss
Processor Information for processor 0
  Max Mhz: 2300, Current Mhz: 2300, Mhz Limit: 2300
Processor Information for processor 1
  Max Mhz: 2300, Current Mhz: 2300, Mhz Limit: 2300
Processor Information for processor 2
  Max Mhz: 1800, Current Mhz: 1800, Mhz Limit: 1800
Processor Information for processor 3
  Max Mhz: 1800, Current Mhz: 1800, Mhz Limit: 1800
Processor Information for processor 4
  Max Mhz: 1800, Current Mhz: 1800, Mhz Limit: 1800
Processor Information for processor 5
  Max Mhz: 1800, Current Mhz: 1800, Mhz Limit: 1800
Processor Information for processor 6
  Max Mhz: 1800, Current Mhz: 1800, Mhz Limit: 1800
Processor Information for processor 7
  Max Mhz: 1800, Current Mhz: 1800, Mhz Limit: 1800
Processor Information for processor 8
  Max Mhz: 1800, Current Mhz: 1800, Mhz Limit: 1800
Processor Information for processor 9
  Max Mhz: 1800, Current Mhz: 1800, Mhz Limit: 1800
Processor Information for processor 10
  Max Mhz: 2300, Current Mhz: 2300, Mhz Limit: 2300
Processor Information for processor 11
  Max Mhz: 2300, Current Mhz: 2300, Mhz Limit: 2300
Processor Information for processor 12
  Max Mhz: 2300, Current Mhz: 2300, Mhz Limit: 2300
Processor Information for processor 13
  Max Mhz: 2300, Current Mhz: 2300, Mhz Limit: 2300
Processor Information for processor 14
  Max Mhz: 2300, Current Mhz: 2300, Mhz Limit: 2300
Processor Information for processor 15
  Max Mhz: 2300, Current Mhz: 2300, Mhz Limit: 2300
Processor Information for processor 16
  Max Mhz: 2300, Current Mhz: 2300, Mhz Limit: 2300
Processor Information for processor 17
  Max Mhz: 2300, Current Mhz: 2300, Mhz Limit: 2300
Processor Information for processor 18
  Max Mhz: 2300, Current Mhz: 1478, Mhz Limit: 2300
Processor Information for processor 19
  Max Mhz: 2300, Current Mhz: 2300, Mhz Limit: 2300
Processor Information for processor 20
  Max Mhz: 2500, Current Mhz: 1000, Mhz Limit: 1000
Processor Information for processor 21
  Max Mhz: 2500, Current Mhz: 1000, Mhz Limit: 1000

Memory: 4k page, system-wide physical 23933M (8587M free)
TotalPageFile size 34173M (AvailPageFile size 12854M)
current process WorkingSet (physical memory assigned to process): 515M, peak: 6360M
current process commit charge ("private bytes"): 734M, peak: 6640M

vm_info: OpenJDK 64-Bit Server VM (21.0.11+10-LTS) for windows-amd64 JRE (21.0.11+10-LTS), built on 2026-04-18T07:30:30Z by "Administrator" with MS VC++ 17.14 (VS2022)

END.
