#
# A fatal error has been detected by the Java Runtime Environment:
#
#  EXCEPTION_ACCESS_VIOLATION (0xc0000005) at pc=0x00007fff7097a82c, pid=35796, tid=22072
#
# JRE version: OpenJDK Runtime Environment Corretto-21.0.11.10.1 (21.0.11+10) (build 21.0.11+10-LTS)
# Java VM: OpenJDK 64-Bit Server VM Corretto-21.0.11.10.1 (21.0.11+10-LTS, mixed mode, tiered, compressed oops, compressed class ptrs, g1 gc, windows-amd64)
# Problematic frame:
# C  [skiko-windows-x64.dll+0x4ea82c]
#
# No core dump will be written. Minidumps are not enabled by default on client versions of Windows
#
# If you would like to submit a bug report, please visit:
#   https://github.com/corretto/corretto-21/issues/
# The crash happened outside the Java Virtual Machine in native code.
# See problematic frame for where to report the bug.
#

---------------  S U M M A R Y ------------

Command Line: -Djpackage.app-version=0.5.0 -Dcompose.application.resources.dir=C:\Users\antoi\AppData\Local\OmniApp\app\app\resources -Dcompose.application.configure.swing.globals=true -Dskiko.library.path=C:\Users\antoi\AppData\Local\OmniApp\app\app -Djpackage.app-path=C:\Users\antoi\AppData\Local\OmniApp\app\org.example.project.exe org.example.project.MainKt

Host: Intel(R) Core(TM) Ultra 9 185H, 22 cores, 23G,  Windows 11 , 64 bit Build 26100 (10.0.26100.9444)
Time: Tue Oct  6 16:51:29 2026 elapsed time: 49.212725 seconds (0d 0h 0m 49s)

---------------  T H R E A D  ---------------

Current thread (0x00000250d8becae0):  JavaThread "AWT-EventQueue-0"        [_thread_in_native, id=22072, stack(0x000000bacff00000,0x000000bad0000000) (1024K)]

Stack: [0x000000bacff00000,0x000000bad0000000],  sp=0x000000bacfffe4a0,  free space=1017k
Native frames: (J=compiled Java code, j=interpreted, Vv=VM code, C=native code)
C  [skiko-windows-x64.dll+0x4ea82c]

Java frames: (J=compiled Java code, j=interpreted, Vv=VM code)
J 6433  org.jetbrains.skia.impl.Managed._nInvokeFinalizer(JJ)V (0 bytes) @ 0x00000250c136f19c [0x00000250c136f140+0x000000000000005c]
J 11287 c2 org.jetbrains.skia.impl.CleanableImpl.clean()V (21 bytes) @ 0x00000250c1829754 [0x00000250c1829440+0x0000000000000314]
J 10492 c1 org.jetbrains.skia.impl.Managed.close()V (124 bytes) @ 0x00000250ba8af434 [0x00000250ba8ae980+0x0000000000000ab4]
j  org.jetbrains.skiko.context.ContextHandler.dispose()V+12
j  org.jetbrains.skiko.redrawer.Direct3DRedrawer.dispose()V+21
j  org.jetbrains.skiko.SkiaLayer.redrawerManager$lambda$0(Lorg/jetbrains/skiko/SkiaLayer;Lorg/jetbrains/skiko/GraphicsApi;Lorg/jetbrains/skiko/redrawer/Redrawer;)Lorg/jetbrains/skiko/redrawer/Redrawer;+11
j  org.jetbrains.skiko.SkiaLayer$$Lambda+0x0000000800254708.invoke(Ljava/lang/Object;Ljava/lang/Object;)Ljava/lang/Object;+12
j  org.jetbrains.skiko.redrawer.RedrawerManager.findNextWorkingRenderApi(Z)V+53
J 12363 c1 org.jetbrains.skiko.redrawer.Direct3DRedrawer.draw(Lkotlin/coroutines/Continuation;)Ljava/lang/Object; (664 bytes) @ 0x00000250baed97bc [0x00000250baed71c0+0x00000000000025fc]
J 12595 c1 org.jetbrains.skiko.redrawer.Direct3DRedrawer$draw$1.invokeSuspend(Ljava/lang/Object;)Ljava/lang/Object; (28 bytes) @ 0x00000250baf92044 [0x00000250baf91f40+0x0000000000000104]
J 12085 c2 kotlin.coroutines.jvm.internal.BaseContinuationImpl.resumeWith(Ljava/lang/Object;)V (124 bytes) @ 0x00000250c19a1748 [0x00000250c19a16e0+0x0000000000000068]
J 12478 c2 kotlinx.coroutines.DispatchedTask.run()V (400 bytes) @ 0x00000250c1a7e60c [0x00000250c1a7e060+0x00000000000005ac]
J 9736 c1 java.awt.event.InvocationEvent.dispatch()V java.desktop@21.0.11 (69 bytes) @ 0x00000250ba63b544 [0x00000250ba63b320+0x0000000000000224]
J 9756 c1 java.awt.EventQueue.dispatchEventImpl(Ljava/awt/AWTEvent;Ljava/lang/Object;)V java.desktop@21.0.11 (139 bytes) @ 0x00000250ba647af4 [0x00000250ba645d60+0x0000000000001d94]
J 9755 c1 java.awt.EventQueue$4.run()Ljava/lang/Void; java.desktop@21.0.11 (60 bytes) @ 0x00000250ba6439bc [0x00000250ba643880+0x000000000000013c]
J 9752 c1 java.awt.EventQueue.dispatchEvent(Ljava/awt/AWTEvent;)V java.desktop@21.0.11 (80 bytes) @ 0x00000250ba64461c [0x00000250ba644060+0x00000000000005bc]
J 9728 c1 java.awt.EventDispatchThread.pumpOneEventForFilters(I)V java.desktop@21.0.11 (106 bytes) @ 0x00000250ba63283c [0x00000250ba632060+0x00000000000007dc]
j  java.awt.EventDispatchThread.pumpEventsForFilter(ILjava/awt/Conditional;Ljava/awt/EventFilter;)V+35 java.desktop@21.0.11
j  java.awt.EventDispatchThread.pumpEventsForHierarchy(ILjava/awt/Conditional;Ljava/awt/Component;)V+11 java.desktop@21.0.11
j  java.awt.EventDispatchThread.pumpEvents(ILjava/awt/Conditional;)V+4 java.desktop@21.0.11
j  java.awt.EventDispatchThread.pumpEvents(Ljava/awt/Conditional;)V+3 java.desktop@21.0.11
j  java.awt.EventDispatchThread.run()V+9 java.desktop@21.0.11
v  ~StubRoutines::call_stub 0x00000250c087100d

siginfo: EXCEPTION_ACCESS_VIOLATION (0xc0000005), reading address 0x0000000000000000


Registers:
RAX=0x0000ca470591861e, RBX=0x00000250e4df6ec0, RCX=0x0000000000000000, RDX=0x000000000000000a
RSP=0x000000bacfffe4a0, RBP=0x0000000000000001, RSI=0x00000250ea160b90, RDI=0x00000250dc03d190
R8 =0x00000250e9e03430, R9 =0x0000000000000000, R10=0x00000250b3b80000, R11=0x000000000000001a
R12=0x0000000000000000, R13=0x000000068dc258a8, R14=0x000000bacfffe6f0, R15=0x00000250d8becae0
RIP=0x00007fff7097a82c, EFLAGS=0x0000000000010206

XMM[0]=0x0000000000000000 0x0000000000000000
XMM[1]=0x0000000000000000 0x0000000000000000
XMM[2]=0x0000000000000000 0x0000000000000000
XMM[3]=0x0000000000000000 0x3ff0000000000000
XMM[4]=0x2525252525252525 0x2525252525252525
XMM[5]=0x6e6a5c736d697270 0x5c65726168735c74
XMM[6]=0x0000000000000000 0x0000000000000000
XMM[7]=0x0000000000000000 0x000000003f800000
XMM[8]=0x0000000000000000 0x000000003f7f51ab
XMM[9]=0x0000000000000000 0x0000000041000000
XMM[10]=0x0000000000000000 0x0000000041b34000
XMM[11]=0x0000000000000000 0x00000000c1048000
XMM[12]=0x0000000000000000 0x00000000aaed3b96
XMM[13]=0x0000000000000000 0x0000000000000000
XMM[14]=0x0000000000000000 0x000000068a8ba270
XMM[15]=0x0000000000000000 0x0000000000000000
  MXCSR=0x00001fa3


Register to memory mapping:

RAX=0x0000ca470591861e is an unknown value
RBX=0x00000250e4df6ec0 points into unknown readable memory: 0x00007fff71043380 | 80 33 04 71 ff 7f 00 00
RCX=0x0 is null
RDX=0x000000000000000a is an unknown value
RSP=0x000000bacfffe4a0 is pointing into the stack for thread: 0x00000250d8becae0
RBP=0x0000000000000001 is an unknown value
RSI=0x00000250ea160b90 points into unknown readable memory: 0x00007fff7106a2a8 | a8 a2 06 71 ff 7f 00 00
RDI=0x00000250dc03d190 points into unknown readable memory: 0x00007fff88d05230 | 30 52 d0 88 ff 7f 00 00
R8 =0x00000250e9e03430 points into unknown readable memory: 0x0000000000000000 | 00 00 00 00 00 00 00 00
R9 =0x0 is null
R10=0x00000250b3b80000 points into unknown readable memory: 0x0000000000000000 | 00 00 00 00 00 00 00 00
R11=0x000000000000001a is an unknown value
R12=0x0 is null
R13=0x000000068dc258a8 is an oop: org.jetbrains.skia.impl.CleanableImpl 
{0x000000068dc258a8} - klass: 'org/jetbrains/skia/impl/CleanableImpl'
 - ---- fields (total size 6 words):
 - private 'referent' 'Ljava/lang/Object;' @12  a 'org/jetbrains/skia/Paint'{0x000000068dc258d8} (0xd1b84b1b)
 - volatile 'queue' 'Ljava/lang/ref/ReferenceQueue;' @16  a 'java/lang/ref/ReferenceQueue'{0x000000068a401ae8} (0xd148035d)
 - volatile 'next' 'Ljava/lang/ref/Reference;' @20  null (0x00000000)
 - private transient 'discovered' 'Ljava/lang/ref/Reference;' @24  null (0x00000000)
 - private 'prev' 'Lorg/jetbrains/skia/impl/Cleanable;' @28  a 'org/jetbrains/skia/impl/CleanableImpl'{0x000000068dc25860} (0xd1b84b0c)
 - private 'next' 'Lorg/jetbrains/skia/impl/Cleanable;' @32  a 'org/jetbrains/skia/impl/CleanableImpl'{0x000000068db24958} (0xd1b6492b)
 - private final 'list' 'Lorg/jetbrains/skia/impl/Cleanable;' @36  a 'org/jetbrains/skia/impl/Cleaner$list$1'{0x000000068a419dc0} (0xd14833b8)
 - private 'action' 'Ljava/lang/Runnable;' @40  a 'org/jetbrains/skia/impl/Managed$CleanerThunk'{0x000000068dc258f0} (0xd1b84b1e)
R14=0x000000bacfffe6f0 is pointing into the stack for thread: 0x00000250d8becae0
R15=0x00000250d8becae0 is a thread

Top of Stack: (sp=0x000000bacfffe4a0)
0x000000bacfffe4a0:   0000000000000000 0000000000000000   ................
0x000000bacfffe4b0:   00000250e4df6ec0 000000bacfffe5f0   .n..P...........
0x000000bacfffe4c0:   00000250e4df6f58 00007fff70975e63   Xo..P...c^.p....
0x000000bacfffe4d0:   0000ca470591861e 00000250e4df6ec0   ....G....n..P...
0x000000bacfffe4e0:   000000bacfffe5f0 00000250e4df6f58   ........Xo..P...
0x000000bacfffe4f0:   000000bacfffe6f0 00007fff70701f12   ..........pp....
0x000000bacfffe500:   00000250d8becae0 0000000000000000   ....P...........
0x000000bacfffe510:   00000250d4f8dae8 00000250d8becae0   ....P.......P...
0x000000bacfffe520:   0000000000000000 0000ca47059187be   ............G...
0x000000bacfffe530:   000000068a6f6278 000000bacfffe700   xbo.............
0x000000bacfffe540:   000000bacfffe5f0 00000250e4df6ec0   .........n..P...
0x000000bacfffe550:   0000000000000000 000000bacfffe6f0   ................
0x000000bacfffe560:   00000250d8becae0 00007fff706dc31a   ....P.....mp....
0x000000bacfffe570:   00000250d8becae0 00007fff70532e47   ....P...G.Sp....
0x000000bacfffe580:   000000bacfffe700 0000000000000001   ................
0x000000bacfffe590:   00000250e5b3c440 000000068a6f6278   @...P...xbo.....
0x000000bacfffe5a0:   0000000000000001 00000250e5b3c440   ........@...P...
0x000000bacfffe5b0:   000000bacfffe6f0 00007fff70532a1b   .........*Sp....
0x000000bacfffe5c0:   00000250d4f8dae8 00000250d8c4e438   ....P...8...P...
0x000000bacfffe5d0:   00000250ef0cc810 0000000000000001   ....P...........
0x000000bacfffe5e0:   0000000000000000 00000250d8becae0   ............P...
0x000000bacfffe5f0:   0000000000000000 0000000000000000   ................
0x000000bacfffe600:   0000000000000000 0000000000000000   ................
0x000000bacfffe610:   0000000000000000 0000000000000000   ................
0x000000bacfffe620:   0000000000000000 0000000000000000   ................
0x000000bacfffe630:   0000000000000000 0000000000000000   ................
0x000000bacfffe640:   0000ca470591877e 0000000000000001   ~...G...........
0x000000bacfffe650:   00000250e5b3c440 00007fff70536d10   @...P....mSp....
0x000000bacfffe660:   00000250d8becae0 00007fff84ec55bd   ....P....U......
0x000000bacfffe670:   0000000000000000 0000000000000000   ................
0x000000bacfffe680:   000000bacfffe8b0 000000068a419dc0   ..........A.....
0x000000bacfffe690:   000000068db24958 00000250c136f237   XI......7.6.P...

Instructions: (pc=0x00007fff7097a82c)
0x00007fff7097a72c:   00 48 8b 0a 48 85 c9 74 06 48 8b 01 ff 50 10 48
0x00007fff7097a73c:   8b 0f 48 85 c9 74 06 48 8b 01 ff 50 10 48 89 f0
0x00007fff7097a74c:   48 83 c4 28 5f 5e c3 cc cc cc cc cc cc cc cc cc
0x00007fff7097a75c:   cc cc cc cc 56 48 83 ec 20 48 89 ce 8b 91 d8 03
0x00007fff7097a76c:   00 00 85 d2 74 1e 48 8b 4e 08 4c 8b 86 d0 03 00
0x00007fff7097a77c:   00 48 8b 01 ff 90 d0 00 00 00 c7 86 d8 03 00 00
0x00007fff7097a78c:   00 00 00 00 48 8b 4e 08 48 8b 01 ff 50 48 85 c0
0x00007fff7097a79c:   0f 99 c0 48 83 c4 20 5e c3 cc cc cc cc cc cc cc
0x00007fff7097a7ac:   cc cc cc cc 56 48 83 ec 20 8b 91 d8 03 00 00 85
0x00007fff7097a7bc:   d2 74 25 48 8b 41 08 4c 8b 81 d0 03 00 00 4c 8b
0x00007fff7097a7cc:   08 48 89 ce 48 89 c1 41 ff 91 d0 00 00 00 c7 86
0x00007fff7097a7dc:   d8 03 00 00 00 00 00 00 48 83 c4 20 5e c3 cc cc
0x00007fff7097a7ec:   cc cc cc cc 41 56 56 57 53 48 83 ec 38 48 89 ce
0x00007fff7097a7fc:   48 8b 05 7d 4a 81 00 48 31 e0 48 89 44 24 30 80
0x00007fff7097a80c:   b9 40 03 00 00 00 74 78 48 89 d7 8b 96 d8 03 00
0x00007fff7097a81c:   00 85 d2 74 1e 48 8b 4e 08 4c 8b 86 d0 03 00 00
0x00007fff7097a82c:   48 8b 01 ff 90 d0 00 00 00 c7 86 d8 03 00 00 00
0x00007fff7097a83c:   00 00 00 48 8b 4e 08 48 8b 01 ff 50 48 85 c0 0f
0x00007fff7097a84c:   88 f6 00 00 00 48 8b 46 08 48 89 44 24 28 48 8b
0x00007fff7097a85c:   07 be 01 00 00 00 4c 8d 44 24 28 48 89 f9 ba 01
0x00007fff7097a86c:   00 00 00 ff 50 50 48 8b 4c 24 30 48 31 e1 48 3b
0x00007fff7097a87c:   0d ff 49 81 00 0f 84 b4 00 00 00 e9 d1 00 00 00
0x00007fff7097a88c:   48 63 86 e8 03 00 00 48 85 c0 0f 84 82 00 00 00
0x00007fff7097a89c:   48 8b 9e e0 03 00 00 4c 8d 34 c3 eb 24 4c 8d 47
0x00007fff7097a8ac:   38 0f b6 57 30 48 8b 4f 28 ff d0 ba 40 00 00 00
0x00007fff7097a8bc:   48 89 f9 e8 f8 f7 54 00 48 83 c3 08 4c 39 f3 73
0x00007fff7097a8cc:   51 48 8b 3b 48 85 ff 74 ef f0 ff 0f 75 ea 48 8b
0x00007fff7097a8dc:   47 20 48 85 c0 75 c6 48 8b 47 10 48 85 c0 74 0c
0x00007fff7097a8ec:   48 8d 57 38 48 8b 4f 28 ff d0 eb bf 48 8b 47 18
0x00007fff7097a8fc:   48 85 c0 74 0c 0f b6 57 30 48 8b 4f 28 ff d0 eb
0x00007fff7097a90c:   aa 48 8b 47 08 48 85 c0 74 a1 48 8b 4f 28 ff d0
0x00007fff7097a91c:   eb 99 c7 86 e8 03 00 00 00 00 00 00 31 f6 48 8b


Stack slot to memory mapping:

stack at sp + 0 slots: 0x0 is null
stack at sp + 1 slots: 0x0 is null
stack at sp + 2 slots: 0x00000250e4df6ec0 points into unknown readable memory: 0x00007fff71043380 | 80 33 04 71 ff 7f 00 00
stack at sp + 3 slots: 0x000000bacfffe5f0 is pointing into the stack for thread: 0x00000250d8becae0
stack at sp + 4 slots: 0x00000250e4df6f58 points into unknown readable memory: 0x00000250e4df6ec0 | c0 6e df e4 50 02 00 00
stack at sp + 5 slots: 0x00007fff70975e63 skiko-windows-x64.dll
stack at sp + 6 slots: 0x0000ca470591861e is an unknown value
stack at sp + 7 slots: 0x00000250e4df6ec0 points into unknown readable memory: 0x00007fff71043380 | 80 33 04 71 ff 7f 00 00


Compiled method (n/a) 49400 6433     n 0       org.jetbrains.skia.impl.Managed::_nInvokeFinalizer (native)
 total in heap  [0x00000250c136ef90,0x00000250c136f368] = 984
 relocation     [0x00000250c136f0f0,0x00000250c136f128] = 56
 main code      [0x00000250c136f140,0x00000250c136f35b] = 539
 stub code      [0x00000250c136f35b,0x00000250c136f360] = 5
 oops           [0x00000250c136f360,0x00000250c136f368] = 8

[Constant Pool (empty)]

[MachCode]
[Entry Point]
  # {method} {0x00000250d4f8dc60} '_nInvokeFinalizer' '(JJ)V' in 'org/jetbrains/skia/impl/Managed'
  # parm0:    rdx:rdx   = long
  # parm1:    r8:r8     = long
  #           [sp+0x70]  (sp of caller)
  0x00000250c136f140: 448b 5208 | 49bb 0000 | 0000 0800 | 0000 4d03 | d349 3bc2 | 0f84 0600 

  0x00000250c136f158: ;   {runtime_call ic_miss_stub}
  0x00000250c136f158: 0000 e921 | f654 ff90 
[Verified Entry Point]
  0x00000250c136f160: 8984 2400 | 80ff ff55 | 488b ec48 | 83ec 6090 | 4181 7f20 | 0a00 0000 

  0x00000250c136f178: ;   {runtime_call StubRoutines (final stubs)}
  0x00000250c136f178: 7405 e861 | 7353 ff4d | 8bc8 4c8b 

  0x00000250c136f184: ;   {oop(a 'java/lang/Class'{0x000000068a422c40} = 'org/jetbrains/skia/impl/Managed')}
  0x00000250c136f184: c249 be40 | 2c42 8a06 | 0000 004c | 8974 2450 | 4c8d 7424 | 5049 8bd6 

  0x00000250c136f19c: ;   {internal_word}
  0x00000250c136f19c: c5f8 7749 | ba9c f136 | c150 0200 | 004d 8997 | a803 0000 | 4989 a7a0 

  0x00000250c136f1b4: ;   {external_word}
  0x00000250c136f1b4: 0300 0049 | bad5 db6d | 85ff 7f00 | 0041 803a | 000f 844e | 0000 0052 | 4150 4151 

  0x00000250c136f1d0: ;   {metadata({method} {0x00000250d4f8dc60} '_nInvokeFinalizer' '(JJ)V' in 'org/jetbrains/skia/impl/Managed')}
  0x00000250c136f1d0: 48ba 58dc | f8d4 5002 | 0000 498b | cf48 83ec | 2040 f6c4 | 0f0f 8419 | 0000 0048 

  0x00000250c136f1ec: ;   {runtime_call}
  0x00000250c136f1ec: 83ec 0848 | b830 6517 | 85ff 7f00 | 00ff d048 | 83c4 08e9 | 0c00 0000 

  0x00000250c136f204: ;   {runtime_call}
  0x00000250c136f204: 48b8 3065 | 1785 ff7f | 0000 ffd0 | 4883 c420 | 4159 4158 | 5a49 8d8f | c003 0000 | 41c7 874c 
  0x00000250c136f224: 0400 0004 

  0x00000250c136f228: ;   {runtime_call}
  0x00000250c136f228: 0000 0048 | b870 184a | 70ff 7f00 | 00ff d0c5 | f877 41c7 | 874c 0400 | 0005 0000 | 00f0 8344 
  0x00000250c136f248: 24c0 0049 | 3baf 5004 | 0000 0f87 | 0e00 0000 | 4183 bf48 | 0400 0000 | 0f84 2300 | 0000 c5f8 
  0x00000250c136f268: 7749 8bcf | 4c8b e448 | 83ec 2048 

  0x00000250c136f274: ;   {runtime_call}
  0x00000250c136f274: 83e4 f048 | b8b0 c4e2 | 84ff 7f00 | 00ff d049 | 8be4 4d33 | e441 c787 | 4c04 0000 | 0800 0000 
  0x00000250c136f294: 4183 bfc8 | 0400 0002 | 0f84 9400 

  0x00000250c136f2a0: ;   {external_word}
  0x00000250c136f2a0: 0000 49ba | d5db 6d85 | ff7f 0000 | 4180 3a00 | 0f84 4400 

  0x00000250c136f2b4: ;   {metadata({method} {0x00000250d4f8dc60} '_nInvokeFinalizer' '(JJ)V' in 'org/jetbrains/skia/impl/Managed')}
  0x00000250c136f2b4: 0000 48ba | 58dc f8d4 | 5002 0000 | 498b cf48 | 83ec 2040 | f6c4 0f0f | 8419 0000 | 0048 83ec 
  0x00000250c136f2d4: ;   {runtime_call}
  0x00000250c136f2d4: 0848 b830 | 6517 85ff | 7f00 00ff | d048 83c4 | 08e9 0c00 

  0x00000250c136f2e8: ;   {runtime_call}
  0x00000250c136f2e8: 0000 48b8 | 3065 1785 | ff7f 0000 | ffd0 4883 | c420 49c7 | 87a0 0300 | 0000 0000 | 0049 c787 
  0x00000250c136f308: a803 0000 | 0000 0000 | c5f8 7749 | 8b8f 3004 | 0000 c781 | 0001 0000 | 0000 0000 | c949 837f 
  0x00000250c136f328: 0800 0f85 | 0100 0000 

  0x00000250c136f330: ;   {runtime_call StubRoutines (initial stubs)}
  0x00000250c136f330: c3e9 ca1b | 50ff c5f8 | 774c 8be4 | 4883 ec20 | 4883 e4f0 

  0x00000250c136f344: ;   {runtime_call}
  0x00000250c136f344: 48b8 609c | 1785 ff7f | 0000 ffd0 | 498b e44d | 33e4 e947 | ffff fff4 | f4f4 f4f4 
[/MachCode]


Compiled method (c2) 49410 11287       4       org.jetbrains.skia.impl.CleanableImpl::clean (21 bytes)
 total in heap  [0x00000250c1829210,0x00000250c182a5d0] = 5056
 relocation     [0x00000250c1829370,0x00000250c1829440] = 208
 main code      [0x00000250c1829440,0x00000250c182a0f0] = 3248
 stub code      [0x00000250c182a0f0,0x00000250c182a128] = 56
 oops           [0x00000250c182a128,0x00000250c182a150] = 40
 metadata       [0x00000250c182a150,0x00000250c182a1c0] = 112
 scopes data    [0x00000250c182a1c0,0x00000250c182a3f0] = 560
 scopes pcs     [0x00000250c182a3f0,0x00000250c182a560] = 368
 dependencies   [0x00000250c182a560,0x00000250c182a568] = 8
 handler table  [0x00000250c182a568,0x00000250c182a5b0] = 72
 nul chk table  [0x00000250c182a5b0,0x00000250c182a5d0] = 32

[Constant Pool (empty)]

[MachCode]
[Entry Point]
  # {method} {0x00000250d55733b8} 'clean' '()V' in 'org/jetbrains/skia/impl/CleanableImpl'
  #           [sp+0x70]  (sp of caller)
  0x00000250c1829440: 448b 5208 | 49bb 0000 | 0000 0800 | 0000 4d03 | d349 3bc2 

  0x00000250c1829454: ;   {runtime_call ic_miss_stub}
  0x00000250c1829454: 0f85 2653 | 09ff 6690 | 0f1f 4000 
[Verified Entry Point]
  0x00000250c1829460: 8984 2400 | 80ff ff55 | 4883 ec60 | 4181 7f20 | 0a00 0000 | 0f85 6c0c | 0000 4889 | 5424 2044 
  0x00000250c1829480: 8b5a 2444 | 895c 2438 | 4585 db0f | 84f3 0700 | 004b 8d3c | dc48 8d5c | 2450 488b | 07a8 020f 
  0x00000250c18294a0: 8523 0000 | 0048 83c8 | 0148 8903 | f048 0fb1 | 1f0f 8437 | 0000 0048 | 2bc4 4825 | 07f0 ffff 
  0x00000250c18294c0: 4889 03e9 | 2400 0000 | 4c8b d048 | 33c0 f04d | 0fb1 7a3e | 48c7 0303 | 0000 0074 | 114c 3bf8 
  0x00000250c18294e0: 7515 49ff | 8286 0000 | 0048 33c0 | 7509 49ff | 8750 0500 | 0033 c00f | 859f 0700 | 004c 8b54 
  0x00000250c1829500: 2420 458b | 4220 4d8b | d049 c1e2 | 034c 8b5c | 2420 4d3b | d30f 84a1 | 0800 0047 | 8b54 c408 
  0x00000250c1829520: 418b 6b1c 

  0x00000250c1829524: ;   {metadata('org/jetbrains/skia/impl/CleanableImpl')}
  0x00000250c1829524: 4181 faa0 | a128 000f | 8599 0700 | 004b 8d1c | c441 807f | 4000 0f85 | b704 0000 | 896b 1c4c 
  0x00000250c1829544: 8bd3 4c8b | dd49 c1e3 | 034d 33da | 49c1 eb16 | 4d85 db74 | 1e85 ed74 | 1a49 c1ea | 0948 b900 
  0x00000250c1829564: 0074 c650 | 0200 0049 | 03ca 8039 | 020f 8566 | 0500 004c | 8b54 2420 | 458b 5a1c 

  0x00000250c1829580: ; implicit exception: dispatches to 0x00000250c182a0a0
  0x00000250c1829580: 478b 54dc | 084c 8b44 | 2420 418b | 6820 498b | d848 c1eb | 0348 8bf5 | 48c1 e603 | 4f8d 2cdc 
  0x00000250c18295a0: ;   {metadata('org/jetbrains/skia/impl/CleanableImpl')}
  0x00000250c18295a0: 4181 faa0 | a128 000f | 85a8 0300 | 0041 807f | 4000 0f85 | ee04 0000 | 4189 6d20 | 4c8b d64d 
  0x00000250c18295c0: 8bdd 4d33 | d349 c1ea | 164d 85d2 | 741e 85ed | 741a 49c1 | eb09 48b9 | 0000 74c6 | 5002 0000 
  0x00000250c18295e0: 4903 cb80 | 3902 0f85 | 3f05 0000 | 4180 7f40 | 000f 8537 | 0400 0041 | 807f 4000 | 0f85 6804 
  0x00000250c1829600: 0000 4c8b | 5424 2041 | 895a 2041 | 895a 1c48 | 8d44 2450 | 4883 3800 | 0f84 7900 | 0000 4c8b 
  0x00000250c1829620: 1741 f6c2 | 020f 8462 | 0000 0049 | 83ba 8600 | 0000 0074 | 0949 ff8a | 8600 0000 | eb4b 498b 
  0x00000250c1829640: 8296 0000 | 0049 0b82 | 8e00 0000 | 750a 49c7 | 423e 0000 | 0000 eb3d | 4983 ba9e | 0000 0000 
  0x00000250c1829660: 7422 4833 | c049 c742 | 3e00 0000 | 00f0 8304 | 2400 4983 | ba9e 0000 | 0000 750d | f04d 0fb1 
  0x00000250c1829680: 7a3e 7505 | 83c8 01eb | 0ca8 00eb | 084c 8b10 | f04c 0fb1 | 1775 0a49 | ff8f 5005 

  0x00000250c182969c: ;   {no_reloc}
  0x00000250c182969c: 0000 4533 | d20f 854d | 0600 0048 | 8b54 2420 

  0x00000250c18296ac: ;   {optimized virtual_call}
  0x00000250c18296ac: 6666 90e8 

  0x00000250c18296b0: ; ImmutableOopMap {[32]=Oop }
                      ;*invokevirtual clear0 {reexecute=0 rethrow=0 return_oop=0}
                      ; - java.lang.ref.Reference::clear@1
                      ; - org.jetbrains.skia.impl.CleanableImpl::clean@8 (line 82)
  0x00000250c18296b0: 0ce9 7aff 

  0x00000250c18296b4: ;   {other}
  0x00000250c18296b4: 0f1f 8400 | a404 0000 | 4c8b 5424 | 2041 8b6a | 2845 8b54 

  0x00000250c18296c8: ;   {metadata('org/jetbrains/skia/impl/Managed$CleanerThunk')}
  0x00000250c18296c8: ec08 4181 | fa78 9f28 | 000f 8542 | 0600 004d 

  0x00000250c18296d8: ;   {oop(a 'kotlin/SynchronizedLazyImpl'{0x000000068a6f6260})}
  0x00000250c18296d8: 8d04 ec49 | ba60 626f | 8a06 0000 | 0045 8b5a 

  0x00000250c18296e8: ;   {oop(a 'kotlin/UNINITIALIZED_VALUE'{0x000000068a419ba8})}
  0x00000250c18296e8: 1041 81fb | 7533 48d1 | 747d 4585 | db0f 8436 | 0600 0049 | 8bdb 48c1 | e303 448b 

  0x00000250c1829704: ;   {metadata('org/jetbrains/skiko/DefaultConsoleLogger')}
  0x00000250c1829704: 5b08 4181 | fb00 322d | 000f 855a | 0800 000f | b66b 0c85 | ed0f 85cd | 0600 0045 | 8b58 0c45 
  0x00000250c1829724: 85db 0f84 | d806 0000 

  0x00000250c182972c: ;   {oop(a 'java/lang/Class'{0x000000068a696780} = 'org/jetbrains/skia/impl/Stats')}
  0x00000250c182972c: 49ba 8067 | 698a 0600 | 0000 410f | b6aa 8000 | 0000 85ed | 0f85 da06 | 0000 498b | 5018 4d8b 
  0x00000250c182974c: ;   {static_call}
  0x00000250c182974c: 4010 90e8 

  0x00000250c1829750: ; ImmutableOopMap {}
                      ;*invokestatic _nInvokeFinalizer {reexecute=0 rethrow=0 return_oop=0}
                      ; - org.jetbrains.skia.impl.Managed$Companion::_nInvokeFinalizer@2
                      ; - org.jetbrains.skia.impl.Managed$CleanerThunk::run@110 (line 34)
                      ; - org.jetbrains.skia.impl.CleanableImpl::clean@15 (line 83)
  0x00000250c1829750: 0c5a b4ff 

  0x00000250c1829754: ;   {other}
  0x00000250c1829754: 0f1f 8400 | 4405 0001 | 4883 c460 

  0x00000250c1829760: ;   {poll_return}
  0x00000250c1829760: 5d49 3ba7 | 5004 0000 | 0f87 6209 | 0000 c345 | 8b5a 1445 | 85db 0f84 | c006 0000 | 4f8d 0cdc 
  0x00000250c1829780: 488d 5c24 | 5049 8b01 | a802 0f85 | 2300 0000 | 4883 c801 | 4889 03f0 | 490f b119 | 0f84 3700 
  0x00000250c18297a0: 0000 482b | c448 2507 | f0ff ff48 | 8903 e924 | 0000 004c | 8bd0 4833 | c0f0 4d0f | b17a 3e48 
  0x00000250c18297c0: c703 0300 | 0000 7411 | 4c3b f875 | 1549 ff82 | 8600 0000 | 4833 c075 | 0949 ff87 | 5005 0000 
  0x00000250c18297e0: 33c0 0f85 | 6c06 0000 

  0x00000250c18297e8: ;   {oop(a 'kotlin/SynchronizedLazyImpl'{0x000000068a6f6260})}
  0x00000250c18297e8: 49ba 6062 | 6f8a 0600 | 0000 418b 

  0x00000250c18297f4: ;   {oop(a 'kotlin/UNINITIALIZED_VALUE'{0x000000068a419ba8})}
  0x00000250c18297f4: 6a10 81fd | 7533 48d1 | 0f85 e706 | 0000 418b | 6a0c 85ed | 0f84 fa06 | 0000 4c89 | 4c24 284c 
  0x00000250c1829814: 8944 2420 | 498d 14ec | 9048 b8ff | ffff ffff 

  0x00000250c1829824: ;   {virtual_call}
  0x00000250c1829824: ffff ffe8 

  0x00000250c1829828: ; ImmutableOopMap {[32]=Oop [40]=Oop }
                      ;*invokeinterface invoke {reexecute=0 rethrow=0 return_oop=1}
                      ; - kotlin.SynchronizedLazyImpl::getValue@51 (line 86)
                      ; - org.jetbrains.skiko.Logger::getLoggerImpl@5 (line 116)
                      ; - org.jetbrains.skia.impl.Managed$CleanerThunk::run@7 (line 149)
                      ; - org.jetbrains.skia.impl.CleanableImpl::clean@15 (line 83)
  0x00000250c1829828: 5455 09ff 

  0x00000250c182982c: ;   {other}
  0x00000250c182982c: 0f1f 8400 | 1c06 0002 | 488b d841 | 807f 4000 | 0f85 7803 | 0000 4c8b | db49 c1eb 

  0x00000250c1829848: ;   {oop(a 'kotlin/SynchronizedLazyImpl'{0x000000068a6f6260})}
  0x00000250c1829848: 0349 ba60 | 626f 8a06 | 0000 0045 | 895a 104c | 8bdb 4d33 | da49 c1eb | 164d 85db | 7420 4885 
  0x00000250c1829868: db74 1b49 | c1ea 0949 | b800 0074 | c650 0200 | 004d 03c2 | 4180 3802 | 0f85 7503 | 0000 f083 
  0x00000250c1829888: 4424 c000 | 4180 7f40 | 000f 85e2 

  0x00000250c1829894: ;   {oop(a 'kotlin/SynchronizedLazyImpl'{0x000000068a6f6260})}
  0x00000250c1829894: 0200 0049 | ba60 626f | 8a06 0000 | 0045 8962 | 0c4c 8b5c | 2428 488d | 4424 5048 | 8338 000f 
  0x00000250c18298b4: 8479 0000 | 004d 8b13 | 41f6 c202 | 0f84 6200 | 0000 4983 | ba86 0000 | 0000 7409 | 49ff 8a86 
  0x00000250c18298d4: 0000 00eb | 4b49 8b82 | 9600 0000 | 490b 828e | 0000 0075 | 0a49 c742 | 3e00 0000 | 00eb 3d49 
  0x00000250c18298f4: 83ba 9e00 | 0000 0074 | 2248 33c0 | 49c7 423e | 0000 0000 | f083 0424 | 0049 83ba | 9e00 0000 
  0x00000250c1829914: 0075 0df0 | 4d0f b17a | 3e75 0583 | c801 eb0c | a800 eb08 | 4c8b 10f0 | 4d0f b113 | 750a 49ff 
  0x00000250c1829934: 8f50 0500 | 0045 33d2 | 0f85 4805 | 0000 4885 | db0f 84e1 | 0300 004c | 8b44 2420 | e9ad fdff 
  0x00000250c1829954: ;   {metadata('org/jetbrains/skia/impl/Cleaner$list$1')}
  0x00000250c1829954: ff41 81fa | c861 1d00 | 0f85 c205 | 0000 4180 | 7f40 000f | 85e0 0200 | 0041 896d | 104c 8bd6 
  0x00000250c1829974: 4d8b dd4d | 33d3 49c1 | ea16 4d85 | d20f 8465 | fcff ff85 | ed0f 845d | fcff ff49 | c1eb 0948 
  0x00000250c1829994: b900 0074 | c650 0200 | 0049 03cb | 8039 020f | 8443 fcff | ff4d 8b57 | 484d 8b5f | 58f0 8344 
  0x00000250c18299b4: 24c0 0080 | 3900 0f84 | 2cfc ffff | 4488 214d | 85d2 751d | 498b d749 | ba60 05d6 | 84ff 7f00 
  0x00000250c18299d4: 0041 ffd2 

  0x00000250c18299d8: ;   {other}
  0x00000250c18299d8: 0f1f 8400 | 0000 0000 | e907 fcff | ff4b 894c | 13f8 4983 | c2f8 4d89 | 5748 e9f5 | fbff ff44 
  0x00000250c18299f8: 8b53 1c45 | 85d2 0f84 | 3cfb ffff | 4d8b 5f28 | 498b ca48 | c1e1 034d | 85db 0f84 | 3003 0000 
  0x00000250c1829a18: 4d8b 5738 | 4b89 4c1a | f849 83c3 | f84d 895f | 28e9 12fb | ffff 4c8b | 5424 2045 | 8b5a 1c45 
  0x00000250c1829a38: 85db 0f84 | b7fb ffff | 4d8b 5728 | 498b cb48 | c1e1 034d | 85d2 0f84 | 1103 0000 | 4d8b 5f38 
  0x00000250c1829a58: 4b89 4c13 | f849 83c2 | f84d 8957 | 28e9 8dfb | ffff 4c8b | 5424 2045 | 8b5a 2045 | 85db 0f84 
  0x00000250c1829a78: 86fb ffff | 4d8b 5728 | 498b cb48 | c1e1 034d | 85d2 0f84 | f202 0000 | 4d8b 5f38 | 4b89 4c13 
  0x00000250c1829a98: f849 83c2 | f84d 8957 | 28e9 5cfb | ffff 458b | 5520 4585 | d20f 8405 | fbff ff4d | 8b5f 2849 
  0x00000250c1829ab8: 8bca 48c1 | e103 4d85 | db0f 84d8 | 0200 004d | 8b57 384b | 894c 1af8 | 4983 c3f8 

  0x00000250c1829ad4: ;   {no_reloc}
  0x00000250c1829ad4: 4d89 5f28 | e9db faff | ff4d 8b57 | 484d 8b5f | 58f0 8344 | 24c0 0080 | 3900 0f84 | 83fa ffff 
  0x00000250c1829af4: 4488 214d | 85d2 751d | 498b d749 | ba60 05d6 | 84ff 7f00 | 0041 ffd2 

  0x00000250c1829b0c: ;   {other}
  0x00000250c1829b0c: 0f1f 8400 | 0000 0000 | e95e faff | ff4b 894c | 13f8 4983 | c2f8 4d89 | 5748 e94c | faff ff4d 
  0x00000250c1829b2c: 8b57 484d | 8b5f 58f0 | 8344 24c0 | 0080 3900 | 0f84 aafa | ffff 4488 | 214d 85d2 | 751d 498b 
  0x00000250c1829b4c: d749 ba60 | 05d6 84ff | 7f00 0041 

  0x00000250c1829b58: ;   {other}
  0x00000250c1829b58: ffd2 0f1f | 8400 0000 | 0000 e985 | faff ff4b | 894c 13f8 | 4983 c2f8 | 4d89 5748 | e973 faff 
  0x00000250c1829b78: ;   {oop(a 'kotlin/SynchronizedLazyImpl'{0x000000068a6f6260})}
  0x00000250c1829b78: ff49 ba60 | 626f 8a06 | 0000 0045 | 8b52 0c45 | 85d2 0f84 | 07fd ffff | 4d8b 5f28 | 498b ca48 
  0x00000250c1829b98: c1e1 034d | 85db 0f84 | 2803 0000 | 4d8b 5738 | 4b89 4c1a | f849 83c3 | f84d 895f | 28e9 ddfc 
  0x00000250c1829bb8: ;   {oop(a 'kotlin/SynchronizedLazyImpl'{0x000000068a6f6260})}
  0x00000250c1829bb8: ffff 49ba | 6062 6f8a | 0600 0000 | 458b 5210 | 4585 d20f | 8471 fcff | ff4d 8b5f | 2849 8bca 
  0x00000250c1829bd8: 48c1 e103 | 4d85 db0f | 84ca 0200 | 004d 8b57 | 384b 894c | 1af8 4983 | c3f8 4d89 | 5f28 e947 
  0x00000250c1829bf8: fcff ff4d | 8b57 584d | 8b5f 48f0 | 8344 24c0 | 0041 8038 | 000f 8473 | fcff ff45 | 8820 4d85 
  0x00000250c1829c18: db75 2049 | 8bc8 498b | d749 ba60 | 05d6 84ff | 7f00 0041 

  0x00000250c1829c2c: ;   {other}
  0x00000250c1829c2c: ffd2 0f1f | 8400 0000 | 0000 e94b | fcff ff4f | 8944 1af8 | 4983 c3f8 | 4d89 5f48 | e939 fcff 
  0x00000250c1829c4c: ff45 8b55 | 1045 85d2 | 0f84 13fd | ffff 4d8b | 5f28 498b | ca48 c1e1 | 034d 85db | 0f84 e202 
  0x00000250c1829c6c: 0000 4d8b | 5738 4b89 | 4c1a f849 | 83c3 f84d | 895f 28e9 | e9fc ffff | baf6 ffff | ff48 8b6c 
  0x00000250c1829c8c: ;   {runtime_call UncommonTrapBlob}
  0x00000250c1829c8c: 2420 90e8 

  0x00000250c1829c90: ; ImmutableOopMap {rbp=Oop }
                      ;*monitorenter {reexecute=0 rethrow=0 return_oop=0}
                      ; - org.jetbrains.skia.impl.CleanableImpl::remove@6 (line 101)
                      ; - org.jetbrains.skia.impl.CleanableImpl::clean@1 (line 81)
  0x00000250c1829c90: eca6 09ff 

  0x00000250c1829c94: ;   {other}
  0x00000250c1829c94: 0f1f 8400 | 840a 0003 | 488b d74c | 8d44 2450 | 488b 6c24 | 2048 897c | 2430 4889 

  0x00000250c1829cb0: ;   {runtime_call _complete_monitor_locking_Java}
  0x00000250c1829cb0: 7c24 40e8 

  0x00000250c1829cb4: ; ImmutableOopMap {rbp=Oop [32]=Oop [48]=Oop [56]=NarrowOop [64]=Oop }
                      ;*monitorenter {reexecute=0 rethrow=0 return_oop=0}
                      ; - org.jetbrains.skia.impl.CleanableImpl::remove@6 (line 101)
                      ; - org.jetbrains.skia.impl.CleanableImpl::clean@1 (line 81)
  0x00000250c1829cb4: 48bc 15ff 

  0x00000250c1829cb8: ;   {other}
  0x00000250c1829cb8: 0f1f 8400 | a80a 0004 | 488b 7c24 | 30e9 33f8 | ffff bade | ffff ff48 | 8944 24f8 | 8b44 2438 
  0x00000250c1829cd8: 8944 2430 | 488b 4424 | f844 8944 

  0x00000250c1829ce4: ;   {runtime_call UncommonTrapBlob}
  0x00000250c1829ce4: 2438 90e8 

  0x00000250c1829ce8: ; ImmutableOopMap {rbp=NarrowOop [32]=Oop [48]=NarrowOop [56]=NarrowOop }
                      ;*invokeinterface setPrev {reexecute=0 rethrow=0 return_oop=0}
                      ; - org.jetbrains.skia.impl.CleanableImpl::remove@30 (line 103)
                      ; - org.jetbrains.skia.impl.CleanableImpl::clean@1 (line 81)
  0x00000250c1829ce8: 94a6 09ff 

  0x00000250c1829cec: ;   {other}
  0x00000250c1829cec: 0f1f 8400 | dc0a 0005 | 488b cf48 | 8d54 2450 | 4d8b c749 | baa0 5317 | 85ff 7f00 | 0041 ffd2 
  0x00000250c1829d0c: ;   {other}
  0x00000250c1829d0c: 0f1f 8400 | 0000 0000 | e98e f9ff | ffba deff 

  0x00000250c1829d1c: ;   {runtime_call UncommonTrapBlob}
  0x00000250c1829d1c: ffff 90e8 

  0x00000250c1829d20: ; ImmutableOopMap {rbp=NarrowOop }
                      ;*invokeinterface run {reexecute=0 rethrow=0 return_oop=0}
                      ; - org.jetbrains.skia.impl.CleanableImpl::clean@15 (line 83)
  0x00000250c1829d20: 5ca6 09ff 

  0x00000250c1829d24: ;   {other}
  0x00000250c1829d24: 0f1f 8400 | 140b 0006 | 4c8b 4424 | 20ba f4ff | ffff 498b 

  0x00000250c1829d38: ;   {runtime_call UncommonTrapBlob}
  0x00000250c1829d38: e866 90e8 

  0x00000250c1829d3c: ; ImmutableOopMap {rbp=Oop }
                      ;*checkcast {reexecute=0 rethrow=0 return_oop=0}
                      ; - org.jetbrains.skiko.Logger::getLoggerImpl@10 (line 116)
                      ; - org.jetbrains.skia.impl.Managed$CleanerThunk::run@7 (line 149)
                      ; - org.jetbrains.skia.impl.CleanableImpl::clean@15 (line 83)
  0x00000250c1829d3c: 40a6 09ff 

  0x00000250c1829d40: ;   {other}
  0x00000250c1829d40: 0f1f 8400 | 300b 0007 | 498b d749 | ba80 05d6 | 84ff 7f00 | 0041 ffd2 

  0x00000250c1829d58: ;   {other}
  0x00000250c1829d58: 0f1f 8400 | 0000 0000 | e9db f7ff | ff49 8bd7 | 49ba 8005 | d684 ff7f | 0000 41ff 

  0x00000250c1829d74: ;   {other}
  0x00000250c1829d74: d20f 1f84 | 0000 0000 | 00e9 75f8 | ffff 498b | d749 ba80 | 05d6 84ff | 7f00 0041 

  0x00000250c1829d90: ;   {other}
  0x00000250c1829d90: ffd2 0f1f | 8400 0000 | 0000 e963 | f8ff ff49 | 8bd7 49ba | 8005 d684 | ff7f 0000 

  0x00000250c1829dac: ;   {other}
  0x00000250c1829dac: 41ff d20f | 1f84 0000 | 0000 00e9 | fcf7 ffff | ba45 ffff | ff48 8944 | 24f8 8b44 | 2438 8944 
  0x00000250c1829dcc: 2428 488b | 4424 f84c | 895c 2430 | 4489 4424 

  0x00000250c1829ddc: ;   {runtime_call UncommonTrapBlob}
  0x00000250c1829ddc: 3866 90e8 

  0x00000250c1829de0: ; ImmutableOopMap {[32]=Oop [40]=NarrowOop [48]=Oop [56]=NarrowOop }
                      ;*if_acmpeq {reexecute=1 rethrow=0 return_oop=0}
                      ; - (reexecute) org.jetbrains.skia.impl.CleanableImpl::remove@15 (line 102)
                      ; - org.jetbrains.skia.impl.CleanableImpl::clean@1 (line 81)
  0x00000250c1829de0: 9ca5 09ff 

  0x00000250c1829de4: ;   {other}
  0x00000250c1829de4: 0f1f 8400 | d40b 0008 | ba45 ffff | ff4c 8944 

  0x00000250c1829df4: ;   {runtime_call UncommonTrapBlob}
  0x00000250c1829df4: 2420 90e8 

  0x00000250c1829df8: ; ImmutableOopMap {[32]=Oop }
                      ;*ifeq {reexecute=1 rethrow=0 return_oop=0}
                      ; - (reexecute) org.jetbrains.skia.impl.Managed$CleanerThunk::run@15 (line 149)
                      ; - org.jetbrains.skia.impl.CleanableImpl::clean@15 (line 83)
  0x00000250c1829df8: 84a5 09ff 

  0x00000250c1829dfc: ;   {other}
  0x00000250c1829dfc: 0f1f 8400 | ec0b 0009 | ba45 ffff | ff49 8be8 | 4489 5c24 

  0x00000250c1829e10: ;   {runtime_call UncommonTrapBlob}
  0x00000250c1829e10: 2466 90e8 

  0x00000250c1829e14: ; ImmutableOopMap {rbp=Oop [36]=NarrowOop }
                      ;*ifnonnull {reexecute=1 rethrow=0 return_oop=0}
                      ; - (reexecute) kotlin.jvm.internal.Intrinsics::checkNotNullParameter@1 (line 130)
                      ; - org.jetbrains.skia.impl.Stats::onDeallocated@3
                      ; - org.jetbrains.skia.impl.Managed$CleanerThunk::run@90 (line 32)
                      ; - org.jetbrains.skia.impl.CleanableImpl::clean@15 (line 83)
  0x00000250c1829e14: 68a5 09ff 

  0x00000250c1829e18: ;   {other}
  0x00000250c1829e18: 0f1f 8400 | 080c 000a | ba45 ffff | ff4c 8944 | 2420 4489 

  0x00000250c1829e2c: ;   {runtime_call UncommonTrapBlob}
  0x00000250c1829e2c: 5c24 28e8 

  0x00000250c1829e30: ; ImmutableOopMap {[32]=Oop [40]=NarrowOop }
                      ;*ifeq {reexecute=1 rethrow=0 return_oop=0}
                      ; - (reexecute) org.jetbrains.skia.impl.Stats::onDeallocated@9 (line 20)
                      ; - org.jetbrains.skia.impl.Managed$CleanerThunk::run@90 (line 32)
                      ; - org.jetbrains.skia.impl.CleanableImpl::clean@15 (line 83)
  0x00000250c1829e30: 4ca5 09ff 

  0x00000250c1829e34: ;   {other}
  0x00000250c1829e34: 0f1f 8400 | 240c 000b | baf6 ffff | ff49 8be8 

  0x00000250c1829e44: ;   {runtime_call UncommonTrapBlob}
  0x00000250c1829e44: 6666 90e8 

  0x00000250c1829e48: ; ImmutableOopMap {rbp=Oop }
                      ;*monitorenter {reexecute=0 rethrow=0 return_oop=0}
                      ; - kotlin.SynchronizedLazyImpl::getValue@20 (line 81)
                      ; - org.jetbrains.skiko.Logger::getLoggerImpl@5 (line 116)
                      ; - org.jetbrains.skia.impl.Managed$CleanerThunk::run@7 (line 149)
                      ; - org.jetbrains.skia.impl.CleanableImpl::clean@15 (line 83)
  0x00000250c1829e48: 34a5 09ff 

  0x00000250c1829e4c: ;   {other}
  0x00000250c1829e4c: 0f1f 8400 | 3c0c 000c | 4c89 4c24 | 2844 895c | 2420 498b | e849 8bd1 | 4c8d 4424 

  0x00000250c1829e68: ;   {runtime_call _complete_monitor_locking_Java}
  0x00000250c1829e68: 5066 90e8 

  0x00000250c1829e6c: ; ImmutableOopMap {rbp=Oop [32]=NarrowOop [40]=Oop }
                      ;*monitorenter {reexecute=0 rethrow=0 return_oop=0}
                      ; - kotlin.SynchronizedLazyImpl::getValue@20 (line 81)
                      ; - org.jetbrains.skiko.Logger::getLoggerImpl@5 (line 116)
                      ; - org.jetbrains.skia.impl.Managed$CleanerThunk::run@7 (line 149)
                      ; - org.jetbrains.skia.impl.CleanableImpl::clean@15 (line 83)
  0x00000250c1829e6c: 90ba 15ff 

  0x00000250c1829e70: ;   {other}
  0x00000250c1829e70: 0f1f 8400 | 600c 000d | 4c8b c544 | 8b5c 2420 | 4c8b 4c24 | 28e9 5ef9 | ffff 498b | cb48 8d54 
  0x00000250c1829e90: 2450 4d8b | c749 baa0 | 5317 85ff | 7f00 0041 

  0x00000250c1829ea0: ;   {other}
  0x00000250c1829ea0: ffd2 0f1f | 8400 0000 | 0000 e993 | faff ff49 | 8bd7 49ba | 8005 d684 | ff7f 0000 

  0x00000250c1829ebc: ;   {other}
  0x00000250c1829ebc: 41ff d20f | 1f84 0000 | 0000 00e9 | 76f9 ffff | 498b d749 | ba80 05d6 | 84ff 7f00 | 0041 ffd2 
  0x00000250c1829edc: ;   {other}
  0x00000250c1829edc: 0f1f 8400 | 0000 0000 | e9ae f9ff | ffba 45ff | ffff 4c89 | 4424 2044 | 895c 242c 

  0x00000250c1829ef8: ;   {runtime_call UncommonTrapBlob}
  0x00000250c1829ef8: 6666 90e8 

  0x00000250c1829efc: ; ImmutableOopMap {rbp=NarrowOop [32]=Oop [44]=NarrowOop }
                      ;*if_acmpeq {reexecute=1 rethrow=0 return_oop=0}
                      ; - (reexecute) kotlin.SynchronizedLazyImpl::getValue@35 (line 83)
                      ; - org.jetbrains.skiko.Logger::getLoggerImpl@5 (line 116)
                      ; - org.jetbrains.skia.impl.Managed$CleanerThunk::run@7 (line 149)
                      ; - org.jetbrains.skia.impl.CleanableImpl::clean@15 (line 83)
  0x00000250c1829efc: 80a4 09ff 

  0x00000250c1829f00: ;   {other}
  0x00000250c1829f00: 0f1f 8400 | f00c 000e | ba45 ffff | ff4c 8944 | 2420 4489 

  0x00000250c1829f14: ;   {runtime_call UncommonTrapBlob}
  0x00000250c1829f14: 5c24 2ce8 

  0x00000250c1829f18: ; ImmutableOopMap {rbp=NarrowOop [32]=Oop [44]=NarrowOop }
                      ;*ifnonnull {reexecute=1 rethrow=0 return_oop=0}
                      ; - (reexecute) kotlin.jvm.internal.Intrinsics::checkNotNull@1 (line 24)
                      ; - kotlin.SynchronizedLazyImpl::getValue@48 (line 86)
                      ; - org.jetbrains.skiko.Logger::getLoggerImpl@5 (line 116)
                      ; - org.jetbrains.skia.impl.Managed$CleanerThunk::run@7 (line 149)
                      ; - org.jetbrains.skia.impl.CleanableImpl::clean@15 (line 83)
  0x00000250c1829f18: 64a4 09ff 

  0x00000250c1829f1c: ;   {other}
  0x00000250c1829f1c: 0f1f 8400 | 0c0d 000f | bac6 ffff | ff48 8944 | 24f8 8b44 | 2438 8944 | 2430 488b | 4424 f844 
  0x00000250c1829f3c: 895c 2438 

  0x00000250c1829f40: ;   {runtime_call UncommonTrapBlob}
  0x00000250c1829f40: 6666 90e8 

  0x00000250c1829f44: ; ImmutableOopMap {rbp=NarrowOop [32]=Oop [48]=NarrowOop [56]=NarrowOop }
                      ;*invokeinterface setNext {reexecute=0 rethrow=0 return_oop=0}
                      ; - org.jetbrains.skia.impl.CleanableImpl::remove@51 (line 104)
                      ; - org.jetbrains.skia.impl.CleanableImpl::clean@1 (line 81)
  0x00000250c1829f44: 38a4 09ff 

  0x00000250c1829f48: ;   {other}
  0x00000250c1829f48: 0f1f 8400 | 380d 0010 | 498b d749 | ba80 05d6 | 84ff 7f00 | 0041 ffd2 

  0x00000250c1829f60: ;   {other}
  0x00000250c1829f60: 0f1f 8400 | 0000 0000 | e900 faff | ffba deff | ffff 498b | e848 895c 

  0x00000250c1829f78: ;   {runtime_call UncommonTrapBlob}
  0x00000250c1829f78: 2420 90e8 

  0x00000250c1829f7c: ; ImmutableOopMap {rbp=Oop [32]=Oop }
                      ;*checkcast {reexecute=0 rethrow=0 return_oop=0}
                      ; - org.jetbrains.skiko.Logger::getLoggerImpl@10 (line 116)
                      ; - org.jetbrains.skia.impl.Managed$CleanerThunk::run@7 (line 149)
                      ; - org.jetbrains.skia.impl.CleanableImpl::clean@15 (line 83)
  0x00000250c1829f7c: 00a4 09ff 

  0x00000250c1829f80: ;   {other}
  0x00000250c1829f80: 0f1f 8400 | 700d 0011 | baf6 ffff 

  0x00000250c1829f8c: ;   {runtime_call UncommonTrapBlob}
  0x00000250c1829f8c: ff66 90e8 

  0x00000250c1829f90: ; ImmutableOopMap {}
                      ;*invokeinterface run {reexecute=0 rethrow=0 return_oop=0}
                      ; - org.jetbrains.skia.impl.CleanableImpl::clean@15 (line 83)
  0x00000250c1829f90: eca3 09ff 

  0x00000250c1829f94: ;   {other}
  0x00000250c1829f94: 0f1f 8400 | 840d 0012 | 488b d84c | 8b5c 2428 | 488d 4424 | 5048 8338 | 000f 8479 | 0000 004d 
  0x00000250c1829fb4: 8b13 41f6 | c202 0f84 | 6200 0000 | 4983 ba86 | 0000 0000 | 7409 49ff | 8a86 0000 | 00eb 4b49 
  0x00000250c1829fd4: 8b82 9600 | 0000 490b | 828e 0000 | 0075 0a49 | c742 3e00 | 0000 00eb | 3d49 83ba | 9e00 0000 
  0x00000250c1829ff4: 0074 2248 | 33c0 49c7 | 423e 0000 | 0000 f083 | 0424 0049 | 83ba 9e00 | 0000 0075 | 0df0 4d0f 
  0x00000250c182a014: b17a 3e75 | 0583 c801 | eb0c a800 | eb08 4c8b | 10f0 4d0f | b113 750a | 49ff 8f50 | 0500 0045 
  0x00000250c182a034: 33d2 7517 | 488b d3eb | 0848 8bd0 | eb03 488b | d048 83c4 

  0x00000250c182a048: ;   {runtime_call _rethrow_Java}
  0x00000250c182a048: 605d e9b1 | c115 ff49 | 8bcb 488d | 5424 504d | 8bc7 49ba | a053 1785 | ff7f 0000 

  0x00000250c182a064: ;   {other}
  0x00000250c182a064: 41ff d20f | 1f84 0000 | 0000 00eb | c7ba 45ff | ffff 498b | eb48 8944 | 24f8 8b44 | 2438 8944 
  0x00000250c182a084: 2428 488b | 4424 f844 | 8944 2434 

  0x00000250c182a090: ;   {runtime_call UncommonTrapBlob}
  0x00000250c182a090: 6666 90e8 

  0x00000250c182a094: ; ImmutableOopMap {rbp=Oop [40]=NarrowOop [52]=NarrowOop }
                      ;*ifnull {reexecute=1 rethrow=0 return_oop=0}
                      ; - (reexecute) org.jetbrains.skia.impl.CleanableImpl::remove@23 (line 103)
                      ; - org.jetbrains.skia.impl.CleanableImpl::clean@1 (line 81)
  0x00000250c182a094: e8a2 09ff 

  0x00000250c182a098: ;   {other}
  0x00000250c182a098: 0f1f 8400 | 880e 0013 | ba45 ffff | ff48 8b6c | 2420 4889 | 4424 f88b | 4424 3889 | 4424 2848 
  0x00000250c182a0b8: 8b44 24f8 | 4489 5c24 

  0x00000250c182a0c0: ;   {runtime_call UncommonTrapBlob}
  0x00000250c182a0c0: 3466 90e8 

  0x00000250c182a0c4: ; ImmutableOopMap {rbp=Oop [40]=NarrowOop [52]=NarrowOop }
                      ;*ifnull {reexecute=1 rethrow=0 return_oop=0}
                      ; - (reexecute) org.jetbrains.skia.impl.CleanableImpl::remove@44 (line 104)
                      ; - org.jetbrains.skia.impl.CleanableImpl::clean@1 (line 81)
  0x00000250c182a0c4: b8a2 09ff 

  0x00000250c182a0c8: ;   {other}
  0x00000250c182a0c8: 0f1f 8400 | b80e 0014 

  0x00000250c182a0d0: ;   {internal_word}
  0x00000250c182a0d0: 49ba 6197 | 82c1 5002 | 0000 4d89 | 9768 0400 

  0x00000250c182a0e0: ;   {runtime_call SafepointBlob}
  0x00000250c182a0e0: 00e9 9ab3 

  0x00000250c182a0e4: ;   {runtime_call StubRoutines (final stubs)}
  0x00000250c182a0e4: 09ff e8f5 | c307 ffe9 | 8af3 ffff 
[Stub Code]
  0x00000250c182a0f0: ;   {no_reloc}
  0x00000250c182a0f0: 48bb 0000 | 0000 0000 

  0x00000250c182a0f8: ;   {runtime_call nmethod}
  0x00000250c182a0f8: 0000 e9fb 

  0x00000250c182a0fc: ;   {static_stub}
  0x00000250c182a0fc: ffff ff48 | bb00 0000 | 0000 0000 

  0x00000250c182a108: ;   {runtime_call nmethod}
  0x00000250c182a108: 00e9 fbff 

  0x00000250c182a10c: ;   {runtime_call ExceptionBlob}
  0x00000250c182a10c: ffff e96d | 5a15 ffe8 | 0000 0000 | 4883 2c24 

  0x00000250c182a11c: ;   {runtime_call DeoptimizationBlob}
  0x00000250c182a11c: 05e9 fea5 | 09ff f4f4 | f4f4 f4f4 
[/MachCode]


Compiled method (c1) 49435 10492       3       org.jetbrains.skia.impl.Managed::close (124 bytes)
 total in heap  [0x00000250ba8ae590,0x00000250ba8b08f0] = 9056
 relocation     [0x00000250ba8ae6f0,0x00000250ba8ae980] = 656
 main code      [0x00000250ba8ae980,0x00000250ba8affd8] = 5720
 stub code      [0x00000250ba8affd8,0x00000250ba8b0118] = 320
 oops           [0x00000250ba8b0118,0x00000250ba8b0140] = 40
 metadata       [0x00000250ba8b0140,0x00000250ba8b01a0] = 96
 scopes data    [0x00000250ba8b01a0,0x00000250ba8b04c8] = 808
 scopes pcs     [0x00000250ba8b04c8,0x00000250ba8b08b8] = 1008
 dependencies   [0x00000250ba8b08b8,0x00000250ba8b08c0] = 8
 nul chk table  [0x00000250ba8b08c0,0x00000250ba8b08f0] = 48

[Constant Pool (empty)]

[MachCode]
[Entry Point]
  # {method} {0x00000250d4f8daf0} 'close' '()V' in 'org/jetbrains/skia/impl/Managed'
  #           [sp+0xe0]  (sp of caller)
  0x00000250ba8ae980: 448b 5208 | 49bb 0000 | 0000 0800 | 0000 4d03 | d34c 3bd0 

  0x00000250ba8ae994: ;   {runtime_call ic_miss_stub}
  0x00000250ba8ae994: 0f85 e6fd | 0006 660f | 1f44 0000 
[Verified Entry Point]
  0x00000250ba8ae9a0: 8984 2400 | 80ff ff55 | 4881 ecd0 | 0000 0090 | 4181 7f20 | 0a00 0000 

  0x00000250ba8ae9b8: ;   {runtime_call StubRoutines (final stubs)}
  0x00000250ba8ae9b8: 7405 e821 | 7bff 0548 | 8994 2488 

  0x00000250ba8ae9c4: ;   {metadata(method data for {method} {0x00000250d4f8daf0} 'close' '()V' in 'org/jetbrains/skia/impl/Managed')}
  0x00000250ba8ae9c4: 0000 0048 | beb8 c9a3 | d750 0200 | 008b becc | 0000 0083 | c702 89be | cc00 0000 | 81e7 fe07 
  0x00000250ba8ae9e4: 0000 85ff | 0f84 9311 | 0000 488b 

  0x00000250ba8ae9f0: ;   {metadata(method data for {method} {0x00000250d4f8daf0} 'close' '()V' in 'org/jetbrains/skia/impl/Managed')}
  0x00000250ba8ae9f0: f248 bfb8 | c9a3 d750 | 0200 0048 | 8387 1001 | 0000 0148 | 8b72 1048 | c7c7 0000 | 0000 483b 
  0x00000250ba8aea10: ;   {metadata(method data for {method} {0x00000250d4f8daf0} 'close' '()V' in 'org/jetbrains/skia/impl/Managed')}
  0x00000250ba8aea10: fe48 beb8 | c9a3 d750 | 0200 0048 | c7c7 4801 | 0000 7507 | 48c7 c758 | 0100 0048 | 8b04 3e48 
  0x00000250ba8aea30: 8d40 0148 | 8904 3e0f | 8567 0300 | 0066 6690 

  0x00000250ba8aea40: ;   {no_reloc}
  0x00000250ba8aea40: e96c 1100 | 0000 0000 | 0000 498b | 87b8 0100 | 0048 8d78 | 2849 3bbf | c801 0000 | 0f87 5911 
  0x00000250ba8aea60: 0000 4989 | bfb8 0100 | 0048 c700 | 0100 0000 | 488b ca49 | ba00 0000 | 0008 0000 | 0049 2bca 
  0x00000250ba8aea80: 8948 0848 | 33c9 8948 | 0c48 33c9 | 4889 4810 | 4889 4818 | 4889 4820 | 4889 8424 | 9000 0000 
  0x00000250ba8aeaa0: ;   {no_reloc}
  0x00000250ba8aeaa0: e932 1100 | 0000 0000 | 0000 498b | 87b8 0100 | 0048 8d78 | 1849 3bbf | c801 0000 | 0f87 1f11 
  0x00000250ba8aeac0: 0000 4989 | bfb8 0100 | 0048 c700 | 0100 0000 | 488b ca49 | ba00 0000 | 0008 0000 | 0049 2bca 
  0x00000250ba8aeae0: 8948 0848 | 33c9 8948 | 0c48 33c9 | 4889 4810 | 4889 8424 | 8000 0000 

  0x00000250ba8aeaf8: ;   {metadata(method data for {method} {0x00000250d4f8daf0} 'close' '()V' in 'org/jetbrains/skia/impl/Managed')}
  0x00000250ba8aeaf8: 4c8b c048 | bab8 c9a3 | d750 0200 | 0048 8382 | 6801 0000 

  0x00000250ba8aeb0c: ;   {metadata(method data for {method} {0x00000250d40bf940} '<init>' '()V' in 'java/lang/StringBuilder')}
  0x00000250ba8aeb0c: 0149 b880 | 412d d450 | 0200 0041 | 8b90 cc00 | 0000 83c2 | 0241 8990 | cc00 0000 | 81e2 feff 
  0x00000250ba8aeb2c: 1f00 85d2 | 0f84 b810 | 0000 4c8b 

  0x00000250ba8aeb38: ;   {metadata(method data for {method} {0x00000250d40bf940} '<init>' '()V' in 'java/lang/StringBuilder')}
  0x00000250ba8aeb38: c048 ba80 | 412d d450 | 0200 0048 | 8382 1001 | 0000 0141 | b810 0000 | 0048 8bd0 

  0x00000250ba8aeb54: ;   {optimized virtual_call}
  0x00000250ba8aeb54: 6666 90e8 

  0x00000250ba8aeb58: ; ImmutableOopMap {[128]=Oop [136]=Oop [144]=Oop }
                      ;*invokespecial <init> {reexecute=0 rethrow=0 return_oop=0}
                      ; - java.lang.StringBuilder::<init>@3
                      ; - org.jetbrains.skia.impl.Managed::close@17 (line 16)
  0x00000250ba8aeb58: 24ff 0006 

  0x00000250ba8aeb5c: ;   {other}
  0x00000250ba8aeb5c: 0f1f 8400 | cc05 0000 | 488b 8424 | 8000 0000 

  0x00000250ba8aeb6c: ;   {metadata(method data for {method} {0x00000250d4f8daf0} 'close' '()V' in 'org/jetbrains/skia/impl/Managed')}
  0x00000250ba8aeb6c: 49b8 b8c9 | a3d7 5002 | 0000 4983 | 8078 0100 

  0x00000250ba8aeb7c: ;   {metadata(method data for {method} {0x00000250d40bfd20} 'append' '(Ljava/lang/String;)Ljava/lang/StringBuilder;' in 'java/lang/StringBuilder')}
  0x00000250ba8aeb7c: 0001 49b8 | 7044 2dd4 | 5002 0000 | 418b 90cc | 0000 0083 | c202 4189 | 90cc 0000 | 0081 e2fe 
  0x00000250ba8aeb9c: ff1f 0085 | d20f 8468 | 1000 0048 | 8b84 2480 

  0x00000250ba8aebac: ;   {metadata(method data for {method} {0x00000250d40bfd20} 'append' '(Ljava/lang/String;)Ljava/lang/StringBuilder;' in 'java/lang/StringBuilder')}
  0x00000250ba8aebac: 0000 0049 | b870 442d | d450 0200 | 0049 8380 | 1001 0000 

  0x00000250ba8aebc0: ;   {oop("Object already closed: "{0x000000068d9a23a0})}
  0x00000250ba8aebc0: 0149 b8a0 | 239a 8d06 | 0000 0048 | 8b94 2480 | 0000 000f 

  0x00000250ba8aebd4: ;   {optimized virtual_call}
  0x00000250ba8aebd4: 1f40 00e8 

  0x00000250ba8aebd8: ; ImmutableOopMap {[128]=Oop [136]=Oop [144]=Oop }
                      ;*invokespecial append {reexecute=0 rethrow=0 return_oop=0}
                      ; - java.lang.StringBuilder::append@2
                      ; - org.jetbrains.skia.impl.Managed::close@22 (line 16)
  0x00000250ba8aebd8: a4fe 0006 

  0x00000250ba8aebdc: ;   {other}
  0x00000250ba8aebdc: 0f1f 8400 | 4c06 0001 | 488b 9424 | 8800 0000 

  0x00000250ba8aebec: ;   {metadata(method data for {method} {0x00000250d4f8daf0} 'close' '()V' in 'org/jetbrains/skia/impl/Managed')}
  0x00000250ba8aebec: 48be b8c9 | a3d7 5002 | 0000 4883 | 86b0 0100 | 0001 488b | 9424 8800 | 0000 8b72 | 0849 ba00 
  0x00000250ba8aec0c: 0000 0008 | 0000 0049 | 03f2 488b | 7670 488b | 3648 8b84 | 2480 0000 

  0x00000250ba8aec24: ;   {metadata(method data for {method} {0x00000250d4f8daf0} 'close' '()V' in 'org/jetbrains/skia/impl/Managed')}
  0x00000250ba8aec24: 0048 bfb8 | c9a3 d750 | 0200 0048 | 8387 e801 

  0x00000250ba8aec34: ;   {metadata(method data for {method} {0x00000250d40bfc80} 'append' '(Ljava/lang/Object;)Ljava/lang/StringBuilder;' in 'java/lang/StringBuilder')}
  0x00000250ba8aec34: 0000 0148 | bff8 3193 | d450 0200 | 008b 9fcc | 0000 0083 | c302 899f | cc00 0000 | 81e3 feff 
  0x00000250ba8aec54: 1f00 85db | 0f84 d20f 

  0x00000250ba8aec5c: ;   {metadata(method data for {method} {0x00000250d40bfc80} 'append' '(Ljava/lang/Object;)Ljava/lang/StringBuilder;' in 'java/lang/StringBuilder')}
  0x00000250ba8aec5c: 0000 48bf | f831 93d4 | 5002 0000 | 4883 8710 | 0100 0001 

  0x00000250ba8aec70: ;   {metadata(method data for {method} {0x00000250d400da48} 'valueOf' '(Ljava/lang/Object;)Ljava/lang/String;' in 'java/lang/String')}
  0x00000250ba8aec70: 48bf 9833 | 93d4 5002 | 0000 8b9f | cc00 0000 | 83c3 0289 | 9fcc 0000 | 0081 e3fe | ff1f 0085 
  0x00000250ba8aec90: db0f 84ba | 0f00 0048 

  0x00000250ba8aec98: ;   {metadata(method data for {method} {0x00000250d400da48} 'valueOf' '(Ljava/lang/Object;)Ljava/lang/String;' in 'java/lang/String')}
  0x00000250ba8aec98: 85f6 48bf | 9833 93d4 | 5002 0000 | 48c7 c310 | 0100 0075 | 0748 c7c3 | 2001 0000 | 488b 041f 
  0x00000250ba8aecb8: 488d 4001 | 4889 041f | 0f85 1f00 

  0x00000250ba8aecc4: ;   {metadata(method data for {method} {0x00000250d400da48} 'valueOf' '(Ljava/lang/Object;)Ljava/lang/String;' in 'java/lang/String')}
  0x00000250ba8aecc4: 0000 48be | 9833 93d4 | 5002 0000 | ff86 3001 

  0x00000250ba8aecd4: ;   {oop("null"{0x000000068a0005c0})}
  0x00000250ba8aecd4: 0000 48be | c005 008a | 0600 0000 | e9b4 0b00 | 0048 3b06 

  0x00000250ba8aece8: ;   {metadata(method data for {method} {0x00000250d400da48} 'valueOf' '(Ljava/lang/Object;)Ljava/lang/String;' in 'java/lang/String')}
  0x00000250ba8aece8: 488b fe48 | bb98 3393 | d450 0200 | 008b 7f08 | 49ba 0000 | 0000 0800 | 0000 4903 | fa48 3bbb 
  0x00000250ba8aed08: 5801 0000 | 750d 4883 | 8360 0100 | 0001 e960 | 0000 0048 | 3bbb 6801 | 0000 750d | 4883 8370 
  0x00000250ba8aed28: 0100 0001 | e94a 0000 | 0048 83bb | 5801 0000 | 0075 1748 | 89bb 5801 | 0000 48c7 | 8360 0100 
  0x00000250ba8aed48: 0001 0000 | 00e9 2900 | 0000 4883 | bb68 0100 | 0000 7517 | 4889 bb68 | 0100 0048 | c783 7001 
  0x00000250ba8aed68: 0000 0100 | 0000 e908 | 0000 0048 | 8383 4801 | 0000 0148 | 8bd6 0f1f | 8000 0000 | 0048 b8ff 
  0x00000250ba8aed88: ffff ffff 

  0x00000250ba8aed8c: ;   {virtual_call}
  0x00000250ba8aed8c: ffff ffe8 

  0x00000250ba8aed90: ; ImmutableOopMap {[128]=Oop [136]=Oop [144]=Oop }
                      ;*invokevirtual toString {reexecute=0 rethrow=0 return_oop=0}
                      ; - java.lang.String::valueOf@11
                      ; - java.lang.StringBuilder::append@2
                      ; - org.jetbrains.skia.impl.Managed::close@29 (line 16)
  0x00000250ba8aed90: ecff 0006 

  0x00000250ba8aed94: ;   {other}
  0x00000250ba8aed94: 0f1f 8400 | 0408 0002 | 488b f0e9 | f50a 0000 | 8b5a 0c48 | c1e3 0348 | 899c 24a8 | 0000 0048 
  0x00000250ba8aedb4: ;   {metadata(method data for {method} {0x00000250d4f8daf0} 'close' '()V' in 'org/jetbrains/skia/impl/Managed')}
  0x00000250ba8aedb4: 85db 48be | b8c9 a3d7 | 5002 0000 | 48c7 c710 | 0300 0075 | 0748 c7c7 | 2003 0000 | 488b 043e 
  0x00000250ba8aedd4: 488d 4001 | 4889 043e | 0f85 6a03 | 0000 660f | 1f44 0000 

  0x00000250ba8aede8: ;   {no_reloc}
  0x00000250ba8aede8: e999 0e00 | 0000 0000 | 0000 498b | 87b8 0100 | 0048 8d78 | 2849 3bbf | c801 0000 | 0f87 860e 
  0x00000250ba8aee08: 0000 4989 | bfb8 0100 | 0048 c700 | 0100 0000 | 488b ca49 | ba00 0000 | 0008 0000 | 0049 2bca 
  0x00000250ba8aee28: 8948 0848 | 33c9 8948 | 0c48 33c9 | 4889 4810 | 4889 4818 | 4889 4820 | 4889 8424 | a000 0000 
  0x00000250ba8aee48: ;   {no_reloc}
  0x00000250ba8aee48: e95f 0e00 | 0000 0000 | 0000 498b | 87b8 0100 | 0048 8d78 | 1849 3bbf | c801 0000 | 0f87 4c0e 
  0x00000250ba8aee68: 0000 4989 | bfb8 0100 | 0048 c700 | 0100 0000 | 488b ca49 | ba00 0000 | 0008 0000 | 0049 2bca 
  0x00000250ba8aee88: 8948 0848 | 33c9 8948 | 0c48 33c9 | 4889 4810 | 4889 8424 | 9800 0000 

  0x00000250ba8aeea0: ;   {metadata(method data for {method} {0x00000250d4f8daf0} 'close' '()V' in 'org/jetbrains/skia/impl/Managed')}
  0x00000250ba8aeea0: 4c8b c048 | bab8 c9a3 | d750 0200 | 0048 8382 | 3003 0000 

  0x00000250ba8aeeb4: ;   {metadata(method data for {method} {0x00000250d40bf940} '<init>' '()V' in 'java/lang/StringBuilder')}
  0x00000250ba8aeeb4: 0149 b880 | 412d d450 | 0200 0041 | 8b90 cc00 | 0000 83c2 | 0241 8990 | cc00 0000 | 81e2 feff 
  0x00000250ba8aeed4: 1f00 85d2 | 0f84 e50d | 0000 4c8b 

  0x00000250ba8aeee0: ;   {metadata(method data for {method} {0x00000250d40bf940} '<init>' '()V' in 'java/lang/StringBuilder')}
  0x00000250ba8aeee0: c048 ba80 | 412d d450 | 0200 0048 | 8382 1001 | 0000 0141 | b810 0000 | 0048 8bd0 

  0x00000250ba8aeefc: ;   {optimized virtual_call}
  0x00000250ba8aeefc: 6666 90e8 

  0x00000250ba8aef00: ; ImmutableOopMap {[136]=Oop [152]=Oop [160]=Oop }
                      ;*invokespecial <init> {reexecute=0 rethrow=0 return_oop=0}
                      ; - java.lang.StringBuilder::<init>@3
                      ; - org.jetbrains.skia.impl.Managed::close@66 (line 18)
  0x00000250ba8aef00: 7cfb 0006 

  0x00000250ba8aef04: ;   {other}
  0x00000250ba8aef04: 0f1f 8400 | 7409 0003 | 488b 8424 | 9800 0000 

  0x00000250ba8aef14: ;   {metadata(method data for {method} {0x00000250d4f8daf0} 'close' '()V' in 'org/jetbrains/skia/impl/Managed')}
  0x00000250ba8aef14: 49b8 b8c9 | a3d7 5002 | 0000 4983 | 8040 0300 

  0x00000250ba8aef24: ;   {metadata(method data for {method} {0x00000250d40bfd20} 'append' '(Ljava/lang/String;)Ljava/lang/StringBuilder;' in 'java/lang/StringBuilder')}
  0x00000250ba8aef24: 0001 49b8 | 7044 2dd4 | 5002 0000 | 418b 90cc | 0000 0083 | c202 4189 | 90cc 0000 | 0081 e2fe 
  0x00000250ba8aef44: ff1f 0085 | d20f 8495 | 0d00 0048 | 8b84 2498 

  0x00000250ba8aef54: ;   {metadata(method data for {method} {0x00000250d40bfd20} 'append' '(Ljava/lang/String;)Ljava/lang/StringBuilder;' in 'java/lang/StringBuilder')}
  0x00000250ba8aef54: 0000 0049 | b870 442d | d450 0200 | 0049 8380 | 1001 0000 

  0x00000250ba8aef68: ;   {oop("Object is not managed in JVM, can't close(): "{0x000000068d9a2318})}
  0x00000250ba8aef68: 0149 b818 | 239a 8d06 | 0000 0048 | 8b94 2498 | 0000 000f 

  0x00000250ba8aef7c: ;   {optimized virtual_call}
  0x00000250ba8aef7c: 1f40 00e8 

  0x00000250ba8aef80: ; ImmutableOopMap {[136]=Oop [152]=Oop [160]=Oop }
                      ;*invokespecial append {reexecute=0 rethrow=0 return_oop=0}
                      ; - java.lang.StringBuilder::append@2
                      ; - org.jetbrains.skia.impl.Managed::close@71 (line 18)
  0x00000250ba8aef80: fcfa 0006 

  0x00000250ba8aef84: ;   {other}
  0x00000250ba8aef84: 0f1f 8400 | f409 0004 | 488b 9424 | 8800 0000 

  0x00000250ba8aef94: ;   {metadata(method data for {method} {0x00000250d4f8daf0} 'close' '()V' in 'org/jetbrains/skia/impl/Managed')}
  0x00000250ba8aef94: 48be b8c9 | a3d7 5002 | 0000 4883 | 8678 0300 | 0001 488b | 9424 8800 | 0000 8b72 | 0849 ba00 
  0x00000250ba8aefb4: 0000 0008 | 0000 0049 | 03f2 488b | 7670 488b | 3648 8b84 | 2498 0000 

  0x00000250ba8aefcc: ;   {metadata(method data for {method} {0x00000250d4f8daf0} 'close' '()V' in 'org/jetbrains/skia/impl/Managed')}
  0x00000250ba8aefcc: 0048 bfb8 | c9a3 d750 | 0200 0048 | 8387 b003 

  0x00000250ba8aefdc: ;   {metadata(method data for {method} {0x00000250d40bfc80} 'append' '(Ljava/lang/Object;)Ljava/lang/StringBuilder;' in 'java/lang/StringBuilder')}
  0x00000250ba8aefdc: 0000 0148 | bff8 3193 | d450 0200 | 008b 9fcc | 0000 0083 | c302 899f | cc00 0000 | 81e3 feff 
  0x00000250ba8aeffc: 1f00 85db | 0f84 ff0c 

  0x00000250ba8af004: ;   {metadata(method data for {method} {0x00000250d40bfc80} 'append' '(Ljava/lang/Object;)Ljava/lang/StringBuilder;' in 'java/lang/StringBuilder')}
  0x00000250ba8af004: 0000 48bf | f831 93d4 | 5002 0000 | 4883 8710 | 0100 0001 

  0x00000250ba8af018: ;   {metadata(method data for {method} {0x00000250d400da48} 'valueOf' '(Ljava/lang/Object;)Ljava/lang/String;' in 'java/lang/String')}
  0x00000250ba8af018: 48bf 9833 | 93d4 5002 | 0000 8b9f | cc00 0000 | 83c3 0289 | 9fcc 0000 | 0081 e3fe | ff1f 0085 
  0x00000250ba8af038: db0f 84e7 | 0c00 0048 

  0x00000250ba8af040: ;   {metadata(method data for {method} {0x00000250d400da48} 'valueOf' '(Ljava/lang/Object;)Ljava/lang/String;' in 'java/lang/String')}
  0x00000250ba8af040: 85f6 48bf | 9833 93d4 | 5002 0000 | 48c7 c310 | 0100 0075 | 0748 c7c3 | 2001 0000 | 488b 041f 
  0x00000250ba8af060: 488d 4001 | 4889 041f | 0f85 1f00 

  0x00000250ba8af06c: ;   {metadata(method data for {method} {0x00000250d400da48} 'valueOf' '(Ljava/lang/Object;)Ljava/lang/String;' in 'java/lang/String')}
  0x00000250ba8af06c: 0000 48be | 9833 93d4 | 5002 0000 | ff86 3001 

  0x00000250ba8af07c: ;   {oop("null"{0x000000068a0005c0})}
  0x00000250ba8af07c: 0000 48be | c005 008a | 0600 0000 | e927 0500 | 0048 3b06 

  0x00000250ba8af090: ;   {metadata(method data for {method} {0x00000250d400da48} 'valueOf' '(Ljava/lang/Object;)Ljava/lang/String;' in 'java/lang/String')}
  0x00000250ba8af090: 488b fe48 | bb98 3393 | d450 0200 | 008b 7f08 | 49ba 0000 | 0000 0800 | 0000 4903 | fa48 3bbb 
  0x00000250ba8af0b0: 5801 0000 | 750d 4883 | 8360 0100 | 0001 e960 | 0000 0048 | 3bbb 6801 | 0000 750d | 4883 8370 
  0x00000250ba8af0d0: 0100 0001 | e94a 0000 | 0048 83bb | 5801 0000 | 0075 1748 | 89bb 5801 | 0000 48c7 | 8360 0100 
  0x00000250ba8af0f0: 0001 0000 | 00e9 2900 | 0000 4883 | bb68 0100 | 0000 7517 | 4889 bb68 | 0100 0048 | c783 7001 
  0x00000250ba8af110: 0000 0100 | 0000 e908 | 0000 0048 | 8383 4801 | 0000 0148 | 8bd6 0f1f | 8000 0000 | 0048 b8ff 
  0x00000250ba8af130: ffff ffff 

  0x00000250ba8af134: ;   {virtual_call}
  0x00000250ba8af134: ffff ffe8 

  0x00000250ba8af138: ; ImmutableOopMap {[136]=Oop [152]=Oop [160]=Oop }
                      ;*invokevirtual toString {reexecute=0 rethrow=0 return_oop=0}
                      ; - java.lang.String::valueOf@11
                      ; - java.lang.StringBuilder::append@2
                      ; - org.jetbrains.skia.impl.Managed::close@78 (line 18)
  0x00000250ba8af138: 44fc 0006 

  0x00000250ba8af13c: ;   {other}
  0x00000250ba8af13c: 0f1f 8400 | ac0b 0005 | 488b f0e9 | 6804 0000 

  0x00000250ba8af14c: ;   {metadata(method data for {method} {0x00000250d4f8daf0} 'close' '()V' in 'org/jetbrains/skia/impl/Managed')}
  0x00000250ba8af14c: 48ba b8c9 | a3d7 5002 | 0000 4883 | 82d8 0400 

  0x00000250ba8af15c: ;   {metadata(method data for {method} {0x00000250d452bf78} 'checkNotNull' '(Ljava/lang/Object;)V' in 'kotlin/jvm/internal/Intrinsics')}
  0x00000250ba8af15c: 0001 48ba | d07c 26d5 | 5002 0000 | 8bb2 cc00 | 0000 83c6 | 0289 b2cc | 0000 0081 | e6fe ff1f 
  0x00000250ba8af17c: 0085 f60f | 84c7 0b00 | 0048 85db 

  0x00000250ba8af188: ;   {metadata(method data for {method} {0x00000250d452bf78} 'checkNotNull' '(Ljava/lang/Object;)V' in 'kotlin/jvm/internal/Intrinsics')}
  0x00000250ba8af188: 48ba d07c | 26d5 5002 | 0000 48c7 | c610 0100 | 0075 0748 | c7c6 2001 | 0000 488b | 3c32 488d 
  0x00000250ba8af1a8: 7f01 4889 | 3c32 0f85 | d801 0000 

  0x00000250ba8af1b4: ;   {metadata(method data for {method} {0x00000250d452bf78} 'checkNotNull' '(Ljava/lang/Object;)V' in 'kotlin/jvm/internal/Intrinsics')}
  0x00000250ba8af1b4: 48ba d07c | 26d5 5002 | 0000 4883 | 8230 0100 

  0x00000250ba8af1c4: ;   {metadata(method data for {method} {0x00000250d452c260} 'throwJavaNpe' '()V' in 'kotlin/jvm/internal/Intrinsics')}
  0x00000250ba8af1c4: 0001 48ba | 507e 26d5 | 5002 0000 | 8bb2 cc00 | 0000 83c6 | 0289 b2cc | 0000 0081 | e6fe ff1f 
  0x00000250ba8af1e4: 0085 f60f | 8480 0b00 | 0066 6690 

  0x00000250ba8af1f0: ;   {no_reloc}
  0x00000250ba8af1f0: e9a8 0b00 | 0000 0000 | 0000 498b | 87b8 0100 | 0048 8d78 | 3049 3bbf | c801 0000 | 0f87 950b 
  0x00000250ba8af210: 0000 4989 | bfb8 0100 | 0048 c700 | 0100 0000 | 488b ca49 | ba00 0000 | 0008 0000 | 0049 2bca 
  0x00000250ba8af230: 8948 0848 | 33c9 8948 | 0c48 33c9 | 4889 4810 | 4889 4818 | 4889 4820 | 4889 4828 

  0x00000250ba8af24c: ;   {metadata(method data for {method} {0x00000250d452c260} 'throwJavaNpe' '()V' in 'kotlin/jvm/internal/Intrinsics')}
  0x00000250ba8af24c: 488b d048 | be50 7e26 | d550 0200 | 0048 8386 | 1001 0000 | 0148 8bd0 | 4889 8424 | b000 0000 
  0x00000250ba8af26c: ;   {optimized virtual_call}
  0x00000250ba8af26c: 6666 90e8 

  0x00000250ba8af270: ; ImmutableOopMap {[136]=Oop [168]=Oop [176]=Oop }
                      ;*invokespecial <init> {reexecute=0 rethrow=0 return_oop=0}
                      ; - kotlin.jvm.internal.Intrinsics::throwJavaNpe@4 (line 45)
                      ; - kotlin.jvm.internal.Intrinsics::checkNotNull@4 (line 25)
                      ; - org.jetbrains.skia.impl.Managed::close@105 (line 20)
  0x00000250ba8af270: 0cf8 0006 

  0x00000250ba8af274: ;   {other}
  0x00000250ba8af274: 0f1f 8400 | e40c 0006 

  0x00000250ba8af27c: ;   {metadata(method data for {method} {0x00000250d452c260} 'throwJavaNpe' '()V' in 'kotlin/jvm/internal/Intrinsics')}
  0x00000250ba8af27c: 48ba 507e | 26d5 5002 | 0000 4883 | 8220 0100 

  0x00000250ba8af28c: ;   {metadata(method data for {method} {0x00000250d452e1b8} 'sanitizeStackTrace' '(Ljava/lang/Throwable;)Ljava/lang/Throwable;' in 'kotlin/jvm/internal/Intrinsics')}
  0x00000250ba8af28c: 0001 48ba | e0aa 01d5 | 5002 0000 | 8bb2 cc00 | 0000 83c6 | 0289 b2cc | 0000 0081 | e6fe ff1f 
  0x00000250ba8af2ac: 0085 f60f | 84ff 0a00 

  0x00000250ba8af2b4: ;   {oop(a 'java/lang/Class'{0x000000068a06de18} = 'kotlin/jvm/internal/Intrinsics')}
  0x00000250ba8af2b4: 0048 ba18 | de06 8a06 | 0000 0048 

  0x00000250ba8af2c0: ;   {metadata(method data for {method} {0x00000250d452e1b8} 'sanitizeStackTrace' '(Ljava/lang/Throwable;)Ljava/lang/Throwable;' in 'kotlin/jvm/internal/Intrinsics')}
  0x00000250ba8af2c0: 8bf2 48bf | e0aa 01d5 | 5002 0000 | 4883 8710 | 0100 0001 

  0x00000250ba8af2d4: ;   {metadata(method data for {method} {0x00000250d40164f0} 'getName' '()Ljava/lang/String;' in 'java/lang/Class')}
  0x00000250ba8af2d4: 48be 8076 | 47d4 5002 | 0000 8bbe | cc00 0000 | 83c7 0289 | becc 0000 | 0081 e7fe | ff1f 0085 
  0x00000250ba8af2f4: ff0f 84da | 0a00 008b | 522c 48c1 | e203 4885 

  0x00000250ba8af304: ;   {metadata(method data for {method} {0x00000250d40164f0} 'getName' '()Ljava/lang/String;' in 'java/lang/Class')}
  0x00000250ba8af304: d248 be80 | 7647 d450 | 0200 0048 | c7c7 1001 | 0000 7407 | 48c7 c720 | 0100 0048 | 8b1c 3e48 
  0x00000250ba8af324: 8d5b 0148 | 891c 3e0f | 8418 0000 

  0x00000250ba8af330: ;   {metadata(method data for {method} {0x00000250d40164f0} 'getName' '()Ljava/lang/String;' in 'java/lang/Class')}
  0x00000250ba8af330: 0048 be80 | 7647 d450 | 0200 00ff | 8630 0100 | 0048 8bf2 | e936 0000 

  0x00000250ba8af348: ;   {oop(a 'java/lang/Class'{0x000000068a06de18} = 'kotlin/jvm/internal/Intrinsics')}
  0x00000250ba8af348: 0048 ba18 | de06 8a06 | 0000 0048 

  0x00000250ba8af354: ;   {metadata(method data for {method} {0x00000250d40164f0} 'getName' '()Ljava/lang/String;' in 'java/lang/Class')}
  0x00000250ba8af354: 8bf2 48bf | 8076 47d4 | 5002 0000 | 4883 8748 | 0100 0001 | 0f1f 8000 

  0x00000250ba8af36c: ;   {optimized virtual_call}
  0x00000250ba8af36c: 0000 00e8 

  0x00000250ba8af370: ; ImmutableOopMap {[136]=Oop [168]=Oop [176]=Oop }
                      ;*invokevirtual initClassName {reexecute=0 rethrow=0 return_oop=0}
                      ; - java.lang.Class::getName@14
                      ; - kotlin.jvm.internal.Intrinsics::sanitizeStackTrace@3 (line 253)
                      ; - kotlin.jvm.internal.Intrinsics::throwJavaNpe@7 (line 45)
                      ; - kotlin.jvm.internal.Intrinsics::checkNotNull@4 (line 25)
                      ; - org.jetbrains.skia.impl.Managed::close@105 (line 20)
  0x00000250ba8af370: 0cf7 0006 

  0x00000250ba8af374: ;   {other}
  0x00000250ba8af374: 0f1f 8400 | e40d 0007 | 488b f048 | 8b84 24b0 | 0000 00e9 | 0901 0000 

  0x00000250ba8af38c: ; implicit exception: dispatches to 0x00000250ba8afdfb
  0x00000250ba8af38c: 483b 0348 

  0x00000250ba8af390: ;   {metadata(method data for {method} {0x00000250d4f8daf0} 'close' '()V' in 'org/jetbrains/skia/impl/Managed')}
  0x00000250ba8af390: 8bf3 48bf | b8c9 a3d7 | 5002 0000 | 8b76 0849 | ba00 0000 | 0008 0000 | 0049 03f2 | 483b b7f8 
  0x00000250ba8af3b0: 0400 0075 | 0d48 8387 | 0005 0000 | 01e9 6000 | 0000 483b | b708 0500 | 0075 0d48 | 8387 1005 
  0x00000250ba8af3d0: 0000 01e9 | 4a00 0000 | 4883 bff8 | 0400 0000 | 7517 4889 | b7f8 0400 | 0048 c787 | 0005 0000 
  0x00000250ba8af3f0: 0100 0000 | e929 0000 | 0048 83bf | 0805 0000 | 0075 1748 | 89b7 0805 | 0000 48c7 | 8710 0500 
  0x00000250ba8af410: 0001 0000 | 00e9 0800 | 0000 4883 | 87e8 0400 | 0001 488b | d348 b8a0 | a128 0008 

  0x00000250ba8af42c: ;   {virtual_call}
  0x00000250ba8af42c: 0000 00e8 

  0x00000250ba8af430: ; ImmutableOopMap {[136]=Oop }
                      ;*invokeinterface clean {reexecute=0 rethrow=0 return_oop=0}
                      ; - org.jetbrains.skia.impl.Managed::close@108 (line 20)
  0x00000250ba8af430: 0ca0 f706 

  0x00000250ba8af434: ;   {other}
  0x00000250ba8af434: 0f1f 8400 | a40e 0008 | 410f be57 | 4085 d248 | 8b94 2488 | 0000 000f | 85af 0900 | 00c7 420c 
  0x00000250ba8af454: 0000 0000 

  0x00000250ba8af458: ;   {metadata(method data for {method} {0x00000250d4f8daf0} 'close' '()V' in 'org/jetbrains/skia/impl/Managed')}
  0x00000250ba8af458: 4c8b c248 | beb8 c9a3 | d750 0200 | 0048 8386 | 2005 0000 | 0149 c7c0 | 0000 0000 | 49c7 c200 
  0x00000250ba8af478: 0000 004c | 8952 1048 | 81c4 d000 

  0x00000250ba8af484: ;   {poll_return}
  0x00000250ba8af484: 0000 5d49 | 3ba7 5004 | 0000 0f87 | 8c09 0000 

  0x00000250ba8af494: ;   {metadata(method data for {method} {0x00000250d452e1b8} 'sanitizeStackTrace' '(Ljava/lang/Throwable;)Ljava/lang/Throwable;' in 'kotlin/jvm/internal/Intrinsics')}
  0x00000250ba8af494: c349 b8e0 | aa01 d550 | 0200 0049 | 8380 4801 | 0000 0148 | 8bd0 4c8b 

  0x00000250ba8af4ac: ;   {static_call}
  0x00000250ba8af4ac: c666 90e8 

  0x00000250ba8af4b0: ; ImmutableOopMap {[136]=Oop [168]=Oop }
                      ;*invokestatic sanitizeStackTrace {reexecute=0 rethrow=0 return_oop=0}
                      ; - kotlin.jvm.internal.Intrinsics::sanitizeStackTrace@6 (line 253)
                      ; - kotlin.jvm.internal.Intrinsics::throwJavaNpe@7 (line 45)
                      ; - kotlin.jvm.internal.Intrinsics::checkNotNull@4 (line 25)
                      ; - org.jetbrains.skia.impl.Managed::close@105 (line 20)
  0x00000250ba8af4b0: ccfb 0006 

  0x00000250ba8af4b4: ;   {other}
  0x00000250ba8af4b4: 0f1f 8400 | 240f 0009 | 488b 9c24 | a800 0000 | 4885 c075 

  0x00000250ba8af4c8: ;   {metadata(method data for {method} {0x00000250d452c260} 'throwJavaNpe' '()V' in 'kotlin/jvm/internal/Intrinsics')}
  0x00000250ba8af4c8: 1648 ba50 | 7e26 d550 | 0200 0080 | 8a29 0100 | 0001 e9cd 

  0x00000250ba8af4dc: ;   {metadata('java/lang/NullPointerException')}
  0x00000250ba8af4dc: 0000 0048 | bea0 b705 | 0008 0000 | 008b 5008 | 49ba 0000 | 0000 0800 | 0000 4903 | d248 3b72 
  0x00000250ba8af4fc: 500f 858d 

  0x00000250ba8af500: ;   {metadata(method data for {method} {0x00000250d452c260} 'throwJavaNpe' '()V' in 'kotlin/jvm/internal/Intrinsics')}
  0x00000250ba8af500: 0000 0048 | ba50 7e26 | d550 0200 | 008b 7008 | 49ba 0000 | 0000 0800 | 0000 4903 | f248 3bb2 
  0x00000250ba8af520: 4001 0000 | 750d 4883 | 8248 0100 | 0001 e979 | 0000 0048 | 3bb2 5001 | 0000 750d | 4883 8258 
  0x00000250ba8af540: 0100 0001 | e963 0000 | 0048 83ba | 4001 0000 | 0075 1748 | 89b2 4001 | 0000 48c7 | 8248 0100 
  0x00000250ba8af560: 0001 0000 | 00e9 4200 | 0000 4883 | ba50 0100 | 0000 7517 | 4889 b250 | 0100 0048 | c782 5801 
  0x00000250ba8af580: 0000 0100 | 0000 e921 | 0000 00e9 | 1c00 0000 

  0x00000250ba8af590: ;   {metadata(method data for {method} {0x00000250d452c260} 'throwJavaNpe' '()V' in 'kotlin/jvm/internal/Intrinsics')}
  0x00000250ba8af590: 48ba 507e | 26d5 5002 | 0000 4883 | aa30 0100 | 0001 e98f | 0800 00e9 | 0000 0000 

  0x00000250ba8af5ac: ; implicit exception: dispatches to 0x00000250ba8afe3f
  0x00000250ba8af5ac: 483b 00e9 | 110a 0000 | 488b 8424 | 9800 0000 

  0x00000250ba8af5bc: ;   {metadata(method data for {method} {0x00000250d40bfc80} 'append' '(Ljava/lang/Object;)Ljava/lang/StringBuilder;' in 'java/lang/StringBuilder')}
  0x00000250ba8af5bc: 49b8 f831 | 93d4 5002 | 0000 4983 | 8020 0100 

  0x00000250ba8af5cc: ;   {metadata(method data for {method} {0x00000250d40bfd20} 'append' '(Ljava/lang/String;)Ljava/lang/StringBuilder;' in 'java/lang/StringBuilder')}
  0x00000250ba8af5cc: 0001 49b8 | 7044 2dd4 | 5002 0000 | 418b 90cc | 0000 0083 | c202 4189 | 90cc 0000 | 0081 e2fe 
  0x00000250ba8af5ec: ff1f 0085 | d20f 844d | 0800 0048 | 8b84 2498 

  0x00000250ba8af5fc: ;   {metadata(method data for {method} {0x00000250d40bfd20} 'append' '(Ljava/lang/String;)Ljava/lang/StringBuilder;' in 'java/lang/StringBuilder')}
  0x00000250ba8af5fc: 0000 0049 | b870 442d | d450 0200 | 0049 8380 | 1001 0000 | 014c 8bc6 | 488b 9424 | 9800 0000 
  0x00000250ba8af61c: ;   {optimized virtual_call}
  0x00000250ba8af61c: 6666 90e8 

  0x00000250ba8af620: ; ImmutableOopMap {[136]=Oop [152]=Oop [160]=Oop }
                      ;*invokespecial append {reexecute=0 rethrow=0 return_oop=0}
                      ; - java.lang.StringBuilder::append@2
                      ; - java.lang.StringBuilder::append@5
                      ; - org.jetbrains.skia.impl.Managed::close@78 (line 18)
  0x00000250ba8af620: 5cf4 0006 

  0x00000250ba8af624: ;   {other}
  0x00000250ba8af624: 0f1f 8400 | 9410 000a | 488b 8424 | 9800 0000 

  0x00000250ba8af634: ;   {metadata(method data for {method} {0x00000250d4f8daf0} 'close' '()V' in 'org/jetbrains/skia/impl/Managed')}
  0x00000250ba8af634: 4c8b c048 | bfb8 c9a3 | d750 0200 | 0048 8387 | e803 0000 

  0x00000250ba8af648: ;   {metadata(method data for {method} {0x00000250d40bfd20} 'append' '(Ljava/lang/String;)Ljava/lang/StringBuilder;' in 'java/lang/StringBuilder')}
  0x00000250ba8af648: 0149 b870 | 442d d450 | 0200 0041 | 8bb8 cc00 | 0000 83c7 | 0241 89b8 | cc00 0000 | 81e7 feff 
  0x00000250ba8af668: 1f00 85ff | 0f84 f307 | 0000 4c8b 

  0x00000250ba8af674: ;   {metadata(method data for {method} {0x00000250d40bfd20} 'append' '(Ljava/lang/String;)Ljava/lang/StringBuilder;' in 'java/lang/StringBuilder')}
  0x00000250ba8af674: c048 bf70 | 442d d450 | 0200 0048 | 8387 1001 

  0x00000250ba8af684: ;   {oop(", _ptr="{0x000000068d9a2370})}
  0x00000250ba8af684: 0000 0149 | b870 239a | 8d06 0000 | 0048 8bd0 

  0x00000250ba8af694: ;   {optimized virtual_call}
  0x00000250ba8af694: 6666 90e8 

  0x00000250ba8af698: ; ImmutableOopMap {[136]=Oop [152]=Oop [160]=Oop }
                      ;*invokespecial append {reexecute=0 rethrow=0 return_oop=0}
                      ; - java.lang.StringBuilder::append@2
                      ; - org.jetbrains.skia.impl.Managed::close@83 (line 18)
  0x00000250ba8af698: e4f3 0006 

  0x00000250ba8af69c: ;   {other}
  0x00000250ba8af69c: 0f1f 8400 | 0c11 000b | 488b 9424 | 8800 0000 

  0x00000250ba8af6ac: ;   {metadata(method data for {method} {0x00000250d4f8daf0} 'close' '()V' in 'org/jetbrains/skia/impl/Managed')}
  0x00000250ba8af6ac: 49b8 b8c9 | a3d7 5002 | 0000 4983 | 8020 0400 | 0001 488b | 9424 8800 | 0000 4c8b | 4210 488b 
  0x00000250ba8af6cc: 8424 9800 

  0x00000250ba8af6d0: ;   {metadata(method data for {method} {0x00000250d4f8daf0} 'close' '()V' in 'org/jetbrains/skia/impl/Managed')}
  0x00000250ba8af6d0: 0000 48ba | b8c9 a3d7 | 5002 0000 | 4883 8258 | 0400 0001 

  0x00000250ba8af6e4: ;   {metadata(method data for {method} {0x00000250d40c02c8} 'append' '(J)Ljava/lang/StringBuilder;' in 'java/lang/StringBuilder')}
  0x00000250ba8af6e4: 48ba 3099 | 9bd5 5002 | 0000 8bb2 | cc00 0000 | 83c6 0289 | b2cc 0000 | 0081 e6fe | ff1f 0085 
  0x00000250ba8af704: f60f 847b | 0700 0048 | 8b84 2498 

  0x00000250ba8af710: ;   {metadata(method data for {method} {0x00000250d40c02c8} 'append' '(J)Ljava/lang/StringBuilder;' in 'java/lang/StringBuilder')}
  0x00000250ba8af710: 0000 0048 | ba30 999b | d550 0200 | 0048 8382 | 1001 0000 | 0148 8b94 | 2498 0000 

  0x00000250ba8af72c: ;   {optimized virtual_call}
  0x00000250ba8af72c: 0066 90e8 

  0x00000250ba8af730: ; ImmutableOopMap {[152]=Oop [160]=Oop }
                      ;*invokespecial append {reexecute=0 rethrow=0 return_oop=0}
                      ; - java.lang.StringBuilder::append@2
                      ; - org.jetbrains.skia.impl.Managed::close@90 (line 18)
  0x00000250ba8af730: 4cf3 0006 

  0x00000250ba8af734: ;   {other}
  0x00000250ba8af734: 0f1f 8400 | a411 000c | 488b 8424 | 9800 0000 

  0x00000250ba8af744: ;   {metadata(method data for {method} {0x00000250d4f8daf0} 'close' '()V' in 'org/jetbrains/skia/impl/Managed')}
  0x00000250ba8af744: 48ba b8c9 | a3d7 5002 | 0000 4883 | 8290 0400 

  0x00000250ba8af754: ;   {metadata(method data for {method} {0x00000250d40c12c8} 'toString' '()Ljava/lang/String;' in 'java/lang/StringBuilder')}
  0x00000250ba8af754: 0001 48ba | 984b 2dd4 | 5002 0000 | 8bb2 cc00 | 0000 83c6 | 0289 b2cc | 0000 0081 | e6fe ff1f 
  0x00000250ba8af774: 0085 f60f | 842a 0700 

  0x00000250ba8af77c: ;   {metadata('java/lang/String')}
  0x00000250ba8af77c: 0048 bac0 | 1d04 0008 | 0000 0049 | 8b87 b801 | 0000 488d | 7818 493b | bfc8 0100 | 000f 8729 
  0x00000250ba8af79c: 0700 0049 | 89bf b801 | 0000 48c7 | 0001 0000 | 0048 8bca | 49ba 0000 | 0000 0800 | 0000 492b 
  0x00000250ba8af7bc: ca89 4808 | 4833 c989 | 480c 4833 | c948 8948 | 104c 8bc0 

  0x00000250ba8af7d0: ;   {metadata(method data for {method} {0x00000250d40c12c8} 'toString' '()Ljava/lang/String;' in 'java/lang/StringBuilder')}
  0x00000250ba8af7d0: 49b9 984b | 2dd4 5002 | 0000 4983 | 8110 0100 

  0x00000250ba8af7e0: ;   {metadata(method data for {method} {0x00000250d4009570} '<init>' '(Ljava/lang/StringBuilder;)V' in 'java/lang/String')}
  0x00000250ba8af7e0: 0001 49b8 | e04c 2dd4 | 5002 0000 | 458b 88cc | 0000 0041 | 83c1 0245 | 8988 cc00 | 0000 4181 
  0x00000250ba8af800: e1fe ff1f | 0045 85c9 | 0f84 c706 | 0000 4c8b 

  0x00000250ba8af810: ;   {metadata(method data for {method} {0x00000250d4009570} '<init>' '(Ljava/lang/StringBuilder;)V' in 'java/lang/String')}
  0x00000250ba8af810: c049 b9e0 | 4c2d d450 | 0200 0049 | 8381 1001 | 0000 014c | 8b84 2498 

  0x00000250ba8af828: ;   {oop(nullptr)}
  0x00000250ba8af828: 0000 0049 | b900 0000 | 0000 0000 | 0048 8bd0 | 4889 8424 | b800 0000 | 0f1f 8000 

  0x00000250ba8af844: ;   {optimized virtual_call}
  0x00000250ba8af844: 0000 00e8 

  0x00000250ba8af848: ; ImmutableOopMap {[160]=Oop [184]=Oop }
                      ;*invokespecial <init> {reexecute=0 rethrow=0 return_oop=0}
                      ; - java.lang.String::<init>@3
                      ; - java.lang.StringBuilder::toString@5
                      ; - org.jetbrains.skia.impl.Managed::close@93 (line 18)
  0x00000250ba8af848: 34f2 0006 

  0x00000250ba8af84c: ;   {other}
  0x00000250ba8af84c: 0f1f 8400 | bc12 000d | 488b 8424 | a000 0000 

  0x00000250ba8af85c: ;   {metadata(method data for {method} {0x00000250d4f8daf0} 'close' '()V' in 'org/jetbrains/skia/impl/Managed')}
  0x00000250ba8af85c: 49b8 b8c9 | a3d7 5002 | 0000 4983 | 80c8 0400 | 0001 4c8b | 8424 b800 | 0000 488b | 9424 a000 
  0x00000250ba8af87c: ;   {optimized virtual_call}
  0x00000250ba8af87c: 0000 90e8 

  0x00000250ba8af880: ; ImmutableOopMap {[160]=Oop }
                      ;*invokespecial <init> {reexecute=0 rethrow=0 return_oop=0}
                      ; - org.jetbrains.skia.impl.Managed::close@96 (line 18)
  0x00000250ba8af880: fcf1 0006 

  0x00000250ba8af884: ;   {other}
  0x00000250ba8af884: 0f1f 8400 | f412 000e | 488b 8424 | a000 0000 | e92c 0700 | 0048 8b84 | 2480 0000 

  0x00000250ba8af8a0: ;   {metadata(method data for {method} {0x00000250d40bfc80} 'append' '(Ljava/lang/Object;)Ljava/lang/StringBuilder;' in 'java/lang/StringBuilder')}
  0x00000250ba8af8a0: 0049 b8f8 | 3193 d450 | 0200 0049 | 8380 2001 

  0x00000250ba8af8b0: ;   {metadata(method data for {method} {0x00000250d40bfd20} 'append' '(Ljava/lang/String;)Ljava/lang/StringBuilder;' in 'java/lang/StringBuilder')}
  0x00000250ba8af8b0: 0000 0149 | b870 442d | d450 0200 | 0041 8bb8 | cc00 0000 | 83c7 0241 | 89b8 cc00 | 0000 81e7 
  0x00000250ba8af8d0: feff 1f00 | 85ff 0f84 | 1a06 0000 | 488b 8424 | 8000 0000 

  0x00000250ba8af8e4: ;   {metadata(method data for {method} {0x00000250d40bfd20} 'append' '(Ljava/lang/String;)Ljava/lang/StringBuilder;' in 'java/lang/StringBuilder')}
  0x00000250ba8af8e4: 49b8 7044 | 2dd4 5002 | 0000 4983 | 8010 0100 | 0001 4c8b | c648 8b94 | 2480 0000 | 0066 0f1f 
  0x00000250ba8af904: ;   {optimized virtual_call}
  0x00000250ba8af904: 4400 00e8 

  0x00000250ba8af908: ; ImmutableOopMap {[128]=Oop [136]=Oop [144]=Oop }
                      ;*invokespecial append {reexecute=0 rethrow=0 return_oop=0}
                      ; - java.lang.StringBuilder::append@2
                      ; - java.lang.StringBuilder::append@5
                      ; - org.jetbrains.skia.impl.Managed::close@29 (line 16)
  0x00000250ba8af908: 74f1 0006 

  0x00000250ba8af90c: ;   {other}
  0x00000250ba8af90c: 0f1f 8400 | 7c13 000f | 488b 8424 | 8000 0000 

  0x00000250ba8af91c: ;   {metadata(method data for {method} {0x00000250d4f8daf0} 'close' '()V' in 'org/jetbrains/skia/impl/Managed')}
  0x00000250ba8af91c: 4c8b c048 | bfb8 c9a3 | d750 0200 | 0048 8387 | 2002 0000 

  0x00000250ba8af930: ;   {metadata(method data for {method} {0x00000250d40bfd20} 'append' '(Ljava/lang/String;)Ljava/lang/StringBuilder;' in 'java/lang/StringBuilder')}
  0x00000250ba8af930: 0149 b870 | 442d d450 | 0200 0041 | 8bb8 cc00 | 0000 83c7 | 0241 89b8 | cc00 0000 | 81e7 feff 
  0x00000250ba8af950: 1f00 85ff | 0f84 bd05 | 0000 4c8b 

  0x00000250ba8af95c: ;   {metadata(method data for {method} {0x00000250d40bfd20} 'append' '(Ljava/lang/String;)Ljava/lang/StringBuilder;' in 'java/lang/StringBuilder')}
  0x00000250ba8af95c: c048 bf70 | 442d d450 | 0200 0048 | 8387 1001 

  0x00000250ba8af96c: ;   {oop(", _ptr="{0x000000068d9a2370})}
  0x00000250ba8af96c: 0000 0149 | b870 239a | 8d06 0000 | 0048 8bd0 

  0x00000250ba8af97c: ;   {optimized virtual_call}
  0x00000250ba8af97c: 6666 90e8 

  0x00000250ba8af980: ; ImmutableOopMap {[128]=Oop [136]=Oop [144]=Oop }
                      ;*invokespecial append {reexecute=0 rethrow=0 return_oop=0}
                      ; - java.lang.StringBuilder::append@2
                      ; - org.jetbrains.skia.impl.Managed::close@34 (line 16)
  0x00000250ba8af980: fcf0 0006 

  0x00000250ba8af984: ;   {other}
  0x00000250ba8af984: 0f1f 8400 | f413 0010 | 488b 9424 | 8800 0000 

  0x00000250ba8af994: ;   {metadata(method data for {method} {0x00000250d4f8daf0} 'close' '()V' in 'org/jetbrains/skia/impl/Managed')}
  0x00000250ba8af994: 49b8 b8c9 | a3d7 5002 | 0000 4983 | 8058 0200 | 0001 488b | 9424 8800 | 0000 4c8b | 4210 488b 
  0x00000250ba8af9b4: 8424 8000 

  0x00000250ba8af9b8: ;   {metadata(method data for {method} {0x00000250d4f8daf0} 'close' '()V' in 'org/jetbrains/skia/impl/Managed')}
  0x00000250ba8af9b8: 0000 48ba | b8c9 a3d7 | 5002 0000 | 4883 8290 | 0200 0001 

  0x00000250ba8af9cc: ;   {metadata(method data for {method} {0x00000250d40c02c8} 'append' '(J)Ljava/lang/StringBuilder;' in 'java/lang/StringBuilder')}
  0x00000250ba8af9cc: 48ba 3099 | 9bd5 5002 | 0000 8bb2 | cc00 0000 | 83c6 0289 | b2cc 0000 | 0081 e6fe | ff1f 0085 
  0x00000250ba8af9ec: f60f 8445 | 0500 0048 | 8b84 2480 

  0x00000250ba8af9f8: ;   {metadata(method data for {method} {0x00000250d40c02c8} 'append' '(J)Ljava/lang/StringBuilder;' in 'java/lang/StringBuilder')}
  0x00000250ba8af9f8: 0000 0048 | ba30 999b | d550 0200 | 0048 8382 | 1001 0000 | 0148 8b94 | 2480 0000 

  0x00000250ba8afa14: ;   {optimized virtual_call}
  0x00000250ba8afa14: 0066 90e8 

  0x00000250ba8afa18: ; ImmutableOopMap {[128]=Oop [144]=Oop }
                      ;*invokespecial append {reexecute=0 rethrow=0 return_oop=0}
                      ; - java.lang.StringBuilder::append@2
                      ; - org.jetbrains.skia.impl.Managed::close@41 (line 16)
  0x00000250ba8afa18: 64f0 0006 

  0x00000250ba8afa1c: ;   {other}
  0x00000250ba8afa1c: 0f1f 8400 | 8c14 0011 | 488b 8424 | 8000 0000 

  0x00000250ba8afa2c: ;   {metadata(method data for {method} {0x00000250d4f8daf0} 'close' '()V' in 'org/jetbrains/skia/impl/Managed')}
  0x00000250ba8afa2c: 48ba b8c9 | a3d7 5002 | 0000 4883 | 82c8 0200 

  0x00000250ba8afa3c: ;   {metadata(method data for {method} {0x00000250d40c12c8} 'toString' '()Ljava/lang/String;' in 'java/lang/StringBuilder')}
  0x00000250ba8afa3c: 0001 48ba | 984b 2dd4 | 5002 0000 | 8bb2 cc00 | 0000 83c6 | 0289 b2cc | 0000 0081 | e6fe ff1f 
  0x00000250ba8afa5c: 0085 f60f | 84f4 0400 

  0x00000250ba8afa64: ;   {metadata('java/lang/String')}
  0x00000250ba8afa64: 0048 bac0 | 1d04 0008 | 0000 0049 | 8b87 b801 | 0000 488d | 7818 493b | bfc8 0100 | 000f 87f3 
  0x00000250ba8afa84: 0400 0049 | 89bf b801 | 0000 48c7 | 0001 0000 | 0048 8bca | 49ba 0000 | 0000 0800 | 0000 492b 
  0x00000250ba8afaa4: ca89 4808 | 4833 c989 | 480c 4833 | c948 8948 | 104c 8bc0 

  0x00000250ba8afab8: ;   {metadata(method data for {method} {0x00000250d40c12c8} 'toString' '()Ljava/lang/String;' in 'java/lang/StringBuilder')}
  0x00000250ba8afab8: 49b9 984b | 2dd4 5002 | 0000 4983 | 8110 0100 

  0x00000250ba8afac8: ;   {metadata(method data for {method} {0x00000250d4009570} '<init>' '(Ljava/lang/StringBuilder;)V' in 'java/lang/String')}
  0x00000250ba8afac8: 0001 49b8 | e04c 2dd4 | 5002 0000 | 458b 88cc | 0000 0041 | 83c1 0245 | 8988 cc00 | 0000 4181 
  0x00000250ba8afae8: e1fe ff1f | 0045 85c9 | 0f84 9104 | 0000 4c8b 

  0x00000250ba8afaf8: ;   {metadata(method data for {method} {0x00000250d4009570} '<init>' '(Ljava/lang/StringBuilder;)V' in 'java/lang/String')}
  0x00000250ba8afaf8: c049 b9e0 | 4c2d d450 | 0200 0049 | 8381 1001 | 0000 014c | 8b84 2480 

  0x00000250ba8afb10: ;   {oop(nullptr)}
  0x00000250ba8afb10: 0000 0049 | b900 0000 | 0000 0000 | 0048 8bd0 | 4889 8424 | c000 0000 | 0f1f 8000 

  0x00000250ba8afb2c: ;   {optimized virtual_call}
  0x00000250ba8afb2c: 0000 00e8 

  0x00000250ba8afb30: ; ImmutableOopMap {[144]=Oop [192]=Oop }
                      ;*invokespecial <init> {reexecute=0 rethrow=0 return_oop=0}
                      ; - java.lang.String::<init>@3
                      ; - java.lang.StringBuilder::toString@5
                      ; - org.jetbrains.skia.impl.Managed::close@44 (line 16)
  0x00000250ba8afb30: 4cef 0006 

  0x00000250ba8afb34: ;   {other}
  0x00000250ba8afb34: 0f1f 8400 | a415 0012 | 488b 8424 | 9000 0000 

  0x00000250ba8afb44: ;   {metadata(method data for {method} {0x00000250d4f8daf0} 'close' '()V' in 'org/jetbrains/skia/impl/Managed')}
  0x00000250ba8afb44: 49b8 b8c9 | a3d7 5002 | 0000 4983 | 8000 0300 | 0001 4c8b | 8424 c000 | 0000 488b | 9424 9000 
  0x00000250ba8afb64: ;   {optimized virtual_call}
  0x00000250ba8afb64: 0000 90e8 

  0x00000250ba8afb68: ; ImmutableOopMap {[144]=Oop }
                      ;*invokespecial <init> {reexecute=0 rethrow=0 return_oop=0}
                      ; - org.jetbrains.skia.impl.Managed::close@47 (line 16)
  0x00000250ba8afb68: 14ef 0006 

  0x00000250ba8afb6c: ;   {other}
  0x00000250ba8afb6c: 0f1f 8400 | dc15 0013 | 488b 8424 | 9000 0000 | e944 0400 

  0x00000250ba8afb80: ;   {metadata({method} {0x00000250d4f8daf0} 'close' '()V' in 'org/jetbrains/skia/impl/Managed')}
  0x00000250ba8afb80: 0049 bae8 | daf8 d450 | 0200 004c | 8954 2408 | 48c7 0424 | ffff ffff 

  0x00000250ba8afb98: ;   {runtime_call counter_overflow Runtime1 stub}
  0x00000250ba8afb98: e863 ea0c 

  0x00000250ba8afb9c: ; ImmutableOopMap {rdx=Oop [136]=Oop }
                      ;*synchronization entry
                      ; - org.jetbrains.skia.impl.Managed::close@-1 (line 15)
  0x00000250ba8afb9c: 06e9 4cee 

  0x00000250ba8afba0: ;   {metadata(nullptr)}
  0x00000250ba8afba0: ffff 48ba | 0000 0000 | 0000 0000 | b800 0f05 

  0x00000250ba8afbb0: ;   {runtime_call load_klass_patching Runtime1 stub}
  0x00000250ba8afbb0: 0ae8 cad9 

  0x00000250ba8afbb4: ; ImmutableOopMap {[136]=Oop }
                      ;*new {reexecute=1 rethrow=0 return_oop=0}
                      ; - (reexecute) org.jetbrains.skia.impl.Managed::close@9 (line 16)
  0x00000250ba8afbb4: 0c06 e985 | eeff ff48 

  0x00000250ba8afbbc: ;   {runtime_call fast_new_instance Runtime1 stub}
  0x00000250ba8afbbc: 8bd2 e83d 

  0x00000250ba8afbc0: ; ImmutableOopMap {[136]=Oop }
                      ;*new {reexecute=0 rethrow=0 return_oop=0}
                      ; - org.jetbrains.skia.impl.Managed::close@9 (line 16)
  0x00000250ba8afbc0: a20c 06e9 | d0ee ffff 

  0x00000250ba8afbc8: ;   {metadata(nullptr)}
  0x00000250ba8afbc8: 48ba 0000 | 0000 0000 | 0000 b800 

  0x00000250ba8afbd4: ;   {runtime_call load_klass_patching Runtime1 stub}
  0x00000250ba8afbd4: 0f05 0ae8 

  0x00000250ba8afbd8: ; ImmutableOopMap {rax=Oop [136]=Oop [144]=Oop }
                      ;*new {reexecute=1 rethrow=0 return_oop=0}
                      ; - (reexecute) org.jetbrains.skia.impl.Managed::close@13 (line 16)
  0x00000250ba8afbd8: a4d9 0c06 | e9bf eeff | ff48 8bd2 

  0x00000250ba8afbe4: ;   {runtime_call fast_new_instance Runtime1 stub}
  0x00000250ba8afbe4: e817 a20c 

  0x00000250ba8afbe8: ; ImmutableOopMap {[136]=Oop [144]=Oop }
                      ;*new {reexecute=0 rethrow=0 return_oop=0}
                      ; - org.jetbrains.skia.impl.Managed::close@13 (line 16)
  0x00000250ba8afbe8: 06e9 02ef 

  0x00000250ba8afbec: ;   {metadata({method} {0x00000250d40bf940} '<init>' '()V' in 'java/lang/StringBuilder')}
  0x00000250ba8afbec: ffff 49ba | 38f9 0bd4 | 5002 0000 | 4c89 5424 | 0848 c704 | 24ff ffff 

  0x00000250ba8afc04: ;   {runtime_call counter_overflow Runtime1 stub}
  0x00000250ba8afc04: ffe8 f6e9 

  0x00000250ba8afc08: ; ImmutableOopMap {rax=Oop [128]=Oop [136]=Oop [144]=Oop }
                      ;*synchronization entry
                      ; - java.lang.StringBuilder::<init>@-1
                      ; - org.jetbrains.skia.impl.Managed::close@17 (line 16)
  0x00000250ba8afc08: 0c06 e927 

  0x00000250ba8afc0c: ;   {metadata({method} {0x00000250d40bfd20} 'append' '(Ljava/lang/String;)Ljava/lang/StringBuilder;' in 'java/lang/StringBuilder')}
  0x00000250ba8afc0c: efff ff49 | ba18 fd0b | d450 0200 | 004c 8954 | 2408 48c7 | 0424 ffff 

  0x00000250ba8afc24: ;   {runtime_call counter_overflow Runtime1 stub}
  0x00000250ba8afc24: ffff e8d5 

  0x00000250ba8afc28: ; ImmutableOopMap {[128]=Oop [136]=Oop [144]=Oop }
                      ;*synchronization entry
                      ; - java.lang.StringBuilder::append@-1
                      ; - org.jetbrains.skia.impl.Managed::close@22 (line 16)
  0x00000250ba8afc28: e90c 06e9 | 77ef ffff 

  0x00000250ba8afc30: ;   {metadata({method} {0x00000250d40bfc80} 'append' '(Ljava/lang/Object;)Ljava/lang/StringBuilder;' in 'java/lang/StringBuilder')}
  0x00000250ba8afc30: 49ba 78fc | 0bd4 5002 | 0000 4c89 | 5424 0848 | c704 24ff 

  0x00000250ba8afc44: ;   {runtime_call counter_overflow Runtime1 stub}
  0x00000250ba8afc44: ffff ffe8 

  0x00000250ba8afc48: ; ImmutableOopMap {rdx=Oop rsi=Oop [128]=Oop [136]=Oop [144]=Oop }
                      ;*synchronization entry
                      ; - java.lang.StringBuilder::append@-1
                      ; - org.jetbrains.skia.impl.Managed::close@29 (line 16)
  0x00000250ba8afc48: b4e9 0c06 | e90d f0ff 

  0x00000250ba8afc50: ;   {metadata({method} {0x00000250d400da48} 'valueOf' '(Ljava/lang/Object;)Ljava/lang/String;' in 'java/lang/String')}
  0x00000250ba8afc50: ff49 ba40 | da00 d450 | 0200 004c | 8954 2408 | 48c7 0424 | ffff ffff 

  0x00000250ba8afc68: ;   {runtime_call counter_overflow Runtime1 stub}
  0x00000250ba8afc68: e893 e90c 

  0x00000250ba8afc6c: ; ImmutableOopMap {rdx=Oop rsi=Oop [128]=Oop [136]=Oop [144]=Oop }
                      ;*synchronization entry
                      ; - java.lang.String::valueOf@-1
                      ; - java.lang.StringBuilder::append@2
                      ; - org.jetbrains.skia.impl.Managed::close@29 (line 16)
  0x00000250ba8afc6c: 06e9 25f0 

  0x00000250ba8afc70: ;   {runtime_call throw_null_pointer_exception Runtime1 stub}
  0x00000250ba8afc70: ffff e889 

  0x00000250ba8afc74: ; ImmutableOopMap {rsi=Oop [128]=Oop [136]=Oop [144]=Oop }
                      ;*invokevirtual toString {reexecute=0 rethrow=0 return_oop=0}
                      ; - java.lang.String::valueOf@11
                      ; - java.lang.StringBuilder::append@2
                      ; - org.jetbrains.skia.impl.Managed::close@29 (line 16)
                      ;   {metadata(nullptr)}
  0x00000250ba8afc74: 980c 0648 | ba00 0000 | 0000 0000 | 00b8 000f 

  0x00000250ba8afc84: ;   {runtime_call load_klass_patching Runtime1 stub}
  0x00000250ba8afc84: 050a e8f5 

  0x00000250ba8afc88: ; ImmutableOopMap {[136]=Oop }
                      ;*new {reexecute=1 rethrow=0 return_oop=0}
                      ; - (reexecute) org.jetbrains.skia.impl.Managed::close@58 (line 18)
  0x00000250ba8afc88: d80c 06e9 | 58f1 ffff 

  0x00000250ba8afc90: ;   {runtime_call fast_new_instance Runtime1 stub}
  0x00000250ba8afc90: 488b d2e8 

  0x00000250ba8afc94: ; ImmutableOopMap {[136]=Oop }
                      ;*new {reexecute=0 rethrow=0 return_oop=0}
                      ; - org.jetbrains.skia.impl.Managed::close@58 (line 18)
  0x00000250ba8afc94: 68a1 0c06 | e9a3 f1ff 

  0x00000250ba8afc9c: ;   {metadata(nullptr)}
  0x00000250ba8afc9c: ff48 ba00 | 0000 0000 | 0000 00b8 | 000f 050a 

  0x00000250ba8afcac: ;   {runtime_call load_klass_patching Runtime1 stub}
  0x00000250ba8afcac: e8cf d80c 

  0x00000250ba8afcb0: ; ImmutableOopMap {rax=Oop [136]=Oop [160]=Oop }
                      ;*new {reexecute=1 rethrow=0 return_oop=0}
                      ; - (reexecute) org.jetbrains.skia.impl.Managed::close@62 (line 18)
  0x00000250ba8afcb0: 06e9 92f1 | ffff 488b 

  0x00000250ba8afcb8: ;   {runtime_call fast_new_instance Runtime1 stub}
  0x00000250ba8afcb8: d2e8 42a1 

  0x00000250ba8afcbc: ; ImmutableOopMap {[136]=Oop [160]=Oop }
                      ;*new {reexecute=0 rethrow=0 return_oop=0}
                      ; - org.jetbrains.skia.impl.Managed::close@62 (line 18)
  0x00000250ba8afcbc: 0c06 e9d5 

  0x00000250ba8afcc0: ;   {metadata({method} {0x00000250d40bf940} '<init>' '()V' in 'java/lang/StringBuilder')}
  0x00000250ba8afcc0: f1ff ff49 | ba38 f90b | d450 0200 | 004c 8954 | 2408 48c7 | 0424 ffff 

  0x00000250ba8afcd8: ;   {runtime_call counter_overflow Runtime1 stub}
  0x00000250ba8afcd8: ffff e821 

  0x00000250ba8afcdc: ; ImmutableOopMap {rax=Oop [136]=Oop [152]=Oop [160]=Oop }
                      ;*synchronization entry
                      ; - java.lang.StringBuilder::<init>@-1
                      ; - org.jetbrains.skia.impl.Managed::close@66 (line 18)
  0x00000250ba8afcdc: e90c 06e9 | faf1 ffff 

  0x00000250ba8afce4: ;   {metadata({method} {0x00000250d40bfd20} 'append' '(Ljava/lang/String;)Ljava/lang/StringBuilder;' in 'java/lang/StringBuilder')}
  0x00000250ba8afce4: 49ba 18fd | 0bd4 5002 | 0000 4c89 | 5424 0848 | c704 24ff 

  0x00000250ba8afcf8: ;   {runtime_call counter_overflow Runtime1 stub}
  0x00000250ba8afcf8: ffff ffe8 

  0x00000250ba8afcfc: ; ImmutableOopMap {[136]=Oop [152]=Oop [160]=Oop }
                      ;*synchronization entry
                      ; - java.lang.StringBuilder::append@-1
                      ; - org.jetbrains.skia.impl.Managed::close@71 (line 18)
  0x00000250ba8afcfc: 00e9 0c06 | e94a f2ff 

  0x00000250ba8afd04: ;   {metadata({method} {0x00000250d40bfc80} 'append' '(Ljava/lang/Object;)Ljava/lang/StringBuilder;' in 'java/lang/StringBuilder')}
  0x00000250ba8afd04: ff49 ba78 | fc0b d450 | 0200 004c | 8954 2408 | 48c7 0424 | ffff ffff 

  0x00000250ba8afd1c: ;   {runtime_call counter_overflow Runtime1 stub}
  0x00000250ba8afd1c: e8df e80c 

  0x00000250ba8afd20: ; ImmutableOopMap {rdx=Oop rsi=Oop [136]=Oop [152]=Oop [160]=Oop }
                      ;*synchronization entry
                      ; - java.lang.StringBuilder::append@-1
                      ; - org.jetbrains.skia.impl.Managed::close@78 (line 18)
  0x00000250ba8afd20: 06e9 e0f2 

  0x00000250ba8afd24: ;   {metadata({method} {0x00000250d400da48} 'valueOf' '(Ljava/lang/Object;)Ljava/lang/String;' in 'java/lang/String')}
  0x00000250ba8afd24: ffff 49ba | 40da 00d4 | 5002 0000 | 4c89 5424 | 0848 c704 | 24ff ffff 

  0x00000250ba8afd3c: ;   {runtime_call counter_overflow Runtime1 stub}
  0x00000250ba8afd3c: ffe8 bee8 

  0x00000250ba8afd40: ; ImmutableOopMap {rdx=Oop rsi=Oop [136]=Oop [152]=Oop [160]=Oop }
                      ;*synchronization entry
                      ; - java.lang.String::valueOf@-1
                      ; - java.lang.StringBuilder::append@2
                      ; - org.jetbrains.skia.impl.Managed::close@78 (line 18)
  0x00000250ba8afd40: 0c06 e9f8 

  0x00000250ba8afd44: ;   {runtime_call throw_null_pointer_exception Runtime1 stub}
  0x00000250ba8afd44: f2ff ffe8 

  0x00000250ba8afd48: ; ImmutableOopMap {rsi=Oop [136]=Oop [152]=Oop [160]=Oop }
                      ;*invokevirtual toString {reexecute=0 rethrow=0 return_oop=0}
                      ; - java.lang.String::valueOf@11
                      ; - java.lang.StringBuilder::append@2
                      ; - org.jetbrains.skia.impl.Managed::close@78 (line 18)
  0x00000250ba8afd48: b497 0c06 

  0x00000250ba8afd4c: ;   {metadata({method} {0x00000250d452bf78} 'checkNotNull' '(Ljava/lang/Object;)V' in 'kotlin/jvm/internal/Intrinsics')}
  0x00000250ba8afd4c: 49ba 70bf | 52d4 5002 | 0000 4c89 | 5424 0848 | c704 24ff 

  0x00000250ba8afd60: ;   {runtime_call counter_overflow Runtime1 stub}
  0x00000250ba8afd60: ffff ffe8 

  0x00000250ba8afd64: ; ImmutableOopMap {rbx=Oop [136]=Oop [168]=Oop }
                      ;*synchronization entry
                      ; - kotlin.jvm.internal.Intrinsics::checkNotNull@-1 (line 24)
                      ; - org.jetbrains.skia.impl.Managed::close@105 (line 20)
  0x00000250ba8afd64: 98e8 0c06 | e918 f4ff 

  0x00000250ba8afd6c: ;   {metadata({method} {0x00000250d452c260} 'throwJavaNpe' '()V' in 'kotlin/jvm/internal/Intrinsics')}
  0x00000250ba8afd6c: ff49 ba58 | c252 d450 | 0200 004c | 8954 2408 | 48c7 0424 | ffff ffff 

  0x00000250ba8afd84: ;   {runtime_call counter_overflow Runtime1 stub}
  0x00000250ba8afd84: e877 e80c 

  0x00000250ba8afd88: ; ImmutableOopMap {[136]=Oop [168]=Oop }
                      ;*synchronization entry
                      ; - kotlin.jvm.internal.Intrinsics::throwJavaNpe@-1 (line 45)
                      ; - kotlin.jvm.internal.Intrinsics::checkNotNull@4 (line 25)
                      ; - org.jetbrains.skia.impl.Managed::close@105 (line 20)
  0x00000250ba8afd88: 06e9 5ff4 

  0x00000250ba8afd8c: ;   {metadata(nullptr)}
  0x00000250ba8afd8c: ffff 48ba | 0000 0000 | 0000 0000 | b800 0f05 

  0x00000250ba8afd9c: ;   {runtime_call load_klass_patching Runtime1 stub}
  0x00000250ba8afd9c: 0ae8 ded7 

  0x00000250ba8afda0: ; ImmutableOopMap {[136]=Oop [168]=Oop }
                      ;*new {reexecute=1 rethrow=0 return_oop=0}
                      ; - (reexecute) kotlin.jvm.internal.Intrinsics::throwJavaNpe@0 (line 45)
                      ; - kotlin.jvm.internal.Intrinsics::checkNotNull@4 (line 25)
                      ; - org.jetbrains.skia.impl.Managed::close@105 (line 20)
  0x00000250ba8afda0: 0c06 e949 | f4ff ff48 

  0x00000250ba8afda8: ;   {runtime_call fast_new_instance Runtime1 stub}
  0x00000250ba8afda8: 8bd2 e851 

  0x00000250ba8afdac: ; ImmutableOopMap {[136]=Oop [168]=Oop }
                      ;*new {reexecute=0 rethrow=0 return_oop=0}
                      ; - kotlin.jvm.internal.Intrinsics::throwJavaNpe@0 (line 45)
                      ; - kotlin.jvm.internal.Intrinsics::checkNotNull@4 (line 25)
                      ; - org.jetbrains.skia.impl.Managed::close@105 (line 20)
  0x00000250ba8afdac: a00c 06e9 | 98f4 ffff 

  0x00000250ba8afdb4: ;   {metadata({method} {0x00000250d452e1b8} 'sanitizeStackTrace' '(Ljava/lang/Throwable;)Ljava/lang/Throwable;' in 'kotlin/jvm/internal/Intrinsics')}
  0x00000250ba8afdb4: 49ba b0e1 | 52d4 5002 | 0000 4c89 | 5424 0848 | c704 24ff 

  0x00000250ba8afdc8: ;   {runtime_call counter_overflow Runtime1 stub}
  0x00000250ba8afdc8: ffff ffe8 

  0x00000250ba8afdcc: ; ImmutableOopMap {[136]=Oop [168]=Oop [176]=Oop }
                      ;*synchronization entry
                      ; - kotlin.jvm.internal.Intrinsics::sanitizeStackTrace@-1 (line 253)
                      ; - kotlin.jvm.internal.Intrinsics::throwJavaNpe@7 (line 45)
                      ; - kotlin.jvm.internal.Intrinsics::checkNotNull@4 (line 25)
                      ; - org.jetbrains.skia.impl.Managed::close@105 (line 20)
  0x00000250ba8afdcc: 30e8 0c06 | e9e0 f4ff 

  0x00000250ba8afdd4: ;   {metadata({method} {0x00000250d40164f0} 'getName' '()Ljava/lang/String;' in 'java/lang/Class')}
  0x00000250ba8afdd4: ff49 bae8 | 6401 d450 | 0200 004c | 8954 2408 | 48c7 0424 | ffff ffff 

  0x00000250ba8afdec: ;   {runtime_call counter_overflow Runtime1 stub}
  0x00000250ba8afdec: e80f e80c 

  0x00000250ba8afdf0: ; ImmutableOopMap {rdx=Oop [136]=Oop [168]=Oop [176]=Oop }
                      ;*synchronization entry
                      ; - java.lang.Class::getName@-1
                      ; - kotlin.jvm.internal.Intrinsics::sanitizeStackTrace@3 (line 253)
                      ; - kotlin.jvm.internal.Intrinsics::throwJavaNpe@7 (line 45)
                      ; - kotlin.jvm.internal.Intrinsics::checkNotNull@4 (line 25)
                      ; - org.jetbrains.skia.impl.Managed::close@105 (line 20)
  0x00000250ba8afdf0: 06e9 05f5 

  0x00000250ba8afdf4: ;   {runtime_call throw_null_pointer_exception Runtime1 stub}
  0x00000250ba8afdf4: ffff e805 

  0x00000250ba8afdf8: ; ImmutableOopMap {[136]=Oop [168]=Oop [176]=Oop }
                      ;*getfield name {reexecute=1 rethrow=0 return_oop=0}
                      ; - (reexecute) java.lang.Class::getName@1
                      ; - kotlin.jvm.internal.Intrinsics::sanitizeStackTrace@3 (line 253)
                      ; - kotlin.jvm.internal.Intrinsics::throwJavaNpe@7 (line 45)
                      ; - kotlin.jvm.internal.Intrinsics::checkNotNull@4 (line 25)
                      ; - org.jetbrains.skia.impl.Managed::close@105 (line 20)
                      ;   {runtime_call throw_null_pointer_exception Runtime1 stub}
  0x00000250ba8afdf8: 970c 06e8 

  0x00000250ba8afdfc: ; ImmutableOopMap {rbx=Oop [136]=Oop [168]=Oop }
                      ;*invokeinterface clean {reexecute=0 rethrow=0 return_oop=0}
                      ; - org.jetbrains.skia.impl.Managed::close@108 (line 20)
  0x00000250ba8afdfc: 0097 0c06 | 448b 420c | 49c1 e003 | 4983 f800 | 0f84 3ff6 | ffff 4c89 

  0x00000250ba8afe14: ;   {runtime_call g1_pre_barrier_slow}
  0x00000250ba8afe14: 0424 e8e5 | ed0c 06e9 | 31f6 ffff 

  0x00000250ba8afe20: ;   {internal_word}
  0x00000250ba8afe20: 49ba 87f4 | 8aba 5002 | 0000 4d89 | 9768 0400 

  0x00000250ba8afe30: ;   {runtime_call SafepointBlob}
  0x00000250ba8afe30: 00e9 4a56 | 0106 4889 

  0x00000250ba8afe38: ;   {runtime_call throw_class_cast_exception Runtime1 stub}
  0x00000250ba8afe38: 0424 e8c1 

  0x00000250ba8afe3c: ; ImmutableOopMap {rbx=Oop [136]=Oop [168]=Oop }
                      ;*checkcast {reexecute=0 rethrow=0 return_oop=0}
                      ; - kotlin.jvm.internal.Intrinsics::throwJavaNpe@10 (line 45)
                      ; - kotlin.jvm.internal.Intrinsics::checkNotNull@4 (line 25)
                      ; - org.jetbrains.skia.impl.Managed::close@105 (line 20)
                      ;   {runtime_call throw_null_pointer_exception Runtime1 stub}
  0x00000250ba8afe3c: ba0c 06e8 

  0x00000250ba8afe40: ; ImmutableOopMap {rbx=Oop rax=Oop [136]=Oop [168]=Oop }
                      ;*athrow {reexecute=1 rethrow=0 return_oop=0}
                      ; - (reexecute) kotlin.jvm.internal.Intrinsics::throwJavaNpe@13 (line 45)
                      ; - kotlin.jvm.internal.Intrinsics::checkNotNull@4 (line 25)
                      ; - org.jetbrains.skia.impl.Managed::close@105 (line 20)
  0x00000250ba8afe40: bc96 0c06 

  0x00000250ba8afe44: ;   {metadata({method} {0x00000250d40bfd20} 'append' '(Ljava/lang/String;)Ljava/lang/StringBuilder;' in 'java/lang/StringBuilder')}
  0x00000250ba8afe44: 49ba 18fd | 0bd4 5002 | 0000 4c89 | 5424 0848 | c704 24ff 

  0x00000250ba8afe58: ;   {runtime_call counter_overflow Runtime1 stub}
  0x00000250ba8afe58: ffff ffe8 

  0x00000250ba8afe5c: ; ImmutableOopMap {rsi=Oop [136]=Oop [152]=Oop [160]=Oop }
                      ;*synchronization entry
                      ; - java.lang.StringBuilder::append@-1
                      ; - java.lang.StringBuilder::append@5
                      ; - org.jetbrains.skia.impl.Managed::close@78 (line 18)
  0x00000250ba8afe5c: a0e7 0c06 | e992 f7ff 

  0x00000250ba8afe64: ;   {metadata({method} {0x00000250d40bfd20} 'append' '(Ljava/lang/String;)Ljava/lang/StringBuilder;' in 'java/lang/StringBuilder')}
  0x00000250ba8afe64: ff49 ba18 | fd0b d450 | 0200 004c | 8954 2408 | 48c7 0424 | ffff ffff 

  0x00000250ba8afe7c: ;   {runtime_call counter_overflow Runtime1 stub}
  0x00000250ba8afe7c: e87f e70c 

  0x00000250ba8afe80: ; ImmutableOopMap {rax=Oop [136]=Oop [152]=Oop [160]=Oop }
                      ;*synchronization entry
                      ; - java.lang.StringBuilder::append@-1
                      ; - org.jetbrains.skia.impl.Managed::close@83 (line 18)
  0x00000250ba8afe80: 06e9 ecf7 

  0x00000250ba8afe84: ;   {metadata({method} {0x00000250d40c02c8} 'append' '(J)Ljava/lang/StringBuilder;' in 'java/lang/StringBuilder')}
  0x00000250ba8afe84: ffff 49ba | c002 0cd4 | 5002 0000 | 4c89 5424 | 0848 c704 | 24ff ffff 

  0x00000250ba8afe9c: ;   {runtime_call counter_overflow Runtime1 stub}
  0x00000250ba8afe9c: ffe8 5ee7 

  0x00000250ba8afea0: ; ImmutableOopMap {[152]=Oop [160]=Oop }
                      ;*synchronization entry
                      ; - java.lang.StringBuilder::append@-1
                      ; - org.jetbrains.skia.impl.Managed::close@90 (line 18)
  0x00000250ba8afea0: 0c06 e964 

  0x00000250ba8afea4: ;   {metadata({method} {0x00000250d40c12c8} 'toString' '()Ljava/lang/String;' in 'java/lang/StringBuilder')}
  0x00000250ba8afea4: f8ff ff49 | bac0 120c | d450 0200 | 004c 8954 | 2408 48c7 | 0424 ffff 

  0x00000250ba8afebc: ;   {runtime_call counter_overflow Runtime1 stub}
  0x00000250ba8afebc: ffff e83d 

  0x00000250ba8afec0: ; ImmutableOopMap {[152]=Oop [160]=Oop }
                      ;*synchronization entry
                      ; - java.lang.StringBuilder::toString@-1
                      ; - org.jetbrains.skia.impl.Managed::close@93 (line 18)
  0x00000250ba8afec0: e70c 06e9 | b5f8 ffff 

  0x00000250ba8afec8: ;   {runtime_call fast_new_instance Runtime1 stub}
  0x00000250ba8afec8: 488b d2e8 

  0x00000250ba8afecc: ; ImmutableOopMap {[152]=Oop [160]=Oop }
                      ;*new {reexecute=0 rethrow=0 return_oop=0}
                      ; - java.lang.StringBuilder::toString@0
                      ; - org.jetbrains.skia.impl.Managed::close@93 (line 18)
  0x00000250ba8afecc: 309f 0c06 | e9f8 f8ff 

  0x00000250ba8afed4: ;   {metadata({method} {0x00000250d4009570} '<init>' '(Ljava/lang/StringBuilder;)V' in 'java/lang/String')}
  0x00000250ba8afed4: ff49 ba68 | 9500 d450 | 0200 004c | 8954 2408 | 48c7 0424 | ffff ffff 

  0x00000250ba8afeec: ;   {runtime_call counter_overflow Runtime1 stub}
  0x00000250ba8afeec: e80f e70c 

  0x00000250ba8afef0: ; ImmutableOopMap {rax=Oop [152]=Oop [160]=Oop }
                      ;*synchronization entry
                      ; - java.lang.String::<init>@-1
                      ; - java.lang.StringBuilder::toString@5
                      ; - org.jetbrains.skia.impl.Managed::close@93 (line 18)
  0x00000250ba8afef0: 06e9 18f9 

  0x00000250ba8afef4: ;   {metadata({method} {0x00000250d40bfd20} 'append' '(Ljava/lang/String;)Ljava/lang/StringBuilder;' in 'java/lang/StringBuilder')}
  0x00000250ba8afef4: ffff 49ba | 18fd 0bd4 | 5002 0000 | 4c89 5424 | 0848 c704 | 24ff ffff 

  0x00000250ba8aff0c: ;   {runtime_call counter_overflow Runtime1 stub}
  0x00000250ba8aff0c: ffe8 eee6 

  0x00000250ba8aff10: ; ImmutableOopMap {rsi=Oop [128]=Oop [136]=Oop [144]=Oop }
                      ;*synchronization entry
                      ; - java.lang.StringBuilder::append@-1
                      ; - java.lang.StringBuilder::append@5
                      ; - org.jetbrains.skia.impl.Managed::close@29 (line 16)
  0x00000250ba8aff10: 0c06 e9c5 

  0x00000250ba8aff14: ;   {metadata({method} {0x00000250d40bfd20} 'append' '(Ljava/lang/String;)Ljava/lang/StringBuilder;' in 'java/lang/StringBuilder')}
  0x00000250ba8aff14: f9ff ff49 | ba18 fd0b | d450 0200 | 004c 8954 | 2408 48c7 | 0424 ffff 

  0x00000250ba8aff2c: ;   {runtime_call counter_overflow Runtime1 stub}
  0x00000250ba8aff2c: ffff e8cd 

  0x00000250ba8aff30: ; ImmutableOopMap {rax=Oop [128]=Oop [136]=Oop [144]=Oop }
                      ;*synchronization entry
                      ; - java.lang.StringBuilder::append@-1
                      ; - org.jetbrains.skia.impl.Managed::close@34 (line 16)
  0x00000250ba8aff30: e60c 06e9 | 22fa ffff 

  0x00000250ba8aff38: ;   {metadata({method} {0x00000250d40c02c8} 'append' '(J)Ljava/lang/StringBuilder;' in 'java/lang/StringBuilder')}
  0x00000250ba8aff38: 49ba c002 | 0cd4 5002 | 0000 4c89 | 5424 0848 | c704 24ff 

  0x00000250ba8aff4c: ;   {runtime_call counter_overflow Runtime1 stub}
  0x00000250ba8aff4c: ffff ffe8 

  0x00000250ba8aff50: ; ImmutableOopMap {[128]=Oop [144]=Oop }
                      ;*synchronization entry
                      ; - java.lang.StringBuilder::append@-1
                      ; - org.jetbrains.skia.impl.Managed::close@41 (line 16)
  0x00000250ba8aff50: ace6 0c06 | e99a faff 

  0x00000250ba8aff58: ;   {metadata({method} {0x00000250d40c12c8} 'toString' '()Ljava/lang/String;' in 'java/lang/StringBuilder')}
  0x00000250ba8aff58: ff49 bac0 | 120c d450 | 0200 004c | 8954 2408 | 48c7 0424 | ffff ffff 

  0x00000250ba8aff70: ;   {runtime_call counter_overflow Runtime1 stub}
  0x00000250ba8aff70: e88b e60c 

  0x00000250ba8aff74: ; ImmutableOopMap {[128]=Oop [144]=Oop }
                      ;*synchronization entry
                      ; - java.lang.StringBuilder::toString@-1
                      ; - org.jetbrains.skia.impl.Managed::close@44 (line 16)
  0x00000250ba8aff74: 06e9 ebfa | ffff 488b 

  0x00000250ba8aff7c: ;   {runtime_call fast_new_instance Runtime1 stub}
  0x00000250ba8aff7c: d2e8 7e9e 

  0x00000250ba8aff80: ; ImmutableOopMap {[128]=Oop [144]=Oop }
                      ;*new {reexecute=0 rethrow=0 return_oop=0}
                      ; - java.lang.StringBuilder::toString@0
                      ; - org.jetbrains.skia.impl.Managed::close@44 (line 16)
  0x00000250ba8aff80: 0c06 e92e 

  0x00000250ba8aff84: ;   {metadata({method} {0x00000250d4009570} '<init>' '(Ljava/lang/StringBuilder;)V' in 'java/lang/String')}
  0x00000250ba8aff84: fbff ff49 | ba68 9500 | d450 0200 | 004c 8954 | 2408 48c7 | 0424 ffff 

  0x00000250ba8aff9c: ;   {runtime_call counter_overflow Runtime1 stub}
  0x00000250ba8aff9c: ffff e85d 

  0x00000250ba8affa0: ; ImmutableOopMap {rax=Oop [128]=Oop [144]=Oop }
                      ;*synchronization entry
                      ; - java.lang.String::<init>@-1
                      ; - java.lang.StringBuilder::toString@5
                      ; - org.jetbrains.skia.impl.Managed::close@44 (line 16)
  0x00000250ba8affa0: e60c 06e9 | 4efb ffff | 498b 8700 | 0500 0049 | c787 0005 | 0000 0000 | 0000 49c7 | 8708 0500 
  0x00000250ba8affc0: 0000 0000 | 0048 81c4 | d000 0000 

  0x00000250ba8affcc: ;   {runtime_call unwind_exception Runtime1 stub}
  0x00000250ba8affcc: 5de9 2e86 | 0c06 f4f4 | f4f4 f4f4 
[Stub Code]
  0x00000250ba8affd8: ;   {no_reloc}
  0x00000250ba8affd8: 0f1f 4400 

  0x00000250ba8affdc: ;   {static_stub}
  0x00000250ba8affdc: 0048 bb00 | 0000 0000 

  0x00000250ba8affe4: ;   {runtime_call nmethod}
  0x00000250ba8affe4: 0000 00e9 | fbff ffff 

  0x00000250ba8affec: ;   {static_stub}
  0x00000250ba8affec: 9048 bb00 | 0000 0000 

  0x00000250ba8afff4: ;   {runtime_call nmethod}
  0x00000250ba8afff4: 0000 00e9 | fbff ffff 

  0x00000250ba8afffc: ;   {static_stub}
  0x00000250ba8afffc: 9048 bb00 | 0000 0000 

  0x00000250ba8b0004: ;   {runtime_call nmethod}
  0x00000250ba8b0004: 0000 00e9 | fbff ffff 

  0x00000250ba8b000c: ;   {static_stub}
  0x00000250ba8b000c: 9048 bb00 | 0000 0000 

  0x00000250ba8b0014: ;   {runtime_call nmethod}
  0x00000250ba8b0014: 0000 00e9 | fbff ffff 

  0x00000250ba8b001c: ;   {static_stub}
  0x00000250ba8b001c: 9048 bb00 | 0000 0000 

  0x00000250ba8b0024: ;   {runtime_call nmethod}
  0x00000250ba8b0024: 0000 00e9 | fbff ffff 

  0x00000250ba8b002c: ;   {static_stub}
  0x00000250ba8b002c: 9048 bb00 | 0000 0000 

  0x00000250ba8b0034: ;   {runtime_call nmethod}
  0x00000250ba8b0034: 0000 00e9 | fbff ffff 

  0x00000250ba8b003c: ;   {static_stub}
  0x00000250ba8b003c: 9048 bb00 | 0000 0000 

  0x00000250ba8b0044: ;   {runtime_call nmethod}
  0x00000250ba8b0044: 0000 00e9 | fbff ffff 

  0x00000250ba8b004c: ;   {static_stub}
  0x00000250ba8b004c: 9048 bb00 | 0000 0000 

  0x00000250ba8b0054: ;   {runtime_call nmethod}
  0x00000250ba8b0054: 0000 00e9 | fbff ffff 

  0x00000250ba8b005c: ;   {static_stub}
  0x00000250ba8b005c: 9048 bb00 | 0000 0000 

  0x00000250ba8b0064: ;   {runtime_call nmethod}
  0x00000250ba8b0064: 0000 00e9 | fbff ffff 

  0x00000250ba8b006c: ;   {static_stub}
  0x00000250ba8b006c: 9048 bb00 | 0000 0000 

  0x00000250ba8b0074: ;   {runtime_call nmethod}
  0x00000250ba8b0074: 0000 00e9 | fbff ffff 

  0x00000250ba8b007c: ;   {static_stub}
  0x00000250ba8b007c: 9048 bb00 | 0000 0000 

  0x00000250ba8b0084: ;   {runtime_call nmethod}
  0x00000250ba8b0084: 0000 00e9 | fbff ffff 

  0x00000250ba8b008c: ;   {static_stub}
  0x00000250ba8b008c: 48bb 0000 | 0000 0000 

  0x00000250ba8b0094: ;   {runtime_call nmethod}
  0x00000250ba8b0094: 0000 e9fb 

  0x00000250ba8b0098: ;   {static_stub}
  0x00000250ba8b0098: ffff ff48 | bb00 0000 | 0000 0000 

  0x00000250ba8b00a4: ;   {runtime_call nmethod}
  0x00000250ba8b00a4: 00e9 fbff 

  0x00000250ba8b00a8: ;   {static_stub}
  0x00000250ba8b00a8: ffff 48bb | 0000 0000 | 0000 0000 

  0x00000250ba8b00b4: ;   {runtime_call nmethod}
  0x00000250ba8b00b4: e9fb ffff 

  0x00000250ba8b00b8: ;   {static_stub}
  0x00000250ba8b00b8: ff48 bb00 | 0000 0000 

  0x00000250ba8b00c0: ;   {runtime_call nmethod}
  0x00000250ba8b00c0: 0000 00e9 | fbff ffff 

  0x00000250ba8b00c8: ;   {static_stub}
  0x00000250ba8b00c8: 48bb 0000 | 0000 0000 

  0x00000250ba8b00d0: ;   {runtime_call nmethod}
  0x00000250ba8b00d0: 0000 e9fb 

  0x00000250ba8b00d4: ;   {static_stub}
  0x00000250ba8b00d4: ffff ff48 | bb00 0000 | 0000 0000 

  0x00000250ba8b00e0: ;   {runtime_call nmethod}
  0x00000250ba8b00e0: 00e9 fbff 

  0x00000250ba8b00e4: ;   {runtime_call handle_exception_from_callee Runtime1 stub}
  0x00000250ba8b00e4: ffff e815 

  0x00000250ba8b00e8: ;   {external_word}
  0x00000250ba8b00e8: b20c 0648 | b9b0 d343 | 85ff 7f00 | 0048 83e4 

  0x00000250ba8b00f8: ;   {runtime_call}
  0x00000250ba8b00f8: f048 b8e0 | 3c06 85ff | 7f00 00ff 

  0x00000250ba8b0104: ;   {section_word}
  0x00000250ba8b0104: d0f4 49ba | 0601 8bba | 5002 0000 

  0x00000250ba8b0110: ;   {runtime_call DeoptimizationBlob}
  0x00000250ba8b0110: 4152 e909 | 4601 06f4 
[/MachCode]


---------------  P R O C E S S  ---------------

Threads class SMR info:
_java_thread_list=0x00000250edcb6ea0, length=35, elements={
0x00000250b6058f90, 0x00000250d38b6900, 0x00000250d38a5880, 0x00000250d38aaa40,
0x00000250d38c6f50, 0x00000250d38c79b0, 0x00000250d38cb140, 0x00000250d38efe60,
0x00000250d38f3790, 0x00000250d3a432e0, 0x00000250d3a574c0, 0x00000250d87f11e0,
0x00000250d8974880, 0x00000250d896cb70, 0x00000250d8b948e0, 0x00000250d8bbe210,
0x00000250d8b97e60, 0x00000250d8be6170, 0x00000250d8bec450, 0x00000250d8becae0,
0x00000250d8bede90, 0x00000250e4deb4c0, 0x00000250e4de93f0, 0x00000250e4de8d60,
0x00000250e4dec870, 0x00000250e4dea110, 0x00000250e4dee2b0, 0x00000250e4deefd0,
0x00000250e3e2f7e0, 0x00000250ef9cb890, 0x00000250ea1a6f00, 0x00000250ea1a75d0,
0x00000250ea1a3f50, 0x00000250ea1a9110, 0x00000250ea1a8a40
}

Java Threads: ( => current thread )
  0x00000250b6058f90 JavaThread "main"                              [_thread_blocked, id=27956, stack(0x000000bacda00000,0x000000bacdb00000) (1024K)]
  0x00000250d38b6900 JavaThread "Reference Handler"          daemon [_thread_blocked, id=25164, stack(0x000000bace200000,0x000000bace300000) (1024K)]
  0x00000250d38a5880 JavaThread "Finalizer"                  daemon [_thread_blocked, id=21644, stack(0x000000bace300000,0x000000bace400000) (1024K)]
  0x00000250d38aaa40 JavaThread "Signal Dispatcher"          daemon [_thread_blocked, id=20600, stack(0x000000bace400000,0x000000bace500000) (1024K)]
  0x00000250d38c6f50 JavaThread "Attach Listener"            daemon [_thread_blocked, id=35404, stack(0x000000bace500000,0x000000bace600000) (1024K)]
  0x00000250d38c79b0 JavaThread "Service Thread"             daemon [_thread_blocked, id=32628, stack(0x000000bace600000,0x000000bace700000) (1024K)]
  0x00000250d38cb140 JavaThread "Monitor Deflation Thread"   daemon [_thread_blocked, id=24652, stack(0x000000bace700000,0x000000bace800000) (1024K)]
  0x00000250d38efe60 JavaThread "C2 CompilerThread0"         daemon [_thread_blocked, id=30628, stack(0x000000bace800000,0x000000bace900000) (1024K)]
  0x00000250d38f3790 JavaThread "C1 CompilerThread0"         daemon [_thread_blocked, id=8832, stack(0x000000bace900000,0x000000bacea00000) (1024K)]
  0x00000250d3a432e0 JavaThread "Notification Thread"        daemon [_thread_blocked, id=22356, stack(0x000000bacea00000,0x000000baceb00000) (1024K)]
  0x00000250d3a574c0 JavaThread "Common-Cleaner"             daemon [_thread_blocked, id=22764, stack(0x000000baceb00000,0x000000bacec00000) (1024K)]
  0x00000250d87f11e0 JavaThread "Java2D Disposer"            daemon [_thread_blocked, id=25408, stack(0x000000baced00000,0x000000bacee00000) (1024K)]
  0x00000250d8974880 JavaThread "AWT-Shutdown"                      [_thread_blocked, id=23292, stack(0x000000bacf000000,0x000000bacf100000) (1024K)]
  0x00000250d896cb70 JavaThread "AWT-Windows"                daemon [_thread_in_native, id=11924, stack(0x000000bacf900000,0x000000bacfa00000) (1024K)]
  0x00000250d8b948e0 JavaThread "DefaultDispatcher-worker-1" daemon [_thread_blocked, id=14048, stack(0x000000bacfa00000,0x000000bacfb00000) (1024K)]
  0x00000250d8bbe210 JavaThread "DefaultDispatcher-worker-2" daemon [_thread_blocked, id=35308, stack(0x000000bacfb00000,0x000000bacfc00000) (1024K)]
  0x00000250d8b97e60 JavaThread "DefaultDispatcher-worker-3" daemon [_thread_blocked, id=32820, stack(0x000000bacfc00000,0x000000bacfd00000) (1024K)]
  0x00000250d8be6170 JavaThread "Reference Cleaner"          daemon [_thread_blocked, id=23504, stack(0x000000bacfd00000,0x000000bacfe00000) (1024K)]
  0x00000250d8bec450 JavaThread "kotlinx.coroutines.DefaultExecutor" daemon [_thread_blocked, id=16768, stack(0x000000bacfe00000,0x000000bacff00000) (1024K)]
=>0x00000250d8becae0 JavaThread "AWT-EventQueue-0"                  [_thread_in_native, id=22072, stack(0x000000bacff00000,0x000000bad0000000) (1024K)]
  0x00000250d8bede90 JavaThread "TimerQueue"                 daemon [_thread_blocked, id=20440, stack(0x000000bad0500000,0x000000bad0600000) (1024K)]
  0x00000250e4deb4c0 JavaThread "omniapp-session-listener"   daemon [_thread_in_native, id=34468, stack(0x000000bad1100000,0x000000bad1200000) (1024K)]
  0x00000250e4de93f0 JavaThread "omniapp-global-hotkeys"     daemon [_thread_in_native, id=17592, stack(0x000000bad1200000,0x000000bad1300000) (1024K)]
  0x00000250e4de8d60 JavaThread "JNA Cleaner"                daemon [_thread_blocked, id=33176, stack(0x000000bad1300000,0x000000bad1400000) (1024K)]
  0x00000250e4dec870 JavaThread "DefaultDispatcher-worker-4" daemon [_thread_blocked, id=30284, stack(0x000000bad1d00000,0x000000bad1e00000) (1024K)]
  0x00000250e4dea110 JavaThread "DefaultDispatcher-worker-5" daemon [_thread_blocked, id=25240, stack(0x000000bad1f00000,0x000000bad2000000) (1024K)]
  0x00000250e4dee2b0 JavaThread "DefaultDispatcher-worker-6" daemon [_thread_blocked, id=17748, stack(0x000000bad2100000,0x000000bad2200000) (1024K)]
  0x00000250e4deefd0 JavaThread "DefaultDispatcher-worker-7" daemon [_thread_blocked, id=10296, stack(0x000000bad2200000,0x000000bad2300000) (1024K)]
  0x00000250e3e2f7e0 JavaThread "skiko-dispatcher-to-block-on" daemon [_thread_blocked, id=30220, stack(0x000000bad1c00000,0x000000bad1d00000) (1024K)]
  0x00000250ef9cb890 JavaThread "skiko-dispatcher-to-block-on" daemon [_thread_blocked, id=31356, stack(0x000000bad1400000,0x000000bad1500000) (1024K)]
  0x00000250ea1a6f00 JavaThread "C2 CompilerThread1"         daemon [_thread_blocked, id=23828, stack(0x000000bacec00000,0x000000baced00000) (1024K)]
  0x00000250ea1a75d0 JavaThread "C2 CompilerThread2"         daemon [_thread_blocked, id=31476, stack(0x000000bacee00000,0x000000bacef00000) (1024K)]
  0x00000250ea1a3f50 JavaThread "C2 CompilerThread3"         daemon [_thread_blocked, id=31848, stack(0x000000bad1500000,0x000000bad1600000) (1024K)]
  0x00000250ea1a9110 JavaThread "C1 CompilerThread1"         daemon [_thread_blocked, id=19664, stack(0x000000bad1600000,0x000000bad1700000) (1024K)]
  0x00000250ea1a8a40 JavaThread "C1 CompilerThread2"         daemon [_thread_blocked, id=20124, stack(0x000000bad1700000,0x000000bad1800000) (1024K)]
Total: 35

Other Threads:
  0x00000250d3809760 VMThread "VM Thread"                           [id=30004, stack(0x000000bace100000,0x000000bace200000) (1024K)]
  0x00000250d27b07a0 WatcherThread "VM Periodic Task Thread"        [id=17600, stack(0x000000bace000000,0x000000bace100000) (1024K)]
  0x00000250b60db110 WorkerThread "GC Thread#0"                     [id=6164, stack(0x000000bacdb00000,0x000000bacdc00000) (1024K)]
  0x00000250d8934ec0 WorkerThread "GC Thread#1"                     [id=3376, stack(0x000000bacf100000,0x000000bacf200000) (1024K)]
  0x00000250d89092a0 WorkerThread "GC Thread#2"                     [id=34336, stack(0x000000bacf200000,0x000000bacf300000) (1024K)]
  0x00000250d8909650 WorkerThread "GC Thread#3"                     [id=26524, stack(0x000000bacf300000,0x000000bacf400000) (1024K)]
  0x00000250d8909a00 WorkerThread "GC Thread#4"                     [id=31268, stack(0x000000bacf400000,0x000000bacf500000) (1024K)]
  0x00000250d8909db0 WorkerThread "GC Thread#5"                     [id=23924, stack(0x000000bacf500000,0x000000bacf600000) (1024K)]
  0x00000250d8a0f480 WorkerThread "GC Thread#6"                     [id=31228, stack(0x000000bacf600000,0x000000bacf700000) (1024K)]
  0x00000250d8a0fc40 WorkerThread "GC Thread#7"                     [id=35188, stack(0x000000bacf700000,0x000000bacf800000) (1024K)]
  0x00000250d8a0fff0 WorkerThread "GC Thread#8"                     [id=22736, stack(0x000000bacf800000,0x000000bacf900000) (1024K)]
  0x00000250d8a77190 WorkerThread "GC Thread#9"                     [id=18632, stack(0x000000bad0000000,0x000000bad0100000) (1024K)]
  0x00000250d8f08fb0 WorkerThread "GC Thread#10"                    [id=21240, stack(0x000000bad0100000,0x000000bad0200000) (1024K)]
  0x00000250d8f06e80 WorkerThread "GC Thread#11"                    [id=31564, stack(0x000000bad0600000,0x000000bad0700000) (1024K)]
  0x00000250d8f07990 WorkerThread "GC Thread#12"                    [id=9196, stack(0x000000bad0700000,0x000000bad0800000) (1024K)]
  0x00000250d8f09710 WorkerThread "GC Thread#13"                    [id=19216, stack(0x000000bad0800000,0x000000bad0900000) (1024K)]
  0x00000250dc675550 WorkerThread "GC Thread#14"                    [id=21388, stack(0x000000bacef00000,0x000000bacf000000) (1024K)]
  0x00000250dc673f30 WorkerThread "GC Thread#15"                    [id=6604, stack(0x000000bad1000000,0x000000bad1100000) (1024K)]
  0x00000250b60e9030 ConcurrentGCThread "G1 Main Marker"            [id=21860, stack(0x000000bacdc00000,0x000000bacdd00000) (1024K)]
  0x00000250b60ebcc0 WorkerThread "G1 Conc#0"                       [id=10800, stack(0x000000bacdd00000,0x000000bacde00000) (1024K)]
  0x00000250d8f080f0 WorkerThread "G1 Conc#1"                       [id=25804, stack(0x000000bad0200000,0x000000bad0300000) (1024K)]
  0x00000250d8f09360 WorkerThread "G1 Conc#2"                       [id=4856, stack(0x000000bad0300000,0x000000bad0400000) (1024K)]
  0x00000250d8f09e70 WorkerThread "G1 Conc#3"                       [id=2916, stack(0x000000bad0400000,0x000000bad0500000) (1024K)]
  0x00000250d26844d0 ConcurrentGCThread "G1 Refine#0"               [id=19816, stack(0x000000bacde00000,0x000000bacdf00000) (1024K)]
  0x00000250d26861c0 ConcurrentGCThread "G1 Service"                [id=3472, stack(0x000000bacdf00000,0x000000bace000000) (1024K)]
Total: 25

Threads with active compile tasks:
Total: 0

VM state: not at safepoint (normal execution)

VM Mutex/Monitor currently owned by a thread: None

Heap address: 0x000000068a000000, size: 5984 MB, Compressed Oops mode: Zero based, Oop shift amount: 3

CDS archive(s) not mapped
Compressed class space mapped at: 0x0000000800000000-0x0000000840000000, reserved size: 1073741824
Narrow klass base: 0x0000000800000000, Narrow klass shift: 0, Narrow klass range: 0x40000000

GC Precious Log:
 CardTable entry size: 512
 Card Set container configuration: InlinePtr #cards 4 size 8 Array Of Cards #cards 32 size 80 Howl #buckets 8 coarsen threshold 7372 Howl Bitmap #cards 1024 size 144 coarsen threshold 921 Card regions per heap region 1 cards per card region 8192
 CPUs: 22 total, 22 available
 Memory: 23933M
 Large Page Support: Disabled
 NUMA Support: Disabled
 Compressed Oops: Enabled (Zero based)
 Heap Region Size: 4M
 Heap Min Capacity: 8M
 Heap Initial Capacity: 376M
 Heap Max Capacity: 5984M
 Pre-touch: Disabled
 Parallel Workers: 16
 Concurrent Workers: 4
 Concurrent Refinement Workers: 16
 Periodic GC: Disabled

Heap:
 garbage-first heap   total 761856K, used 169717K [0x000000068a000000, 0x0000000800000000)
  region size 4096K, 12 young (49152K), 3 survivors (12288K)
 Metaspace       used 68130K, committed 69504K, reserved 1114112K
  class space    used 6722K, committed 7296K, reserved 1048576K

Heap Regions: E=young(eden), S=young(survivor), O=old, HS=humongous(starts), HC=humongous(continues), CS=collection set, F=free, TAMS=top-at-mark-start, PB=parsable bottom
|   0|0x000000068a000000, 0x000000068a3a7708, 0x000000068a400000| 91%| O|  |TAMS 0x000000068a000000| PB 0x000000068a000000| Untracked 
|   1|0x000000068a400000, 0x000000068a800000, 0x000000068a800000|100%| O|  |TAMS 0x000000068a400000| PB 0x000000068a400000| Untracked 
|   2|0x000000068a800000, 0x000000068ac00000, 0x000000068ac00000|100%| O|  |TAMS 0x000000068a800000| PB 0x000000068a800000| Untracked 
|   3|0x000000068ac00000, 0x000000068b000000, 0x000000068b000000|100%| O|  |TAMS 0x000000068ac00000| PB 0x000000068ac00000| Untracked 
|   4|0x000000068b000000, 0x000000068b400000, 0x000000068b400000|100%| O|  |TAMS 0x000000068b000000| PB 0x000000068b000000| Untracked 
|   5|0x000000068b400000, 0x000000068b800000, 0x000000068b800000|100%| O|  |TAMS 0x000000068b400000| PB 0x000000068b400000| Untracked 
|   6|0x000000068b800000, 0x000000068bc00000, 0x000000068bc00000|100%| O|  |TAMS 0x000000068b800000| PB 0x000000068b800000| Untracked 
|   7|0x000000068bc00000, 0x000000068c000000, 0x000000068c000000|100%| O|  |TAMS 0x000000068bc00000| PB 0x000000068bc00000| Untracked 
|   8|0x000000068c000000, 0x000000068c400000, 0x000000068c400000|100%| O|  |TAMS 0x000000068c000000| PB 0x000000068c000000| Untracked 
|   9|0x000000068c400000, 0x000000068c800000, 0x000000068c800000|100%| O|  |TAMS 0x000000068c400000| PB 0x000000068c400000| Untracked 
|  10|0x000000068c800000, 0x000000068cc00000, 0x000000068cc00000|100%| O|  |TAMS 0x000000068c800000| PB 0x000000068c800000| Untracked 
|  11|0x000000068cc00000, 0x000000068d000000, 0x000000068d000000|100%| O|  |TAMS 0x000000068cc00000| PB 0x000000068cc00000| Untracked 
|  12|0x000000068d000000, 0x000000068d400000, 0x000000068d400000|100%| O|  |TAMS 0x000000068d000000| PB 0x000000068d000000| Untracked 
|  13|0x000000068d400000, 0x000000068d800000, 0x000000068d800000|100%| O|  |TAMS 0x000000068d400000| PB 0x000000068d400000| Untracked 
|  14|0x000000068d800000, 0x000000068dc00000, 0x000000068dc00000|100%| O|  |TAMS 0x000000068d800000| PB 0x000000068d800000| Untracked 
|  15|0x000000068dc00000, 0x000000068e000000, 0x000000068e000000|100%| O|  |TAMS 0x000000068dc00000| PB 0x000000068dc00000| Untracked 
|  16|0x000000068e000000, 0x000000068e400000, 0x000000068e400000|100%|HS|  |TAMS 0x000000068e000000| PB 0x000000068e000000| Complete 
|  17|0x000000068e400000, 0x000000068e800000, 0x000000068e800000|100%|HC|  |TAMS 0x000000068e400000| PB 0x000000068e400000| Complete 
|  18|0x000000068e800000, 0x000000068ec00000, 0x000000068ec00000|100%|HC|  |TAMS 0x000000068e800000| PB 0x000000068e800000| Complete 
|  19|0x000000068ec00000, 0x000000068f000000, 0x000000068f000000|100%|HC|  |TAMS 0x000000068ec00000| PB 0x000000068ec00000| Complete 
|  20|0x000000068f000000, 0x000000068f400000, 0x000000068f400000|100%|HC|  |TAMS 0x000000068f000000| PB 0x000000068f000000| Complete 
|  21|0x000000068f400000, 0x000000068f800000, 0x000000068f800000|100%| O|  |TAMS 0x000000068f400000| PB 0x000000068f400000| Untracked 
|  22|0x000000068f800000, 0x000000068f800000, 0x000000068fc00000|  0%| F|  |TAMS 0x000000068f800000| PB 0x000000068f800000| Untracked 
|  23|0x000000068fc00000, 0x0000000690000000, 0x0000000690000000|100%|HS|  |TAMS 0x000000068fc00000| PB 0x000000068fc00000| Complete 
|  24|0x0000000690000000, 0x0000000690400000, 0x0000000690400000|100%|HC|  |TAMS 0x0000000690000000| PB 0x0000000690000000| Complete 
|  25|0x0000000690400000, 0x0000000690800000, 0x0000000690800000|100%|HC|  |TAMS 0x0000000690400000| PB 0x0000000690400000| Complete 
|  26|0x0000000690800000, 0x0000000690c00000, 0x0000000690c00000|100%|HC|  |TAMS 0x0000000690800000| PB 0x0000000690800000| Complete 
|  27|0x0000000690c00000, 0x0000000691000000, 0x0000000691000000|100%|HS|  |TAMS 0x0000000690c00000| PB 0x0000000690c00000| Complete 
|  28|0x0000000691000000, 0x0000000691400000, 0x0000000691400000|100%|HC|  |TAMS 0x0000000691000000| PB 0x0000000691000000| Complete 
|  29|0x0000000691400000, 0x0000000691800000, 0x0000000691800000|100%|HC|  |TAMS 0x0000000691400000| PB 0x0000000691400000| Complete 
|  30|0x0000000691800000, 0x0000000691c00000, 0x0000000691c00000|100%|HC|  |TAMS 0x0000000691800000| PB 0x0000000691800000| Complete 
|  31|0x0000000691c00000, 0x0000000692000000, 0x0000000692000000|100%|HC|  |TAMS 0x0000000691c00000| PB 0x0000000691c00000| Complete 
|  32|0x0000000692000000, 0x000000069203edf0, 0x0000000692400000|  6%| O|  |TAMS 0x0000000692000000| PB 0x0000000692000000| Untracked 
|  33|0x0000000692400000, 0x0000000692400000, 0x0000000692800000|  0%| F|  |TAMS 0x0000000692400000| PB 0x0000000692400000| Untracked 
|  34|0x0000000692800000, 0x0000000692800000, 0x0000000692c00000|  0%| F|  |TAMS 0x0000000692800000| PB 0x0000000692800000| Untracked 
|  35|0x0000000692c00000, 0x0000000692c00000, 0x0000000693000000|  0%| F|  |TAMS 0x0000000692c00000| PB 0x0000000692c00000| Untracked 
|  36|0x0000000693000000, 0x0000000693000000, 0x0000000693400000|  0%| F|  |TAMS 0x0000000693000000| PB 0x0000000693000000| Untracked 
|  37|0x0000000693400000, 0x0000000693400000, 0x0000000693800000|  0%| F|  |TAMS 0x0000000693400000| PB 0x0000000693400000| Untracked 
|  38|0x0000000693800000, 0x0000000693800000, 0x0000000693c00000|  0%| F|  |TAMS 0x0000000693800000| PB 0x0000000693800000| Untracked 
|  39|0x0000000693c00000, 0x0000000693c00000, 0x0000000694000000|  0%| F|  |TAMS 0x0000000693c00000| PB 0x0000000693c00000| Untracked 
|  40|0x0000000694000000, 0x0000000694000000, 0x0000000694400000|  0%| F|  |TAMS 0x0000000694000000| PB 0x0000000694000000| Untracked 
|  41|0x0000000694400000, 0x0000000694400000, 0x0000000694800000|  0%| F|  |TAMS 0x0000000694400000| PB 0x0000000694400000| Untracked 
|  42|0x0000000694800000, 0x0000000694800000, 0x0000000694c00000|  0%| F|  |TAMS 0x0000000694800000| PB 0x0000000694800000| Untracked 
|  43|0x0000000694c00000, 0x0000000694c00000, 0x0000000695000000|  0%| F|  |TAMS 0x0000000694c00000| PB 0x0000000694c00000| Untracked 
|  44|0x0000000695000000, 0x0000000695000000, 0x0000000695400000|  0%| F|  |TAMS 0x0000000695000000| PB 0x0000000695000000| Untracked 
|  45|0x0000000695400000, 0x0000000695400000, 0x0000000695800000|  0%| F|  |TAMS 0x0000000695400000| PB 0x0000000695400000| Untracked 
|  46|0x0000000695800000, 0x0000000695800000, 0x0000000695c00000|  0%| F|  |TAMS 0x0000000695800000| PB 0x0000000695800000| Untracked 
|  47|0x0000000695c00000, 0x0000000695c00000, 0x0000000696000000|  0%| F|  |TAMS 0x0000000695c00000| PB 0x0000000695c00000| Untracked 
|  48|0x0000000696000000, 0x0000000696000000, 0x0000000696400000|  0%| F|  |TAMS 0x0000000696000000| PB 0x0000000696000000| Untracked 
|  49|0x0000000696400000, 0x0000000696400000, 0x0000000696800000|  0%| F|  |TAMS 0x0000000696400000| PB 0x0000000696400000| Untracked 
|  50|0x0000000696800000, 0x0000000696800000, 0x0000000696c00000|  0%| F|  |TAMS 0x0000000696800000| PB 0x0000000696800000| Untracked 
|  51|0x0000000696c00000, 0x0000000696c00000, 0x0000000697000000|  0%| F|  |TAMS 0x0000000696c00000| PB 0x0000000696c00000| Untracked 
|  52|0x0000000697000000, 0x0000000697000000, 0x0000000697400000|  0%| F|  |TAMS 0x0000000697000000| PB 0x0000000697000000| Untracked 
|  53|0x0000000697400000, 0x0000000697400000, 0x0000000697800000|  0%| F|  |TAMS 0x0000000697400000| PB 0x0000000697400000| Untracked 
|  54|0x0000000697800000, 0x0000000697800000, 0x0000000697c00000|  0%| F|  |TAMS 0x0000000697800000| PB 0x0000000697800000| Untracked 
|  55|0x0000000697c00000, 0x0000000697c00000, 0x0000000698000000|  0%| F|  |TAMS 0x0000000697c00000| PB 0x0000000697c00000| Untracked 
|  56|0x0000000698000000, 0x0000000698000000, 0x0000000698400000|  0%| F|  |TAMS 0x0000000698000000| PB 0x0000000698000000| Untracked 
|  57|0x0000000698400000, 0x0000000698400000, 0x0000000698800000|  0%| F|  |TAMS 0x0000000698400000| PB 0x0000000698400000| Untracked 
|  58|0x0000000698800000, 0x0000000698800000, 0x0000000698c00000|  0%| F|  |TAMS 0x0000000698800000| PB 0x0000000698800000| Untracked 
|  59|0x0000000698c00000, 0x0000000698dd6fa0, 0x0000000699000000| 45%| S|CS|TAMS 0x0000000698c00000| PB 0x0000000698c00000| Complete 
|  60|0x0000000699000000, 0x0000000699000000, 0x0000000699400000|  0%| F|  |TAMS 0x0000000699000000| PB 0x0000000699000000| Untracked 
|  61|0x0000000699400000, 0x0000000699400000, 0x0000000699800000|  0%| F|  |TAMS 0x0000000699400000| PB 0x0000000699400000| Untracked 
|  62|0x0000000699800000, 0x0000000699c00000, 0x0000000699c00000|100%| S|CS|TAMS 0x0000000699800000| PB 0x0000000699800000| Complete 
|  63|0x0000000699c00000, 0x000000069a000000, 0x000000069a000000|100%| S|CS|TAMS 0x0000000699c00000| PB 0x0000000699c00000| Complete 
|  64|0x000000069a000000, 0x000000069a000000, 0x000000069a400000|  0%| F|  |TAMS 0x000000069a000000| PB 0x000000069a000000| Untracked 
|  65|0x000000069a400000, 0x000000069a400000, 0x000000069a800000|  0%| F|  |TAMS 0x000000069a400000| PB 0x000000069a400000| Untracked 
|  66|0x000000069a800000, 0x000000069a800000, 0x000000069ac00000|  0%| F|  |TAMS 0x000000069a800000| PB 0x000000069a800000| Untracked 
|  67|0x000000069ac00000, 0x000000069ac00000, 0x000000069b000000|  0%| F|  |TAMS 0x000000069ac00000| PB 0x000000069ac00000| Untracked 
|  68|0x000000069b000000, 0x000000069b000000, 0x000000069b400000|  0%| F|  |TAMS 0x000000069b000000| PB 0x000000069b000000| Untracked 
|  69|0x000000069b400000, 0x000000069b400000, 0x000000069b800000|  0%| F|  |TAMS 0x000000069b400000| PB 0x000000069b400000| Untracked 
|  70|0x000000069b800000, 0x000000069b800000, 0x000000069bc00000|  0%| F|  |TAMS 0x000000069b800000| PB 0x000000069b800000| Untracked 
|  71|0x000000069bc00000, 0x000000069bc00000, 0x000000069c000000|  0%| F|  |TAMS 0x000000069bc00000| PB 0x000000069bc00000| Untracked 
|  72|0x000000069c000000, 0x000000069c000000, 0x000000069c400000|  0%| F|  |TAMS 0x000000069c000000| PB 0x000000069c000000| Untracked 
|  73|0x000000069c400000, 0x000000069c400000, 0x000000069c800000|  0%| F|  |TAMS 0x000000069c400000| PB 0x000000069c400000| Untracked 
|  74|0x000000069c800000, 0x000000069c800000, 0x000000069cc00000|  0%| F|  |TAMS 0x000000069c800000| PB 0x000000069c800000| Untracked 
|  75|0x000000069cc00000, 0x000000069cc00000, 0x000000069d000000|  0%| F|  |TAMS 0x000000069cc00000| PB 0x000000069cc00000| Untracked 
|  76|0x000000069d000000, 0x000000069d000000, 0x000000069d400000|  0%| F|  |TAMS 0x000000069d000000| PB 0x000000069d000000| Untracked 
|  77|0x000000069d400000, 0x000000069d400000, 0x000000069d800000|  0%| F|  |TAMS 0x000000069d400000| PB 0x000000069d400000| Untracked 
|  78|0x000000069d800000, 0x000000069d800000, 0x000000069dc00000|  0%| F|  |TAMS 0x000000069d800000| PB 0x000000069d800000| Untracked 
|  79|0x000000069dc00000, 0x000000069dc00000, 0x000000069e000000|  0%| F|  |TAMS 0x000000069dc00000| PB 0x000000069dc00000| Untracked 
|  80|0x000000069e000000, 0x000000069e000000, 0x000000069e400000|  0%| F|  |TAMS 0x000000069e000000| PB 0x000000069e000000| Untracked 
|  81|0x000000069e400000, 0x000000069e400000, 0x000000069e800000|  0%| F|  |TAMS 0x000000069e400000| PB 0x000000069e400000| Untracked 
|  82|0x000000069e800000, 0x000000069e800000, 0x000000069ec00000|  0%| F|  |TAMS 0x000000069e800000| PB 0x000000069e800000| Untracked 
|  83|0x000000069ec00000, 0x000000069ec00000, 0x000000069f000000|  0%| F|  |TAMS 0x000000069ec00000| PB 0x000000069ec00000| Untracked 
|  84|0x000000069f000000, 0x000000069f000000, 0x000000069f400000|  0%| F|  |TAMS 0x000000069f000000| PB 0x000000069f000000| Untracked 
|  85|0x000000069f400000, 0x000000069f400000, 0x000000069f800000|  0%| F|  |TAMS 0x000000069f400000| PB 0x000000069f400000| Untracked 
|  86|0x000000069f800000, 0x000000069f800000, 0x000000069fc00000|  0%| F|  |TAMS 0x000000069f800000| PB 0x000000069f800000| Untracked 
|  87|0x000000069fc00000, 0x000000069fc00000, 0x00000006a0000000|  0%| F|  |TAMS 0x000000069fc00000| PB 0x000000069fc00000| Untracked 
|  88|0x00000006a0000000, 0x00000006a0000000, 0x00000006a0400000|  0%| F|  |TAMS 0x00000006a0000000| PB 0x00000006a0000000| Untracked 
|  89|0x00000006a0400000, 0x00000006a0400000, 0x00000006a0800000|  0%| F|  |TAMS 0x00000006a0400000| PB 0x00000006a0400000| Untracked 
|  90|0x00000006a0800000, 0x00000006a0800000, 0x00000006a0c00000|  0%| F|  |TAMS 0x00000006a0800000| PB 0x00000006a0800000| Untracked 
|  91|0x00000006a0c00000, 0x00000006a0c00000, 0x00000006a1000000|  0%| F|  |TAMS 0x00000006a0c00000| PB 0x00000006a0c00000| Untracked 
|  92|0x00000006a1000000, 0x00000006a1000000, 0x00000006a1400000|  0%| F|  |TAMS 0x00000006a1000000| PB 0x00000006a1000000| Untracked 
|  93|0x00000006a1400000, 0x00000006a1400000, 0x00000006a1800000|  0%| F|  |TAMS 0x00000006a1400000| PB 0x00000006a1400000| Untracked 
|  94|0x00000006a1800000, 0x00000006a1800000, 0x00000006a1c00000|  0%| F|  |TAMS 0x00000006a1800000| PB 0x00000006a1800000| Untracked 
|  95|0x00000006a1c00000, 0x00000006a1c00000, 0x00000006a2000000|  0%| F|  |TAMS 0x00000006a1c00000| PB 0x00000006a1c00000| Untracked 
|  96|0x00000006a2000000, 0x00000006a2000000, 0x00000006a2400000|  0%| F|  |TAMS 0x00000006a2000000| PB 0x00000006a2000000| Untracked 
|  97|0x00000006a2400000, 0x00000006a2400000, 0x00000006a2800000|  0%| F|  |TAMS 0x00000006a2400000| PB 0x00000006a2400000| Untracked 
|  98|0x00000006a2800000, 0x00000006a2800000, 0x00000006a2c00000|  0%| F|  |TAMS 0x00000006a2800000| PB 0x00000006a2800000| Untracked 
|  99|0x00000006a2c00000, 0x00000006a2c00000, 0x00000006a3000000|  0%| F|  |TAMS 0x00000006a2c00000| PB 0x00000006a2c00000| Untracked 
| 100|0x00000006a3000000, 0x00000006a3000000, 0x00000006a3400000|  0%| F|  |TAMS 0x00000006a3000000| PB 0x00000006a3000000| Untracked 
| 101|0x00000006a3400000, 0x00000006a3400000, 0x00000006a3800000|  0%| F|  |TAMS 0x00000006a3400000| PB 0x00000006a3400000| Untracked 
| 102|0x00000006a3800000, 0x00000006a3800000, 0x00000006a3c00000|  0%| F|  |TAMS 0x00000006a3800000| PB 0x00000006a3800000| Untracked 
| 103|0x00000006a3c00000, 0x00000006a3c00000, 0x00000006a4000000|  0%| F|  |TAMS 0x00000006a3c00000| PB 0x00000006a3c00000| Untracked 
| 104|0x00000006a4000000, 0x00000006a4000000, 0x00000006a4400000|  0%| F|  |TAMS 0x00000006a4000000| PB 0x00000006a4000000| Untracked 
| 105|0x00000006a4400000, 0x00000006a4400000, 0x00000006a4800000|  0%| F|  |TAMS 0x00000006a4400000| PB 0x00000006a4400000| Untracked 
| 106|0x00000006a4800000, 0x00000006a4800000, 0x00000006a4c00000|  0%| F|  |TAMS 0x00000006a4800000| PB 0x00000006a4800000| Untracked 
| 107|0x00000006a4c00000, 0x00000006a4c00000, 0x00000006a5000000|  0%| F|  |TAMS 0x00000006a4c00000| PB 0x00000006a4c00000| Untracked 
| 108|0x00000006a5000000, 0x00000006a5000000, 0x00000006a5400000|  0%| F|  |TAMS 0x00000006a5000000| PB 0x00000006a5000000| Untracked 
| 109|0x00000006a5400000, 0x00000006a5400000, 0x00000006a5800000|  0%| F|  |TAMS 0x00000006a5400000| PB 0x00000006a5400000| Untracked 
| 110|0x00000006a5800000, 0x00000006a5800000, 0x00000006a5c00000|  0%| F|  |TAMS 0x00000006a5800000| PB 0x00000006a5800000| Untracked 
| 111|0x00000006a5c00000, 0x00000006a5c00000, 0x00000006a6000000|  0%| F|  |TAMS 0x00000006a5c00000| PB 0x00000006a5c00000| Untracked 
| 112|0x00000006a6000000, 0x00000006a6000000, 0x00000006a6400000|  0%| F|  |TAMS 0x00000006a6000000| PB 0x00000006a6000000| Untracked 
| 113|0x00000006a6400000, 0x00000006a6400000, 0x00000006a6800000|  0%| F|  |TAMS 0x00000006a6400000| PB 0x00000006a6400000| Untracked 
| 114|0x00000006a6800000, 0x00000006a6800000, 0x00000006a6c00000|  0%| F|  |TAMS 0x00000006a6800000| PB 0x00000006a6800000| Untracked 
| 115|0x00000006a6c00000, 0x00000006a6c00000, 0x00000006a7000000|  0%| F|  |TAMS 0x00000006a6c00000| PB 0x00000006a6c00000| Untracked 
| 116|0x00000006a7000000, 0x00000006a7000000, 0x00000006a7400000|  0%| F|  |TAMS 0x00000006a7000000| PB 0x00000006a7000000| Untracked 
| 117|0x00000006a7400000, 0x00000006a7400000, 0x00000006a7800000|  0%| F|  |TAMS 0x00000006a7400000| PB 0x00000006a7400000| Untracked 
| 118|0x00000006a7800000, 0x00000006a7800000, 0x00000006a7c00000|  0%| F|  |TAMS 0x00000006a7800000| PB 0x00000006a7800000| Untracked 
| 119|0x00000006a7c00000, 0x00000006a7c00000, 0x00000006a8000000|  0%| F|  |TAMS 0x00000006a7c00000| PB 0x00000006a7c00000| Untracked 
| 120|0x00000006a8000000, 0x00000006a8000000, 0x00000006a8400000|  0%| F|  |TAMS 0x00000006a8000000| PB 0x00000006a8000000| Untracked 
| 121|0x00000006a8400000, 0x00000006a8400000, 0x00000006a8800000|  0%| F|  |TAMS 0x00000006a8400000| PB 0x00000006a8400000| Untracked 
| 122|0x00000006a8800000, 0x00000006a8800000, 0x00000006a8c00000|  0%| F|  |TAMS 0x00000006a8800000| PB 0x00000006a8800000| Untracked 
| 123|0x00000006a8c00000, 0x00000006a8c00000, 0x00000006a9000000|  0%| F|  |TAMS 0x00000006a8c00000| PB 0x00000006a8c00000| Untracked 
| 124|0x00000006a9000000, 0x00000006a9000000, 0x00000006a9400000|  0%| F|  |TAMS 0x00000006a9000000| PB 0x00000006a9000000| Untracked 
| 125|0x00000006a9400000, 0x00000006a9400000, 0x00000006a9800000|  0%| F|  |TAMS 0x00000006a9400000| PB 0x00000006a9400000| Untracked 
| 126|0x00000006a9800000, 0x00000006a9800000, 0x00000006a9c00000|  0%| F|  |TAMS 0x00000006a9800000| PB 0x00000006a9800000| Untracked 
| 127|0x00000006a9c00000, 0x00000006a9c00000, 0x00000006aa000000|  0%| F|  |TAMS 0x00000006a9c00000| PB 0x00000006a9c00000| Untracked 
| 128|0x00000006aa000000, 0x00000006aa000000, 0x00000006aa400000|  0%| F|  |TAMS 0x00000006aa000000| PB 0x00000006aa000000| Untracked 
| 129|0x00000006aa400000, 0x00000006aa400000, 0x00000006aa800000|  0%| F|  |TAMS 0x00000006aa400000| PB 0x00000006aa400000| Untracked 
| 130|0x00000006aa800000, 0x00000006aa800000, 0x00000006aac00000|  0%| F|  |TAMS 0x00000006aa800000| PB 0x00000006aa800000| Untracked 
| 131|0x00000006aac00000, 0x00000006aac00000, 0x00000006ab000000|  0%| F|  |TAMS 0x00000006aac00000| PB 0x00000006aac00000| Untracked 
| 132|0x00000006ab000000, 0x00000006ab000000, 0x00000006ab400000|  0%| F|  |TAMS 0x00000006ab000000| PB 0x00000006ab000000| Untracked 
| 133|0x00000006ab400000, 0x00000006ab400000, 0x00000006ab800000|  0%| F|  |TAMS 0x00000006ab400000| PB 0x00000006ab400000| Untracked 
| 134|0x00000006ab800000, 0x00000006ab800000, 0x00000006abc00000|  0%| F|  |TAMS 0x00000006ab800000| PB 0x00000006ab800000| Untracked 
| 135|0x00000006abc00000, 0x00000006abc00000, 0x00000006ac000000|  0%| F|  |TAMS 0x00000006abc00000| PB 0x00000006abc00000| Untracked 
| 136|0x00000006ac000000, 0x00000006ac000000, 0x00000006ac400000|  0%| F|  |TAMS 0x00000006ac000000| PB 0x00000006ac000000| Untracked 
| 137|0x00000006ac400000, 0x00000006ac400000, 0x00000006ac800000|  0%| F|  |TAMS 0x00000006ac400000| PB 0x00000006ac400000| Untracked 
| 138|0x00000006ac800000, 0x00000006ac800000, 0x00000006acc00000|  0%| F|  |TAMS 0x00000006ac800000| PB 0x00000006ac800000| Untracked 
| 139|0x00000006acc00000, 0x00000006acc00000, 0x00000006ad000000|  0%| F|  |TAMS 0x00000006acc00000| PB 0x00000006acc00000| Untracked 
| 140|0x00000006ad000000, 0x00000006ad000000, 0x00000006ad400000|  0%| F|  |TAMS 0x00000006ad000000| PB 0x00000006ad000000| Untracked 
| 141|0x00000006ad400000, 0x00000006ad400000, 0x00000006ad800000|  0%| F|  |TAMS 0x00000006ad400000| PB 0x00000006ad400000| Untracked 
| 142|0x00000006ad800000, 0x00000006ad800000, 0x00000006adc00000|  0%| F|  |TAMS 0x00000006ad800000| PB 0x00000006ad800000| Untracked 
| 143|0x00000006adc00000, 0x00000006adc00000, 0x00000006ae000000|  0%| F|  |TAMS 0x00000006adc00000| PB 0x00000006adc00000| Untracked 
| 144|0x00000006ae000000, 0x00000006ae000000, 0x00000006ae400000|  0%| F|  |TAMS 0x00000006ae000000| PB 0x00000006ae000000| Untracked 
| 145|0x00000006ae400000, 0x00000006ae400000, 0x00000006ae800000|  0%| F|  |TAMS 0x00000006ae400000| PB 0x00000006ae400000| Untracked 
| 146|0x00000006ae800000, 0x00000006ae800000, 0x00000006aec00000|  0%| F|  |TAMS 0x00000006ae800000| PB 0x00000006ae800000| Untracked 
| 147|0x00000006aec00000, 0x00000006aec00000, 0x00000006af000000|  0%| F|  |TAMS 0x00000006aec00000| PB 0x00000006aec00000| Untracked 
| 148|0x00000006af000000, 0x00000006af000000, 0x00000006af400000|  0%| F|  |TAMS 0x00000006af000000| PB 0x00000006af000000| Untracked 
| 149|0x00000006af400000, 0x00000006af400000, 0x00000006af800000|  0%| F|  |TAMS 0x00000006af400000| PB 0x00000006af400000| Untracked 
| 150|0x00000006af800000, 0x00000006af800000, 0x00000006afc00000|  0%| F|  |TAMS 0x00000006af800000| PB 0x00000006af800000| Untracked 
| 151|0x00000006afc00000, 0x00000006afc00000, 0x00000006b0000000|  0%| F|  |TAMS 0x00000006afc00000| PB 0x00000006afc00000| Untracked 
| 152|0x00000006b0000000, 0x00000006b0000000, 0x00000006b0400000|  0%| F|  |TAMS 0x00000006b0000000| PB 0x00000006b0000000| Untracked 
| 153|0x00000006b0400000, 0x00000006b0400000, 0x00000006b0800000|  0%| F|  |TAMS 0x00000006b0400000| PB 0x00000006b0400000| Untracked 
| 154|0x00000006b0800000, 0x00000006b0800000, 0x00000006b0c00000|  0%| F|  |TAMS 0x00000006b0800000| PB 0x00000006b0800000| Untracked 
| 155|0x00000006b0c00000, 0x00000006b0c00000, 0x00000006b1000000|  0%| F|  |TAMS 0x00000006b0c00000| PB 0x00000006b0c00000| Untracked 
| 156|0x00000006b1000000, 0x00000006b1000000, 0x00000006b1400000|  0%| F|  |TAMS 0x00000006b1000000| PB 0x00000006b1000000| Untracked 
| 157|0x00000006b1400000, 0x00000006b1400000, 0x00000006b1800000|  0%| F|  |TAMS 0x00000006b1400000| PB 0x00000006b1400000| Untracked 
| 158|0x00000006b1800000, 0x00000006b1800000, 0x00000006b1c00000|  0%| F|  |TAMS 0x00000006b1800000| PB 0x00000006b1800000| Untracked 
| 159|0x00000006b1c00000, 0x00000006b1c00000, 0x00000006b2000000|  0%| F|  |TAMS 0x00000006b1c00000| PB 0x00000006b1c00000| Untracked 
| 160|0x00000006b2000000, 0x00000006b2000000, 0x00000006b2400000|  0%| F|  |TAMS 0x00000006b2000000| PB 0x00000006b2000000| Untracked 
| 161|0x00000006b2400000, 0x00000006b2400000, 0x00000006b2800000|  0%| F|  |TAMS 0x00000006b2400000| PB 0x00000006b2400000| Untracked 
| 162|0x00000006b2800000, 0x00000006b2800000, 0x00000006b2c00000|  0%| F|  |TAMS 0x00000006b2800000| PB 0x00000006b2800000| Untracked 
| 163|0x00000006b2c00000, 0x00000006b2c00000, 0x00000006b3000000|  0%| F|  |TAMS 0x00000006b2c00000| PB 0x00000006b2c00000| Untracked 
| 164|0x00000006b3000000, 0x00000006b3000000, 0x00000006b3400000|  0%| F|  |TAMS 0x00000006b3000000| PB 0x00000006b3000000| Untracked 
| 165|0x00000006b3400000, 0x00000006b3400000, 0x00000006b3800000|  0%| F|  |TAMS 0x00000006b3400000| PB 0x00000006b3400000| Untracked 
| 166|0x00000006b3800000, 0x00000006b3800000, 0x00000006b3c00000|  0%| F|  |TAMS 0x00000006b3800000| PB 0x00000006b3800000| Untracked 
| 167|0x00000006b3c00000, 0x00000006b3c00000, 0x00000006b4000000|  0%| F|  |TAMS 0x00000006b3c00000| PB 0x00000006b3c00000| Untracked 
| 168|0x00000006b4000000, 0x00000006b4000000, 0x00000006b4400000|  0%| F|  |TAMS 0x00000006b4000000| PB 0x00000006b4000000| Untracked 
| 169|0x00000006b4400000, 0x00000006b4400000, 0x00000006b4800000|  0%| F|  |TAMS 0x00000006b4400000| PB 0x00000006b4400000| Untracked 
| 170|0x00000006b4800000, 0x00000006b4800000, 0x00000006b4c00000|  0%| F|  |TAMS 0x00000006b4800000| PB 0x00000006b4800000| Untracked 
| 171|0x00000006b4c00000, 0x00000006b4c00000, 0x00000006b5000000|  0%| F|  |TAMS 0x00000006b4c00000| PB 0x00000006b4c00000| Untracked 
| 172|0x00000006b5000000, 0x00000006b5000000, 0x00000006b5400000|  0%| F|  |TAMS 0x00000006b5000000| PB 0x00000006b5000000| Untracked 
| 173|0x00000006b5400000, 0x00000006b5400000, 0x00000006b5800000|  0%| F|  |TAMS 0x00000006b5400000| PB 0x00000006b5400000| Untracked 
| 174|0x00000006b5800000, 0x00000006b5800000, 0x00000006b5c00000|  0%| F|  |TAMS 0x00000006b5800000| PB 0x00000006b5800000| Untracked 
| 175|0x00000006b5c00000, 0x00000006b5c00000, 0x00000006b6000000|  0%| F|  |TAMS 0x00000006b5c00000| PB 0x00000006b5c00000| Untracked 
| 176|0x00000006b6000000, 0x00000006b6000000, 0x00000006b6400000|  0%| F|  |TAMS 0x00000006b6000000| PB 0x00000006b6000000| Untracked 
| 177|0x00000006b6400000, 0x00000006b66ab9c8, 0x00000006b6800000| 66%| E|  |TAMS 0x00000006b6400000| PB 0x00000006b6400000| Complete 
| 178|0x00000006b6800000, 0x00000006b6c00000, 0x00000006b6c00000|100%| E|CS|TAMS 0x00000006b6800000| PB 0x00000006b6800000| Complete 
| 179|0x00000006b6c00000, 0x00000006b7000000, 0x00000006b7000000|100%| E|CS|TAMS 0x00000006b6c00000| PB 0x00000006b6c00000| Complete 
| 180|0x00000006b7000000, 0x00000006b7400000, 0x00000006b7400000|100%| E|CS|TAMS 0x00000006b7000000| PB 0x00000006b7000000| Complete 
| 181|0x00000006b7400000, 0x00000006b7800000, 0x00000006b7800000|100%| E|CS|TAMS 0x00000006b7400000| PB 0x00000006b7400000| Complete 
| 182|0x00000006b7800000, 0x00000006b7c00000, 0x00000006b7c00000|100%| E|CS|TAMS 0x00000006b7800000| PB 0x00000006b7800000| Complete 
| 183|0x00000006b7c00000, 0x00000006b8000000, 0x00000006b8000000|100%| E|CS|TAMS 0x00000006b7c00000| PB 0x00000006b7c00000| Complete 
| 184|0x00000006b8000000, 0x00000006b8400000, 0x00000006b8400000|100%| E|CS|TAMS 0x00000006b8000000| PB 0x00000006b8000000| Complete 
| 185|0x00000006b8400000, 0x00000006b8800000, 0x00000006b8800000|100%| E|CS|TAMS 0x00000006b8400000| PB 0x00000006b8400000| Complete 

Card table byte_map: [0x00000250c9b90000,0x00000250ca740000] _byte_map_base: 0x00000250c6740000

Marking Bits: (CMBitMap*) 0x00000250b60db630
 Bits: [0x00000250ca740000, 0x00000250d04c0000)

Polling page: 0x00000250b3fb0000

Metaspace:

Usage:
  Non-class:     59.97 MB used.
      Class:      6.56 MB used.
       Both:     66.53 MB used.

Virtual space:
  Non-class space:       64.00 MB reserved,      60.75 MB ( 95%) committed,  1 nodes.
      Class space:        1.00 GB reserved,       7.12 MB ( <1%) committed,  1 nodes.
             Both:        1.06 GB reserved,      67.88 MB (  6%) committed. 

Chunk freelists:
   Non-Class:  2.94 MB
       Class:  8.69 MB
        Both:  11.62 MB

MaxMetaspaceSize: unlimited
CompressedClassSpaceSize: 1.00 GB
Initial GC threshold: 21.00 MB
Current GC threshold: 87.81 MB
CDS: off
 - commit_granule_bytes: 65536.
 - commit_granule_words: 8192.
 - virtual_space_node_default_size: 8388608.
 - enlarge_chunks_in_place: 1.
 - use_allocation_guard: 0.


Internal statistics:

num_allocs_failed_limit: 6.
num_arena_births: 2108.
num_arena_deaths: 0.
num_vsnodes_births: 2.
num_vsnodes_deaths: 0.
num_space_committed: 1078.
num_space_uncommitted: 0.
num_chunks_returned_to_freelist: 6.
num_chunks_taken_from_freelist: 4417.
num_chunk_merges: 3.
num_chunk_splits: 2899.
num_chunks_enlarged: 1933.
num_inconsistent_stats: 0.

CodeHeap 'non-profiled nmethods': size=119168Kb used=12862Kb max_used=12862Kb free=106305Kb
 bounds [0x00000250c0fc0000, 0x00000250c1c50000, 0x00000250c8420000]
CodeHeap 'profiled nmethods': size=119104Kb used=29530Kb max_used=29530Kb free=89573Kb
 bounds [0x00000250b9420000, 0x00000250bb100000, 0x00000250c0870000]
CodeHeap 'non-nmethods': size=7488Kb used=4896Kb max_used=5535Kb free=2591Kb
 bounds [0x00000250c0870000, 0x00000250c0df0000, 0x00000250c0fc0000]
CodeCache: size=245760Kb, used=47288Kb, max_used=47927Kb, free=198469Kb
 total_blobs=15388, nmethods=12807, adapters=2482, full_count=0
Compilation: enabled, stopped_count=0, restarted_count=0

Compilation events (20 events):
Event: 49.162 Thread 0x00000250ea1a9110 nmethod 13015 0x00000250bb0f5010 code [0x00000250bb0f51e0, 0x00000250bb0f5658]
Event: 49.164 Thread 0x00000250ea1a6f00 13016       4       java.util.TreeMap::deleteEntry (246 bytes)
Event: 49.165 Thread 0x00000250ea1a75d0 13018 %     4       androidx.compose.ui.spatial.RectList::update @ 21 (164 bytes)
Event: 49.165 Thread 0x00000250d38f3790 13017       1       androidx.compose.ui.node.LayoutNode::setHasPositionalLayerTransformationsInOffsetFromRoot$ui (6 bytes)
Event: 49.165 Thread 0x00000250d38f3790 nmethod 13017 0x00000250c1c3c810 code [0x00000250c1c3c9a0, 0x00000250c1c3ca70]
Event: 49.165 Thread 0x00000250ea1a3f50 13019       4       java.lang.Math::max (46 bytes)
Event: 49.166 Thread 0x00000250ea1a3f50 nmethod 13019 0x00000250c1c3cb10 code [0x00000250c1c3ccc0, 0x00000250c1c3cdc8]
Event: 49.169 Thread 0x00000250ea1a75d0 nmethod 13018% 0x00000250c1c3ce90 code [0x00000250c1c3d040, 0x00000250c1c3d538]
Event: 49.171 Thread 0x00000250ea1a6f00 nmethod 13016 0x00000250c1c3d810 code [0x00000250c1c3da00, 0x00000250c1c3e3f8]
Event: 49.171 Thread 0x00000250ea1a6f00 13020       4       androidx.compose.ui.spatial.RectList::update (164 bytes)
Event: 49.175 Thread 0x00000250ea1a6f00 nmethod 13020 0x00000250c1c3e610 code [0x00000250c1c3e7c0, 0x00000250c1c3ebf8]
Event: 49.175 Thread 0x00000250d38f3790 13021       3       androidx.collection.MutableScatterSet::plusAssign (208 bytes)
Event: 49.175 Thread 0x00000250d38f3790 nmethod 13021 0x00000250bb0f5790 code [0x00000250bb0f5a00, 0x00000250bb0f6608]
Event: 49.176 Thread 0x00000250d38f3790 13022       1       androidx.compose.ui.text.MultiParagraph::getDidExceedMaxLines (5 bytes)
Event: 49.176 Thread 0x00000250d38f3790 nmethod 13022 0x00000250c1c3ee10 code [0x00000250c1c3efa0, 0x00000250c1c3f070]
Event: 49.179 Thread 0x00000250ea1a6f00 13023       4       java.awt.EventQueue::getNextEventPrivate (76 bytes)
Event: 49.184 Thread 0x00000250ea1a6f00 nmethod 13023 0x00000250c1c3f110 code [0x00000250c1c3f2c0, 0x00000250c1c3f7c8]
Event: 49.196 Thread 0x00000250d38efe60 nmethod 12949 0x00000250c1c3fa10 code [0x00000250c1c40420, 0x00000250c1c48ef0]
Event: 49.208 Thread 0x00000250d38efe60 13024       4       java.nio.Buffer::remaining (20 bytes)
Event: 49.208 Thread 0x00000250d38efe60 nmethod 13024 0x00000250c1c4f590 code [0x00000250c1c4f720, 0x00000250c1c4f7b8]

GC Heap History (20 events):
Event: 24.767 GC heap before
{Heap before GC invocations=48 (full 0):
 garbage-first heap   total 528384K, used 395917K [0x000000068a000000, 0x0000000800000000)
  region size 4096K, 77 young (315392K), 4 survivors (16384K)
 Metaspace       used 67612K, committed 68992K, reserved 1114112K
  class space    used 6705K, committed 7296K, reserved 1048576K
}
Event: 24.776 GC heap after
{Heap after GC invocations=49 (full 0):
 garbage-first heap   total 634880K, used 95323K [0x000000068a000000, 0x0000000800000000)
  region size 4096K, 4 young (16384K), 4 survivors (16384K)
 Metaspace       used 67612K, committed 68992K, reserved 1114112K
  class space    used 6705K, committed 7296K, reserved 1048576K
}
Event: 25.496 GC heap before
{Heap before GC invocations=49 (full 0):
 garbage-first heap   total 634880K, used 459867K [0x000000068a000000, 0x0000000800000000)
  region size 4096K, 93 young (380928K), 4 survivors (16384K)
 Metaspace       used 67666K, committed 69056K, reserved 1114112K
  class space    used 6705K, committed 7296K, reserved 1048576K
}
Event: 25.504 GC heap after
{Heap after GC invocations=50 (full 0):
 garbage-first heap   total 634880K, used 97356K [0x000000068a000000, 0x0000000800000000)
  region size 4096K, 4 young (16384K), 4 survivors (16384K)
 Metaspace       used 67666K, committed 69056K, reserved 1114112K
  class space    used 6705K, committed 7296K, reserved 1048576K
}
Event: 25.892 GC heap before
{Heap before GC invocations=50 (full 0):
 garbage-first heap   total 634880K, used 461900K [0x000000068a000000, 0x0000000800000000)
  region size 4096K, 93 young (380928K), 4 survivors (16384K)
 Metaspace       used 67715K, committed 69120K, reserved 1114112K
  class space    used 6705K, committed 7296K, reserved 1048576K
}
Event: 25.901 GC heap after
{Heap after GC invocations=51 (full 0):
 garbage-first heap   total 634880K, used 96364K [0x000000068a000000, 0x0000000800000000)
  region size 4096K, 2 young (8192K), 2 survivors (8192K)
 Metaspace       used 67715K, committed 69120K, reserved 1114112K
  class space    used 6705K, committed 7296K, reserved 1048576K
}
Event: 26.330 GC heap before
{Heap before GC invocations=51 (full 0):
 garbage-first heap   total 634880K, used 469100K [0x000000068a000000, 0x0000000800000000)
  region size 4096K, 93 young (380928K), 2 survivors (8192K)
 Metaspace       used 67788K, committed 69248K, reserved 1114112K
  class space    used 6705K, committed 7296K, reserved 1048576K
}
Event: 26.335 GC heap after
{Heap after GC invocations=52 (full 0):
 garbage-first heap   total 634880K, used 95654K [0x000000068a000000, 0x0000000800000000)
  region size 4096K, 2 young (8192K), 2 survivors (8192K)
 Metaspace       used 67788K, committed 69248K, reserved 1114112K
  class space    used 6705K, committed 7296K, reserved 1048576K
}
Event: 26.792 GC heap before
{Heap before GC invocations=52 (full 0):
 garbage-first heap   total 634880K, used 468390K [0x000000068a000000, 0x0000000800000000)
  region size 4096K, 93 young (380928K), 2 survivors (8192K)
 Metaspace       used 67789K, committed 69248K, reserved 1114112K
  class space    used 6705K, committed 7296K, reserved 1048576K
}
Event: 26.797 GC heap after
{Heap after GC invocations=53 (full 0):
 garbage-first heap   total 634880K, used 96835K [0x000000068a000000, 0x0000000800000000)
  region size 4096K, 2 young (8192K), 2 survivors (8192K)
 Metaspace       used 67789K, committed 69248K, reserved 1114112K
  class space    used 6705K, committed 7296K, reserved 1048576K
}
Event: 27.545 GC heap before
{Heap before GC invocations=53 (full 0):
 garbage-first heap   total 634880K, used 469571K [0x000000068a000000, 0x0000000800000000)
  region size 4096K, 93 young (380928K), 2 survivors (8192K)
 Metaspace       used 67795K, committed 69248K, reserved 1114112K
  class space    used 6705K, committed 7296K, reserved 1048576K
}
Event: 27.563 GC heap after
{Heap after GC invocations=54 (full 0):
 garbage-first heap   total 634880K, used 96256K [0x000000068a000000, 0x0000000800000000)
  region size 4096K, 2 young (8192K), 2 survivors (8192K)
 Metaspace       used 67795K, committed 69248K, reserved 1114112K
  class space    used 6705K, committed 7296K, reserved 1048576K
}
Event: 29.246 GC heap before
{Heap before GC invocations=54 (full 0):
 garbage-first heap   total 634880K, used 468992K [0x000000068a000000, 0x0000000800000000)
  region size 4096K, 93 young (380928K), 2 survivors (8192K)
 Metaspace       used 67816K, committed 69248K, reserved 1114112K
  class space    used 6705K, committed 7296K, reserved 1048576K
}
Event: 29.251 GC heap after
{Heap after GC invocations=55 (full 0):
 garbage-first heap   total 634880K, used 97242K [0x000000068a000000, 0x0000000800000000)
  region size 4096K, 3 young (12288K), 3 survivors (12288K)
 Metaspace       used 67816K, committed 69248K, reserved 1114112K
  class space    used 6705K, committed 7296K, reserved 1048576K
}
Event: 29.750 GC heap before
{Heap before GC invocations=55 (full 0):
 garbage-first heap   total 634880K, used 465882K [0x000000068a000000, 0x0000000800000000)
  region size 4096K, 93 young (380928K), 3 survivors (12288K)
 Metaspace       used 67835K, committed 69248K, reserved 1114112K
  class space    used 6705K, committed 7296K, reserved 1048576K
}
Event: 29.755 GC heap after
{Heap after GC invocations=56 (full 0):
 garbage-first heap   total 634880K, used 96880K [0x000000068a000000, 0x0000000800000000)
  region size 4096K, 2 young (8192K), 2 survivors (8192K)
 Metaspace       used 67835K, committed 69248K, reserved 1114112K
  class space    used 6705K, committed 7296K, reserved 1048576K
}
Event: 30.171 GC heap before
{Heap before GC invocations=56 (full 0):
 garbage-first heap   total 634880K, used 469616K [0x000000068a000000, 0x0000000800000000)
  region size 4096K, 93 young (380928K), 2 survivors (8192K)
 Metaspace       used 67835K, committed 69248K, reserved 1114112K
  class space    used 6705K, committed 7296K, reserved 1048576K
}
Event: 30.180 GC heap after
{Heap after GC invocations=57 (full 0):
 garbage-first heap   total 634880K, used 96333K [0x000000068a000000, 0x0000000800000000)
  region size 4096K, 2 young (8192K), 2 survivors (8192K)
 Metaspace       used 67835K, committed 69248K, reserved 1114112K
  class space    used 6705K, committed 7296K, reserved 1048576K
}
Event: 48.598 GC heap before
{Heap before GC invocations=57 (full 0):
 garbage-first heap   total 634880K, used 505933K [0x000000068a000000, 0x0000000800000000)
  region size 4096K, 93 young (380928K), 2 survivors (8192K)
 Metaspace       used 67917K, committed 69312K, reserved 1114112K
  class space    used 6708K, committed 7296K, reserved 1048576K
}
Event: 48.611 GC heap after
{Heap after GC invocations=58 (full 0):
 garbage-first heap   total 761856K, used 136949K [0x000000068a000000, 0x0000000800000000)
  region size 4096K, 3 young (12288K), 3 survivors (12288K)
 Metaspace       used 67917K, committed 69312K, reserved 1114112K
  class space    used 6708K, committed 7296K, reserved 1048576K
}

Dll operation events (20 events):
Event: 0.261 Loaded shared library C:\Users\antoi\AppData\Local\OmniApp\app\runtime\bin\nio.dll
Event: 0.279 Loaded shared library C:\Users\antoi\AppData\Local\OmniApp\app\runtime\bin\zip.dll
Event: 0.516 Loaded shared library C:\Users\antoi\AppData\Local\OmniApp\app\runtime\bin\jimage.dll
Event: 1.240 Loaded shared library C:\Users\antoi\AppData\Local\Temp\sqlite-3.49.1.0-8f44cb94-7a92-4a59-b334-82769fd5ba95-sqlitejdbc.dll
Event: 1.352 Loaded shared library C:\Users\antoi\AppData\Local\OmniApp\app\app\skiko-windows-x64.dll
Event: 1.387 Loaded shared library C:\Users\antoi\AppData\Local\OmniApp\app\runtime\bin\awt.dll
Event: 2.229 Loaded shared library C:\Users\antoi\AppData\Local\OmniApp\app\runtime\bin\freetype.dll
Event: 2.231 Loaded shared library C:\Users\antoi\AppData\Local\OmniApp\app\runtime\bin\fontmanager.dll
Event: 10.181 Loaded shared library C:\Users\antoi\AppData\Local\Temp\jna--846709896\jna12028555226429330415.dll
Event: 18.481 Loading shared library C:\Users\antoi\AppData\Local\Temp\ortools-java3516140608916573372\ortools-win32-x86-64\jniortools.dll failed, error code 126
Event: 19.361 Loaded shared library C:\Users\antoi\AppData\Local\Temp\ortools-java7220145026139308335\ortools-win32-x86-64\zlib1.dll
Event: 19.367 Loaded shared library C:\Users\antoi\AppData\Local\Temp\ortools-java7220145026139308335\ortools-win32-x86-64\bz2.dll
Event: 19.372 Loaded shared library C:\Users\antoi\AppData\Local\Temp\ortools-java7220145026139308335\ortools-win32-x86-64\abseil_dll.dll
Event: 19.381 Loaded shared library C:\Users\antoi\AppData\Local\Temp\ortools-java7220145026139308335\ortools-win32-x86-64\re2.dll
Event: 19.384 Loaded shared library C:\Users\antoi\AppData\Local\Temp\ortools-java7220145026139308335\ortools-win32-x86-64\libutf8_validity.dll
Event: 19.403 Loaded shared library C:\Users\antoi\AppData\Local\Temp\ortools-java7220145026139308335\ortools-win32-x86-64\libprotobuf.dll
Event: 19.415 Loaded shared library C:\Users\antoi\AppData\Local\Temp\ortools-java7220145026139308335\ortools-win32-x86-64\highs.dll
Event: 19.430 Loaded shared library C:\Users\antoi\AppData\Local\Temp\ortools-java7220145026139308335\ortools-win32-x86-64\libscip.dll
Event: 19.479 Loaded shared library C:\Users\antoi\AppData\Local\Temp\ortools-java7220145026139308335\ortools-win32-x86-64\ortools.dll
Event: 19.488 Loaded shared library C:\Users\antoi\AppData\Local\Temp\ortools-java7220145026139308335\ortools-win32-x86-64\jniortools.dll

Deoptimization events (20 events):
Event: 48.939 Thread 0x00000250d8becae0 Uncommon trap: trap_request=0xffffff45 fr.pc=0x00000250c1944e98 relative=0x0000000000000938
Event: 48.939 Thread 0x00000250d8becae0 Uncommon trap: reason=unstable_if action=reinterpret pc=0x00000250c1944e98 method=androidx.compose.ui.spatial.RectManagerKt.isSet--gyyYBs(J)Z @ 10 c2
Event: 48.939 Thread 0x00000250d8becae0 DEOPT PACKING pc=0x00000250c1944e98 sp=0x000000bacfffc8b0
Event: 48.939 Thread 0x00000250d8becae0 DEOPT UNPACKING pc=0x00000250c08c4422 sp=0x000000bacfffc778 mode 2
Event: 48.945 Thread 0x00000250d8becae0 Uncommon trap: trap_request=0xffffff45 fr.pc=0x00000250c188e2fc relative=0x000000000000035c
Event: 48.945 Thread 0x00000250d8becae0 Uncommon trap: reason=unstable_if action=reinterpret pc=0x00000250c188e2fc method=androidx.compose.ui.spatial.RectManager.dispatchCallbacks()V @ 286 c2
Event: 48.945 Thread 0x00000250d8becae0 DEOPT PACKING pc=0x00000250c188e2fc sp=0x000000bacfffe2a0
Event: 48.945 Thread 0x00000250d8becae0 DEOPT UNPACKING pc=0x00000250c08c4422 sp=0x000000bacfffe1b8 mode 2
Event: 49.129 Thread 0x00000250d8becae0 Uncommon trap: trap_request=0xffffff6e fr.pc=0x00000250c1c29cac relative=0x000000000000162c
Event: 49.129 Thread 0x00000250d8becae0 Uncommon trap: reason=loop_limit_check action=maybe_recompile pc=0x00000250c1c29cac method=androidx.compose.runtime.Recomposer$recompositionRunner$2.invokeSuspend$lambda$0(Landroidx/compose/runtime/Recomposer;Ljava/util/Set;Landroidx/compose/runtime/snaps
Event: 49.129 Thread 0x00000250d8becae0 DEOPT PACKING pc=0x00000250c1c29cac sp=0x000000bacfffe410
Event: 49.129 Thread 0x00000250d8becae0 DEOPT UNPACKING pc=0x00000250c08c4422 sp=0x000000bacfffe308 mode 2
Event: 49.170 Thread 0x00000250d8becae0 DEOPT PACKING pc=0x00000250bb0f4dd3 sp=0x000000bacfffd240
Event: 49.170 Thread 0x00000250d8becae0 DEOPT UNPACKING pc=0x00000250c08c4bc2 sp=0x000000bacfffc6d0 mode 0
Event: 49.171 Thread 0x00000250d8becae0 DEOPT PACKING pc=0x00000250bb0f4dd3 sp=0x000000bacfffd0e0
Event: 49.171 Thread 0x00000250d8becae0 DEOPT UNPACKING pc=0x00000250c08c4bc2 sp=0x000000bacfffc570 mode 0
Event: 49.206 Thread 0x00000250ef9cb890 Uncommon trap: trap_request=0xffffffde fr.pc=0x00000250c113c364 relative=0x0000000000000664
Event: 49.206 Thread 0x00000250ef9cb890 Uncommon trap: reason=class_check action=maybe_recompile pc=0x00000250c113c364 method=java.lang.String.<init>(Ljava/lang/AbstractStringBuilder;Ljava/lang/Void;)V @ 10 c2
Event: 49.206 Thread 0x00000250ef9cb890 DEOPT PACKING pc=0x00000250c113c364 sp=0x000000bad14fe250
Event: 49.206 Thread 0x00000250ef9cb890 DEOPT UNPACKING pc=0x00000250c08c4422 sp=0x000000bad14fe220 mode 2

Classes loaded (20 events):
Event: 49.196 Loading class sun/util/locale/provider/NumberFormatProviderImpl
Event: 49.196 Loading class sun/util/locale/provider/NumberFormatProviderImpl done
Event: 49.198 Loading class java/text/DecimalFormatSymbols
Event: 49.200 Loading class java/text/DecimalFormatSymbols done
Event: 49.200 Loading class sun/util/locale/provider/DecimalFormatSymbolsProviderImpl
Event: 49.200 Loading class sun/util/locale/provider/DecimalFormatSymbolsProviderImpl done
Event: 49.200 Loading class java/text/DecimalFormat
Event: 49.204 Loading class java/text/DecimalFormat done
Event: 49.204 Loading class java/text/FieldPosition
Event: 49.205 Loading class java/text/FieldPosition done
Event: 49.205 Loading class java/text/DigitList
Event: 49.206 Loading class java/text/DigitList done
Event: 49.206 Loading class java/math/RoundingMode
Event: 49.206 Loading class java/math/RoundingMode done
Event: 49.206 Loading class java/text/DontCareFieldPosition
Event: 49.206 Loading class java/text/DontCareFieldPosition done
Event: 49.206 Loading class java/text/DontCareFieldPosition$1
Event: 49.206 Loading class java/text/Format$FieldDelegate
Event: 49.206 Loading class java/text/Format$FieldDelegate done
Event: 49.206 Loading class java/text/DontCareFieldPosition$1 done

Classes unloaded (0 events):
No events

Classes redefined (0 events):
No events

Internal exceptions (20 events):
Event: 18.488 Thread 0x00000250e4dec870 Exception <a 'sun/nio/fs/WindowsException'{0x000000069510ba28}> (0x000000069510ba28) 
thrown [s\src\hotspot\share\prims\jni.cpp, line 520]
Event: 18.489 Thread 0x00000250e4dec870 Exception <a 'sun/nio/fs/WindowsException'{0x000000069510c718}> (0x000000069510c718) 
thrown [s\src\hotspot\share\prims\jni.cpp, line 520]
Event: 18.492 Thread 0x00000250e4dec870 Exception <a 'sun/nio/fs/WindowsException'{0x0000000695113aa0}> (0x0000000695113aa0) 
thrown [s\src\hotspot\share\prims\jni.cpp, line 520]
Event: 18.508 Thread 0x00000250e4dec870 Exception <a 'sun/nio/fs/WindowsException'{0x000000069511b4c8}> (0x000000069511b4c8) 
thrown [s\src\hotspot\share\prims\jni.cpp, line 520]
Event: 18.928 Thread 0x00000250e4dec870 Exception <a 'sun/nio/fs/WindowsException'{0x0000000695144578}> (0x0000000695144578) 
thrown [s\src\hotspot\share\prims\jni.cpp, line 520]
Event: 18.932 Thread 0x00000250e4dec870 Exception <a 'sun/nio/fs/WindowsException'{0x0000000695147fb8}> (0x0000000695147fb8) 
thrown [s\src\hotspot\share\prims\jni.cpp, line 520]
Event: 19.082 Thread 0x00000250e4dec870 Exception <a 'sun/nio/fs/WindowsException'{0x0000000694c84368}> (0x0000000694c84368) 
thrown [s\src\hotspot\share\prims\jni.cpp, line 520]
Event: 19.176 Thread 0x00000250e4dec870 Exception <a 'sun/nio/fs/WindowsException'{0x0000000694caee68}> (0x0000000694caee68) 
thrown [s\src\hotspot\share\prims\jni.cpp, line 520]
Event: 19.192 Thread 0x00000250e4dec870 Exception <a 'sun/nio/fs/WindowsException'{0x0000000694cb6a08}> (0x0000000694cb6a08) 
thrown [s\src\hotspot\share\prims\jni.cpp, line 520]
Event: 19.326 Thread 0x00000250e4dec870 Exception <a 'sun/nio/fs/WindowsException'{0x0000000694cc2120}> (0x0000000694cc2120) 
thrown [s\src\hotspot\share\prims\jni.cpp, line 520]
Event: 19.329 Thread 0x00000250e4dec870 Exception <a 'sun/nio/fs/WindowsException'{0x0000000694cc3450}> (0x0000000694cc3450) 
thrown [s\src\hotspot\share\prims\jni.cpp, line 520]
Event: 21.948 Thread 0x00000250d8becae0 Implicit null exception at 0x00000250c195b698 to 0x00000250c195cec8
Event: 49.208 Thread 0x00000250ef9cb890 Exception <a 'java/io/IOException'{0x00000006b66a7a00}> (0x00000006b66a7a00) 
thrown [s\src\hotspot\share\prims\jni.cpp, line 520]
Event: 49.208 Thread 0x00000250ef9cb890 Exception <a 'java/io/IOException'{0x00000006b66a7d18}> (0x00000006b66a7d18) 
thrown [s\src\hotspot\share\prims\jni.cpp, line 520]
Event: 49.208 Thread 0x00000250ef9cb890 Exception <a 'java/io/IOException'{0x00000006b66a82b8}> (0x00000006b66a82b8) 
thrown [s\src\hotspot\share\prims\jni.cpp, line 520]
Event: 49.208 Thread 0x00000250ef9cb890 Exception <a 'java/io/IOException'{0x00000006b66a85d0}> (0x00000006b66a85d0) 
thrown [s\src\hotspot\share\prims\jni.cpp, line 520]
Event: 49.208 Thread 0x00000250d8becae0 Exception <a 'java/io/IOException'{0x00000006b6617f98}> (0x00000006b6617f98) 
thrown [s\src\hotspot\share\prims\jni.cpp, line 520]
Event: 49.208 Thread 0x00000250d8becae0 Exception <a 'java/io/IOException'{0x00000006b6618560}> (0x00000006b6618560) 
thrown [s\src\hotspot\share\prims\jni.cpp, line 520]
Event: 49.208 Thread 0x00000250d8becae0 Exception <a 'java/io/IOException'{0x00000006b6618b00}> (0x00000006b6618b00) 
thrown [s\src\hotspot\share\prims\jni.cpp, line 520]
Event: 49.208 Thread 0x00000250d8becae0 Exception <a 'java/io/IOException'{0x00000006b66190c8}> (0x00000006b66190c8) 
thrown [s\src\hotspot\share\prims\jni.cpp, line 520]

ZGC Phase Switch (0 events):
No events

VM Operations (20 events):
Event: 27.545 Executing safepoint VM operation: G1CollectForAllocation (G1 Evacuation Pause)
Event: 27.564 Executing safepoint VM operation: G1CollectForAllocation (G1 Evacuation Pause) done
Event: 28.575 Executing safepoint VM operation: Cleanup
Event: 28.591 Executing safepoint VM operation: Cleanup done
Event: 29.245 Executing safepoint VM operation: G1CollectForAllocation (G1 Evacuation Pause)
Event: 29.251 Executing safepoint VM operation: G1CollectForAllocation (G1 Evacuation Pause) done
Event: 29.750 Executing safepoint VM operation: G1CollectForAllocation (G1 Evacuation Pause)
Event: 29.755 Executing safepoint VM operation: G1CollectForAllocation (G1 Evacuation Pause) done
Event: 30.171 Executing safepoint VM operation: G1CollectForAllocation (G1 Evacuation Pause)
Event: 30.180 Executing safepoint VM operation: G1CollectForAllocation (G1 Evacuation Pause) done
Event: 31.191 Executing safepoint VM operation: Cleanup
Event: 31.191 Executing safepoint VM operation: Cleanup done
Event: 38.249 Executing safepoint VM operation: Cleanup
Event: 38.249 Executing safepoint VM operation: Cleanup done
Event: 46.181 Executing safepoint VM operation: Cleanup
Event: 46.181 Executing safepoint VM operation: Cleanup done
Event: 48.209 Executing safepoint VM operation: Cleanup
Event: 48.209 Executing safepoint VM operation: Cleanup done
Event: 48.598 Executing safepoint VM operation: G1CollectForAllocation (G1 Evacuation Pause)
Event: 48.611 Executing safepoint VM operation: G1CollectForAllocation (G1 Evacuation Pause) done

Memory protections (0 events):
No events

Nmethod flushes (20 events):
Event: 9.528 Thread 0x00000250d3809760 flushing  nmethod 0x00000250b947d810
Event: 9.528 Thread 0x00000250d3809760 flushing  nmethod 0x00000250b948c810
Event: 9.528 Thread 0x00000250d3809760 flushing  nmethod 0x00000250b9490290
Event: 9.528 Thread 0x00000250d3809760 flushing  nmethod 0x00000250b96f2c90
Event: 9.528 Thread 0x00000250d3809760 flushing  nmethod 0x00000250b96f3610
Event: 9.528 Thread 0x00000250d3809760 flushing  nmethod 0x00000250b96f3e90
Event: 9.528 Thread 0x00000250d3809760 flushing  nmethod 0x00000250b942ea90
Event: 9.528 Thread 0x00000250d3809760 flushing  nmethod 0x00000250b942fc10
Event: 9.528 Thread 0x00000250d3809760 flushing  nmethod 0x00000250b942ff90
Event: 9.528 Thread 0x00000250d3809760 flushing  nmethod 0x00000250b94f2f10
Event: 9.528 Thread 0x00000250d3809760 flushing  nmethod 0x00000250b96c1190
Event: 9.528 Thread 0x00000250d3809760 flushing  nmethod 0x00000250c1043990
Event: 9.528 Thread 0x00000250d3809760 flushing  nmethod 0x00000250b9458c90
Event: 9.528 Thread 0x00000250d3809760 flushing  nmethod 0x00000250b9482b90
Event: 9.528 Thread 0x00000250d3809760 flushing  nmethod 0x00000250b9484210
Event: 9.528 Thread 0x00000250d3809760 flushing  nmethod 0x00000250b9486c10
Event: 9.528 Thread 0x00000250d3809760 flushing  nmethod 0x00000250b94afc90
Event: 9.528 Thread 0x00000250d3809760 flushing  nmethod 0x00000250b951a210
Event: 9.528 Thread 0x00000250d3809760 flushing  nmethod 0x00000250b9690790
Event: 9.528 Thread 0x00000250d3809760 flushing  nmethod 0x00000250b9728490

Events (20 events):
Event: 24.258 Thread 0x00000250ea1a97e0 Thread exited: 0x00000250ea1a97e0
Event: 24.281 Thread 0x00000250ea1a3f50 Thread exited: 0x00000250ea1a3f50
Event: 26.616 Thread 0x00000250e3adcb90 Thread exited: 0x00000250e3adcb90
Event: 29.078 Thread 0x00000250d86c30a0 Thread added: 0x00000250ea1a6f00
Event: 30.564 Thread 0x00000250d86c30a0 Thread exited: 0x00000250d86c30a0
Event: 30.564 Thread 0x00000250ea1a6f00 Thread exited: 0x00000250ea1a6f00
Event: 36.275 Thread 0x00000250d3b19d90 Thread exited: 0x00000250d3b19d90
Event: 37.611 Thread 0x00000250d38f3790 Thread added: 0x00000250ea1a6f00
Event: 37.629 Thread 0x00000250d38efe60 Thread added: 0x00000250ea1a75d0
Event: 37.701 Thread 0x00000250d38f3790 Thread added: 0x00000250ea1a3f50
Event: 37.788 Thread 0x00000250d38f3790 Thread added: 0x00000250ea1a7ca0
Event: 38.018 Thread 0x00000250ea1a7ca0 Thread exited: 0x00000250ea1a7ca0
Event: 43.298 Thread 0x00000250ea1a3f50 Thread exited: 0x00000250ea1a3f50
Event: 43.298 Thread 0x00000250ea1a75d0 Thread exited: 0x00000250ea1a75d0
Event: 43.314 Thread 0x00000250ea1a6f00 Thread exited: 0x00000250ea1a6f00
Event: 48.826 Thread 0x00000250d38efe60 Thread added: 0x00000250ea1a6f00
Event: 48.916 Thread 0x00000250ea1a6f00 Thread added: 0x00000250ea1a75d0
Event: 48.940 Thread 0x00000250d38f3790 Thread added: 0x00000250ea1a3f50
Event: 48.942 Thread 0x00000250ea1a3f50 Thread added: 0x00000250ea1a9110
Event: 48.943 Thread 0x00000250ea1a3f50 Thread added: 0x00000250ea1a8a40


Dynamic libraries:
0x00007ff6f7790000 - 0x00007ff6f781f000 	C:\Users\antoi\AppData\Local\OmniApp\app\org.example.project.exe
0x00007ff82a9a0000 - 0x00007ff82ac07000 	C:\WINDOWS\SYSTEM32\ntdll.dll
0x00007ff829ff0000 - 0x00007ff82a0bb000 	C:\WINDOWS\System32\KERNEL32.DLL
0x00007ff827c90000 - 0x00007ff828092000 	C:\WINDOWS\System32\KERNELBASE.dll
0x00007ff8288c0000 - 0x00007ff828a8f000 	C:\WINDOWS\System32\USER32.dll
0x00007ff827ba0000 - 0x00007ff827bc7000 	C:\WINDOWS\System32\win32u.dll
0x00007ff829f00000 - 0x00007ff829f2b000 	C:\WINDOWS\System32\GDI32.dll
0x00007ff828340000 - 0x00007ff828469000 	C:\WINDOWS\System32\gdi32full.dll
0x00007ff8280a0000 - 0x00007ff828143000 	C:\WINDOWS\System32\msvcp_win.dll
0x00007ff828150000 - 0x00007ff82829c000 	C:\WINDOWS\System32\ucrtbase.dll
0x00007ff828e00000 - 0x00007ff829598000 	C:\WINDOWS\System32\SHELL32.dll
0x00007ff829c60000 - 0x00007ff829c91000 	C:\WINDOWS\System32\IMM32.DLL
0x00007ff828d00000 - 0x00007ff828dfb000 	C:\WINDOWS\System32\shcore.dll
0x00007ff822c60000 - 0x00007ff822c78000 	C:\Users\antoi\AppData\Local\OmniApp\app\runtime\bin\jli.dll
0x00007ff807000000 - 0x00007ff807290000 	C:\WINDOWS\WinSxS\amd64_microsoft.windows.common-controls_6595b64144ccf1df_6.0.26100.9278_none_3e0d1ba8e3303201\COMCTL32.dll
0x00007ff82a0c0000 - 0x00007ff82a169000 	C:\WINDOWS\System32\msvcrt.dll
0x00007ff821360000 - 0x00007ff82137e000 	C:\Users\antoi\AppData\Local\OmniApp\app\runtime\bin\VCRUNTIME140.dll
0x00007ff8229c0000 - 0x00007ff8229cc000 	C:\Users\antoi\AppData\Local\OmniApp\app\runtime\bin\vcruntime140_1.dll
0x00007ffff83c0000 - 0x00007ffff8449000 	C:\Users\antoi\AppData\Local\OmniApp\app\runtime\bin\msvcp140.dll
0x00007fff84a30000 - 0x00007fff857d8000 	C:\Users\antoi\AppData\Local\OmniApp\app\runtime\bin\server\jvm.dll
0x00007ff82a890000 - 0x00007ff82a94c000 	C:\WINDOWS\System32\ADVAPI32.dll
0x00007ff829e50000 - 0x00007ff829ef9000 	C:\WINDOWS\System32\sechost.dll
0x00007ff829d30000 - 0x00007ff829e48000 	C:\WINDOWS\System32\RPCRT4.dll
0x00007ff829ca0000 - 0x00007ff829d20000 	C:\WINDOWS\System32\WS2_32.dll
0x00007ff81d120000 - 0x00007ff81d12b000 	C:\WINDOWS\SYSTEM32\VERSION.dll
0x00007ff813720000 - 0x00007ff813756000 	C:\WINDOWS\SYSTEM32\WINMM.dll
0x00007ff8266d0000 - 0x00007ff82672e000 	C:\WINDOWS\SYSTEM32\POWRPROF.dll
0x00007ff8266b0000 - 0x00007ff8266c5000 	C:\WINDOWS\SYSTEM32\UMPDC.dll
0x00007ff826990000 - 0x00007ff8269ab000 	C:\WINDOWS\SYSTEM32\kernel.appcore.dll
0x00007ff821350000 - 0x00007ff82135a000 	C:\Users\antoi\AppData\Local\OmniApp\app\runtime\bin\jimage.dll
0x00007ff822610000 - 0x00007ff82285c000 	C:\WINDOWS\SYSTEM32\DBGHELP.DLL
0x00007ff82a500000 - 0x00007ff82a885000 	C:\WINDOWS\System32\combase.dll
0x00007ff829ac0000 - 0x00007ff829b99000 	C:\WINDOWS\System32\OLEAUT32.dll
0x00007ff8056f0000 - 0x00007ff80572b000 	C:\WINDOWS\SYSTEM32\dbgcore.DLL
0x00007ff827bd0000 - 0x00007ff827c7c000 	C:\WINDOWS\System32\bcryptPrimitives.dll
0x00007ff81fdd0000 - 0x00007ff81fdf1000 	C:\Users\antoi\AppData\Local\OmniApp\app\runtime\bin\java.dll
0x00007ff825620000 - 0x00007ff825ece000 	C:\WINDOWS\SYSTEM32\windows.storage.dll
0x00007ff828aa0000 - 0x00007ff828b06000 	C:\WINDOWS\System32\shlwapi.dll
0x00007ff827ac0000 - 0x00007ff827ae9000 	C:\WINDOWS\SYSTEM32\profapi.dll
0x00007ff821330000 - 0x00007ff821341000 	C:\Users\antoi\AppData\Local\OmniApp\app\runtime\bin\net.dll
0x00007ff821970000 - 0x00007ff821a9a000 	C:\WINDOWS\SYSTEM32\WINHTTP.dll
0x00007ff826f50000 - 0x00007ff826fbc000 	C:\WINDOWS\system32\mswsock.dll
0x00007ff815900000 - 0x00007ff815916000 	C:\Users\antoi\AppData\Local\OmniApp\app\runtime\bin\nio.dll
0x00007ff8158e0000 - 0x00007ff8158f8000 	C:\Users\antoi\AppData\Local\OmniApp\app\runtime\bin\zip.dll
0x00007ff827240000 - 0x00007ff82725b000 	C:\WINDOWS\SYSTEM32\CRYPTSP.dll
0x00007ff8268f0000 - 0x00007ff826929000 	C:\WINDOWS\system32\rsaenh.dll
0x00007ff827000000 - 0x00007ff827034000 	C:\WINDOWS\SYSTEM32\USERENV.dll
0x00007ff827a90000 - 0x00007ff827aba000 	C:\WINDOWS\SYSTEM32\bcrypt.dll
0x00007ff827260000 - 0x00007ff82726c000 	C:\WINDOWS\SYSTEM32\CRYPTBASE.dll
0x00007ff826300000 - 0x00007ff826333000 	C:\WINDOWS\SYSTEM32\IPHLPAPI.DLL
0x00007ff82a470000 - 0x00007ff82a47a000 	C:\WINDOWS\System32\NSI.dll
0x00007fff98520000 - 0x00007fff9861a000 	C:\Users\antoi\AppData\Local\Temp\sqlite-3.49.1.0-8f44cb94-7a92-4a59-b334-82769fd5ba95-sqlitejdbc.dll
0x00007fff70490000 - 0x00007fff71205000 	C:\Users\antoi\AppData\Local\OmniApp\app\app\skiko-windows-x64.dll
0x00007ff82a170000 - 0x00007ff82a30a000 	C:\WINDOWS\System32\ole32.dll
0x00007ff8228c0000 - 0x00007ff8229b5000 	C:\WINDOWS\SYSTEM32\PROPSYS.dll
0x00007ff824d20000 - 0x00007ff824d4f000 	C:\WINDOWS\SYSTEM32\dwmapi.dll
0x00007fff98010000 - 0x00007fff981a3000 	C:\Users\antoi\AppData\Local\OmniApp\app\runtime\bin\awt.dll
0x00007ff8248c0000 - 0x00007ff82495f000 	C:\WINDOWS\SYSTEM32\apphelp.dll
0x00007ff824ac0000 - 0x00007ff824b68000 	C:\WINDOWS\system32\uxtheme.dll
0x00007ff828700000 - 0x00007ff82885b000 	C:\WINDOWS\System32\MSCTF.dll
0x00007fff86bc0000 - 0x00007fff86ccc000 	C:\WINDOWS\system32\opengl32.dll
0x00007fff8bb30000 - 0x00007fff8bb5d000 	C:\WINDOWS\SYSTEM32\GLU32.dll
0x00007ff824ed0000 - 0x00007ff824f14000 	C:\WINDOWS\SYSTEM32\dxcore.dll
0x00007ffff8330000 - 0x00007ffff83bb000 	C:\Users\antoi\AppData\Local\OmniApp\app\runtime\bin\freetype.dll
0x00007fff98420000 - 0x00007fff98519000 	C:\Users\antoi\AppData\Local\OmniApp\app\runtime\bin\fontmanager.dll
0x00007ff823d00000 - 0x00007ff823f6a000 	C:\WINDOWS\SYSTEM32\dwrite.dll
0x00007ff829ba0000 - 0x00007ff829c4e000 	C:\WINDOWS\System32\clbcatq.dll
0x00007ff823210000 - 0x00007ff823448000 	C:\WINDOWS\SYSTEM32\WindowsCodecs.dll
0x00007ffffcdf0000 - 0x00007ffffce4c000 	C:\WINDOWS\system32\dataexchange.dll
0x00007ff816770000 - 0x00007ff8169c0000 	C:\WINDOWS\system32\twinapi.appcore.dll
0x00007ff81ff30000 - 0x00007ff81ff37000 	C:\Users\antoi\AppData\Local\OmniApp\app\runtime\bin\jawt.dll
0x00007ff824bc0000 - 0x00007ff824cfb000 	C:\WINDOWS\SYSTEM32\Dxgi.dll
0x00007ff822120000 - 0x00007ff82217e000 	C:\WINDOWS\SYSTEM32\directxdatabasehelper.dll
0x00007ff827820000 - 0x00007ff827872000 	C:\WINDOWS\SYSTEM32\cfgmgr32.dll
0x00007fffce250000 - 0x00007fffce273000 	C:\WINDOWS\SYSTEM32\D3D12.dll
0x00007fff88ab0000 - 0x00007fff88e0b000 	C:\WINDOWS\SYSTEM32\D3D12Core.dll
0x00007ff8174b0000 - 0x00007ff81762a000 	C:\WINDOWS\SYSTEM32\drvstore.dll
0x00007ff8105d0000 - 0x00007ff8105f7000 	C:\WINDOWS\System32\DriverStore\FileRepository\iigd_dch.inf_amd64_15cb41d17b4923f1\igd12umd64.dll
0x00007fff60d10000 - 0x00007fff645c2000 	C:\WINDOWS\System32\DriverStore\FileRepository\iigd_dch.inf_amd64_15cb41d17b4923f1\igd12um64xeh.dll
0x00007ff828470000 - 0x00007ff8285ee000 	C:\WINDOWS\System32\CRYPT32.dll
0x00007fffdfff0000 - 0x00007fffe0050000 	C:\WINDOWS\System32\DriverStore\FileRepository\iigd_dch.inf_amd64_15cb41d17b4923f1\igdext64.dll
0x00007ff80cea0000 - 0x00007ff80cf44000 	C:\WINDOWS\System32\DriverStore\FileRepository\iigd_dch.inf_amd64_15cb41d17b4923f1\IntelControlLib.dll
0x00007ff81cb90000 - 0x00007ff81cfd1000 	C:\WINDOWS\System32\DriverStore\FileRepository\iigd_dch.inf_amd64_15cb41d17b4923f1\igdgmm64.dll
0x00007ff81d0f0000 - 0x00007ff81d115000 	C:\WINDOWS\System32\DriverStore\FileRepository\iigd_dch.inf_amd64_15cb41d17b4923f1\igc64.dll
0x00007ff817ef0000 - 0x00007ff81cb8c000 	C:\WINDOWS\System32\DriverStore\FileRepository\iigd_dch.inf_amd64_15cb41d17b4923f1\igc-default64.dll
0x00007fffd5ac0000 - 0x00007fffd5b5c000 	C:\WINDOWS\System32\DriverStore\FileRepository\iigd_dch.inf_amd64_15cb41d17b4923f1\UniversalAdapter64.dll
0x00007fffcac40000 - 0x00007fffcad1f000 	C:\WINDOWS\SYSTEM32\D3DSCache.dll
0x00007fff87c80000 - 0x00007fff87fb7000 	C:\WINDOWS\System32\DriverStore\FileRepository\iigd_dch.inf_amd64_15cb41d17b4923f1\igd12dxva64.dll
0x00007ff829630000 - 0x00007ff829ab7000 	C:\WINDOWS\System32\SETUPAPI.dll
0x00007ff80a670000 - 0x00007ff80ba15000 	C:\WINDOWS\System32\DriverStore\FileRepository\iigd_dch.inf_amd64_15cb41d17b4923f1\igddxvacommon64.dll
0x00007ff808670000 - 0x00007ff80a39d000 	C:\WINDOWS\System32\DriverStore\FileRepository\iigd_dch.inf_amd64_15cb41d17b4923f1\media_bin_64.dll
0x00007ff808560000 - 0x00007ff808588000 	C:\WINDOWS\System32\DriverStore\FileRepository\iigd_dch.inf_amd64_15cb41d17b4923f1\igdinfo64.dll
0x00007ff8056e0000 - 0x00007ff8056e8000 	C:\WINDOWS\system32\wshunix.dll
0x00007fffe20c0000 - 0x00007fffe2105000 	C:\Users\antoi\AppData\Local\Temp\jna--846709896\jna12028555226429330415.dll
0x00007ff828b10000 - 0x00007ff828b18000 	C:\WINDOWS\System32\PSAPI.DLL
0x00007ff824990000 - 0x00007ff8249ba000 	C:\WINDOWS\SYSTEM32\wtsapi32.dll
0x00007ff826c50000 - 0x00007ff826c99000 	C:\WINDOWS\SYSTEM32\SspiCli.dll
0x00007ff8261d0000 - 0x00007ff826234000 	C:\WINDOWS\SYSTEM32\WINSTA.dll
0x00007ff821100000 - 0x00007ff8211bf000 	C:\WINDOWS\SYSTEM32\mscms.dll
0x00007fffcbd80000 - 0x00007fffcbdcb000 	C:\WINDOWS\SYSTEM32\icm32.dll
0x00007ff823f70000 - 0x00007ff824195000 	C:\WINDOWS\SYSTEM32\dcomp.dll
0x00007ff822d60000 - 0x00007ff822d7a000 	C:\WINDOWS\SYSTEM32\Microsoft.Internal.WarpPal.dll
0x00007ff822d80000 - 0x00007ff8231ff000 	C:\WINDOWS\SYSTEM32\d3dcompiler_47.dll
0x00007ff81d280000 - 0x00007ff81d3c2000 	C:\WINDOWS\SYSTEM32\textinputframework.dll
0x00007ff806ea0000 - 0x00007ff806eba000 	C:\Users\antoi\AppData\Local\Temp\ortools-java7220145026139308335\ortools-win32-x86-64\zlib1.dll
0x00007ff805c40000 - 0x00007ff805c58000 	C:\Users\antoi\AppData\Local\Temp\ortools-java7220145026139308335\ortools-win32-x86-64\bz2.dll
0x00007fff75420000 - 0x00007fff7561d000 	C:\Users\antoi\AppData\Local\Temp\ortools-java7220145026139308335\ortools-win32-x86-64\abseil_dll.dll
0x00007fff86a80000 - 0x00007fff86bb9000 	C:\Users\antoi\AppData\Local\Temp\ortools-java7220145026139308335\ortools-win32-x86-64\re2.dll
0x00007ff8069f0000 - 0x00007ff8069f7000 	C:\Users\antoi\AppData\Local\Temp\ortools-java7220145026139308335\ortools-win32-x86-64\libutf8_validity.dll
0x00007fff30a20000 - 0x00007fff31717000 	C:\Users\antoi\AppData\Local\Temp\ortools-java7220145026139308335\ortools-win32-x86-64\libprotobuf.dll
0x00007fff5bee0000 - 0x00007fff5c70c000 	C:\Users\antoi\AppData\Local\Temp\ortools-java7220145026139308335\ortools-win32-x86-64\highs.dll
0x00007fff58860000 - 0x00007fff594a1000 	C:\Users\antoi\AppData\Local\Temp\ortools-java7220145026139308335\ortools-win32-x86-64\libscip.dll
0x00007fff261c0000 - 0x00007fff282b8000 	C:\Users\antoi\AppData\Local\Temp\ortools-java7220145026139308335\ortools-win32-x86-64\ortools.dll
0x00007fff6b360000 - 0x00007fff6b4e5000 	C:\Users\antoi\AppData\Local\Temp\ortools-java7220145026139308335\ortools-win32-x86-64\jniortools.dll
0x00007ff80d680000 - 0x00007ff80d77b000 	C:\WINDOWS\SYSTEM32\TextShaping.dll

JVMTI agents: none

dbghelp: loaded successfully - version: 4.0.5 - missing functions: none
symbol engine: initialized successfully - sym options: 0x614 - pdb path: .;C:\Users\antoi\AppData\Local\OmniApp\app;C:\WINDOWS\SYSTEM32;C:\Users\antoi\AppData\Local\OmniApp\app\runtime\bin;C:\WINDOWS\WinSxS\amd64_microsoft.windows.common-controls_6595b64144ccf1df_6.0.26100.9278_none_3e0d1ba8e3303201;C:\Users\antoi\AppData\Local\OmniApp\app\runtime\bin\server;C:\Users\antoi\AppData\Local\Temp;C:\Users\antoi\AppData\Local\OmniApp\app\app;C:\WINDOWS\System32\DriverStore\FileRepository\iigd_dch.inf_amd64_15cb41d17b4923f1;C:\Users\antoi\AppData\Local\Temp\jna--846709896;C:\Users\antoi\AppData\Local\Temp\ortools-java7220145026139308335\ortools-win32-x86-64

VM Arguments:
jvm_args: -Djpackage.app-version=0.5.0 -Dcompose.application.resources.dir=C:\Users\antoi\AppData\Local\OmniApp\app\app\resources -Dcompose.application.configure.swing.globals=true -Dskiko.library.path=C:\Users\antoi\AppData\Local\OmniApp\app\app -Djpackage.app-path=C:\Users\antoi\AppData\Local\OmniApp\app\org.example.project.exe 
java_command: org.example.project.MainKt
java_class_path (initial): C:\Users\antoi\AppData\Local\OmniApp\app\app\desktopApp-c842ca6683d86b31bc9604a5067cf.jar;C:\Users\antoi\AppData\Local\OmniApp\app\app\animation-core-desktop-1.11.0-3ec8687bba1c875f4630e7c99d49defc.jar;C:\Users\antoi\AppData\Local\OmniApp\app\app\animation-desktop-1.11.0-3b1636eba8fac16d053e567d9b91df8.jar;C:\Users\antoi\AppData\Local\OmniApp\app\app\annotation-jvm-1.9.1-1d6a04b3b9847638d0529df8ef76a.jar;C:\Users\antoi\AppData\Local\OmniApp\app\app\annotations-23.0.0-8484cd17d040d837983323f760b2c660.jar;C:\Users\antoi\AppData\Local\OmniApp\app\app\atomicfu-jvm-0.28.0-70921245a0aed3c3e3d17c34ca3dbd87.jar;C:\Users\antoi\AppData\Local\OmniApp\app\app\collection-jvm-1.5.0-4421442c114a4f8c8fe587cf2d668237.jar;C:\Users\antoi\AppData\Local\OmniApp\app\app\core-common-2.2.0-2212d240dfe1e8a7598ee117ccc316d.jar;C:\Users\antoi\AppData\Local\OmniApp\app\app\desktop-jvm-1.11.0-853ec1ce1542426c233c62225bcd3895.jar;C:\Users\antoi\AppData\Local\OmniApp\app\app\foundation-desktop-1.11.0-a4787b8ca37ae91eb45fa9a21e1a4ce.jar;C:\Users\antoi\AppData\Local\OmniApp\app\app\foundation-layout-desktop-1.11.0-283d2ac8235541447bbd8d60ab59521.jar;C:\Users\antoi\AppData\Local\OmniApp\app\app\graphics-shapes-desktop-1.1.0-dee1da92dcd95a52b7faca62f4f942.jar;C:\Users\antoi\AppData\Local\OmniApp\app\app\jbr-api-1.9.0-4ae6ce27bcafb233efdbf54395d03.jar;C:\Users\antoi\AppData\Local\OmniApp\app\app\jdbc-driver-2.1.0-734a6d743f73d4abfa230577ddc37bd.jar;C:\Users\antoi\AppData\Local\OmniApp\app\app\jna-5.14.0-8b3cc65292435ad9f801e6d9b2a3497.jar;C:\Users\antoi\AppData\Local\OmniApp\app\app\jna-platform-5.14.0-3bc3f09a698e6ad250dd93f64fbb8a7.jar;C:\Users\antoi\AppData\Local\OmniApp\app\app\jspecify-1.0.0-9133aba420d0ca3b01dbb6ae9992cf6.jar;C:\Users\antoi\AppData\Local\OmniApp\app\app\kotlin-stdlib-2.3.21-67d962e3bcffbbb88f84b4d49e47fc56.jar;C:\Users\antoi\AppData\Local\OmniApp\app\app\kotlinx-coroutines-core-jvm-1.11.0-41a5e9a2f2c9affb9d9ab254be5a984f.jar;C:\Users\antoi\AppData\Local\OmniApp\app\app\kotlinx-coroutines-slf4j-1.11.0-aa9f8a4e70944e6a49f380574b7648a.jar;C:\Users\antoi\AppData\Local\OmniApp\app\app\kotlinx-coroutines-swing-1.11.0-e2b21cfe6937a29f4b6eb63570c77085.jar;C:\Users\antoi\AppData\Local\OmniApp\app\app\kotlinx-datetime-jvm-0.7.1-70b44e22ebc7eebfa53f7d1941af072.jar;C:\Users\antoi\AppData\Local\OmniApp\app\app\kotlinx-io-bytestring-jvm-0.8.0-b6a72a4e88b5b115d31cd7e96d1cc783.jar;C:\Users\antoi\AppData\Local\OmniApp\app\app\kotlinx-io-core-jvm-0.8.0-514bc0925c1a81b3ccbe76757bf08ff.jar;C:\Users\antoi\AppData\Local\OmniApp\app\app\kotlinx-serialization-core-jvm-1.11.0-cce19040b3217192d383e28af7ffcb58.jar;C:\Users\antoi\AppData\Local\OmniApp\app\app\kotlinx-serialization-json-io-jvm-1.11.0-18fa3980a634626154439afcf274a88.jar;C:\Users\antoi\AppData\Local\OmniApp\app\app\kotlinx-serialization-json-jvm-1.11.0-22c7504f2965bec48288d5efa4886c52.jar;C:\Users\antoi\AppData\Local\OmniApp\app\app\ktor-client-cio-jvm-3.3.1-608aab7c1fa7df7488f4fb46938b1b.jar;C:\Users\antoi\AppData\Local\OmniApp\app\app\ktor-client-content-negotiation-jvm-3.3.1-1ab6b5e8eac688f2b68e586b37dbc5e.jar;C:\Users\antoi\AppData\Local\OmniApp\app\app\ktor-client-core-jvm-3.3.1-5a870a06f2c6b9e6e29d33446993ff9.jar;C:\Users\antoi\AppData\Local\OmniApp\app\app\ktor-client-websockets-jvm-3.3.1-72dce1cafc453cbaffcb9954df143e78.jar;C:\Users\antoi\AppData\Local\OmniApp\app\app\ktor-events-jvm-3.3.1-9a885f3889acc149f7cf98081454e53.jar;C:\Users\antoi\AppData\Local\OmniApp\app\app\ktor-http-cio-jvm-3.3.1-93efd8facf7324f3b63ae5d5241d62cf.jar;C:\Users\antoi\AppData\Local\OmniApp\app\app\ktor-http-jvm-3.3.1-a0ec129d10573c5d1d228ac792fef3b.jar;C:\Users\antoi\AppData\Local\OmniApp\app\app\ktor-io-jvm-3.3.1-d440f16050f08c60de27704cd07d61e4.jar;C:\Users\antoi\AppData\Local\OmniApp\app\app\ktor-network-jvm-3.3.1-dba535d45d104c6c7f3edbb451980da.jar;C:\Users\antoi\AppData\Local\OmniApp\app\app\ktor-network-tls-jvm-3.3.1-7596e66f3a5fc43c1cd2878e9212da34.jar;C:\Users\antoi\AppData\Local\OmniApp\app\app\ktor-serialization-jvm-3.3.1-b95af7c2693d99968fce8a2b050ca.jar;C:\Users\antoi\AppData\Local\OmniApp\app\app\ktor-serialization-kotlinx-json-jvm-3.3.1-75a1bf6bde54c7673e62721846327e77.jar;C:\Users\antoi\AppData\Local\OmniApp\app\app\ktor-serialization-kotlinx-jvm-3.3.1-9515ac9409757441e6b2dd5f9a4cbd.jar;C:\Users\antoi\AppData\Local\OmniApp\app\app\ktor-sse-jvm-3.3.1-3deb4a206e7ae6ca64e960c6758afa75.jar;C:\Users\antoi\AppData\Local\OmniApp\app\app\ktor-utils-jvm-3.3.1-46fea0ac5c953d98a1bbafe2a6cc13.jar;C:\Users\antoi\AppData\Local\OmniApp\app\app\ktor-websocket-serialization-jvm-3.3.1-f456c4361a422ccd347d91533032fcd.jar;C:\Users\antoi\AppData\Local\OmniApp\app\app\ktor-websockets-jvm-3.3.1-be062313fc7b8327677dc1467f3f7.jar;C:\Users\antoi\AppData\Local\OmniApp\app\app\library-desktop-1.11.0-297a54414da4a367efb3223fc064d2bb.jar;C:\Users\antoi\AppData\Local\OmniApp\app\app\lifecycle-common-jvm-2.11.0-beta01-a959fe40f2d0f5fec386bea6b823d740.jar;C:\Users\antoi\AppData\Local\OmniApp\app\app\lifecycle-runtime-compose-desktop-2.11.0-beta01-de578d01d15f2c99ea8bbd993fd5.jar;C:\Users\antoi\AppData\Local\OmniApp\app\app\lifecycle-runtime-compose-desktop-2.11.0-beta01-ffb54211a8c3862a8cd05279f4117790.jar;C:\Users\antoi\AppData\Local\OmniApp\app\app\lifecycle-runtime-desktop-2.11.0-beta01-f14af19f336c43981285f2b83ea88f.jar;C:\Users\antoi\AppData\Local\OmniApp\app\app\lifecycle-viewmodel-compose-desktop-2.11.0-beta01-8c8b5c8d71759d5b1f927a06b97a278.jar;C:\Users\antoi\AppData\Local\OmniApp\app\app\lifecycle-viewmodel-compose-desktop-2.11.0-beta01-a2efd9d8a4363bdc03bb7bdb822e3bb.jar;C:\Users\antoi\AppData\Local\OmniApp\app\app\lifecycle-viewmodel-desktop-2.11.0-beta01-6765f67c2afce1a337a3726e1d1139bb.jar;C:\Users\antoi\AppData\Local\OmniApp\app\app\lifecycle-viewmodel-savedstate-desktop-2.11.0-beta01-e927c27c498a1960d6d61db71a30338.jar;C:\Users\antoi\AppData\Local\OmniApp\app\app\material-desktop-1.11.0-25436e0596588ad39cc6841e571bd6.jar;C:\Users\antoi\AppData\Local\OmniApp\app\app\material-ripple-desktop-1.11.0-25262e12df3eab6a74d96e5c5f1e35d4.jar;C:\Users\antoi\AppData\Local\OmniApp\app\app\material3-desktop-1.11.0-alpha07-918c713f9d591a34492212a164f5c190.jar;C:\Users\antoi\AppData\Local\OmniApp\app\app\navigationevent-desktop-1.0.1-e0291c4f5d6a6b9038dae1d32950806e.jar;C:\Users\antoi\AppData\Local\OmniApp\app\app\ortools-java-9.15.6755-b947cce7b5967853b05be737d2242b71.jar;C:\Users\antoi\AppData\Local\OmniApp\app\app\ortools-win32-x86-64-9.15.6755-796c6dd535ab9652f970b01c0ac1853.jar;C:\Users\antoi\AppData\Local\OmniApp\app\app\protobuf-java-4.33.1-323bc9903c3cd9d1ef60443778c17fca.jar;C:\Users\antoi\AppData\Local\OmniApp\app\app\runtime-annotation-jvm-1.11.1-6963b878fcc7f76320564cfd61b7e881.jar;C:\Users\antoi\AppData\Local\OmniApp\app\app\runtime-desktop-1.11.0-f530f7ee1fb51ca01a95c1bbb0ef3a7d.jar;C:\Users\antoi\AppData\Local\OmniApp\app\app\runtime-desktop-1.11.1-2ec59882189381c3f1527c01f515e.jar;C:\Users\antoi\AppData\Local\OmniApp\app\app\runtime-jvm-2.1.0-5bac733b6b1e11f882d362f1f1a6948.jar;C:\Users\antoi\AppData\Local\OmniApp\app\app\runtime-retain-desktop-1.11.1-1a6731c44f232c5d9e1fb10edac28de.jar;C:\Users\antoi\AppData\Local\OmniApp\app\app\runtime-saveable-desktop-1.11.0-eea89111a01dbed26b76bf2f1fd3.jar;C:\Users\antoi\AppData\Local\OmniApp\app\app\runtime-saveable-desktop-1.11.1-80f1ec1d671efb9ee47f426501a6620.jar;C:\Users\antoi\AppData\Local\OmniApp\app\app\savedstate-compose-desktop-1.3.6-8de11644e97845eaa45d9e74fdec755.jar;C:\Users\antoi\AppData\Local\OmniApp\app\app\savedstate-compose-desktop-1.4.0-84ed9710e312be7017fd7498fe747a.jar;C:\Users\antoi\AppData\Local\OmniApp\app\app\savedstate-desktop-1.4.0-e2a50762f9c6de234b04b12926df6b3.jar;C:\Users\antoi\AppData\Local\OmniApp\app\app\shared-jvm-c83949dc1531f5779daa43f862a5ad8b.jar;C:\Users\antoi\AppData\Local\OmniApp\app\app\skiko-awt-0.144.6-6b3e9f225137b9011f3a95ca950455.jar;C:\Users\antoi\AppData\Local\OmniApp\app\app\skiko-awt-runtime-windows-x64-0.144.6-d145d7a6ddef3244a099e1b8dcebf0aa.jar;C:\Users\antoi\AppData\Local\OmniApp\app\app\slf4j-api-2.0.17-b648d114a23683498ac3f746f959d2f.jar;C:\Users\antoi\AppData\Local\OmniApp\app\app\sqlite-driver-2.1.0-39af9518b140f577356c5f605c699.jar;C:\Users\antoi\AppData\Local\OmniApp\app\app\sqlite-jdbc-3.49.1.0-c62ea721e9d6114e755fb7c8ad67df4d.jar;C:\Users\antoi\AppData\Local\OmniApp\app\app\ui-backhandler-desktop-1.11.0-628e5847a9bb5f2484c7a1764133b08.jar;C:\Users\antoi\AppData\Local\OmniApp\app\app\ui-desktop-1.11.0-5f509ad85261f69cc5f8a26c32a833c2.jar;C:\Users\antoi\AppData\Local\OmniApp\app\app\ui-geometry-desktop-1.11.0-50f2f5ca194395b3639e4e26be66d2ae.jar;C:\Users\antoi\AppData\Local\OmniApp\app\app\ui-graphics-desktop-1.11.0-9719c3b28df541492cffa726d5969d.jar;C:\Users\antoi\AppData\Local\OmniApp\app\app\ui-text-desktop-1.11.0-c237f6ec36592e968436efc2f2ee3e4d.jar;C:\Users\antoi\AppData\Local\OmniApp\app\app\ui-tooling-preview-desktop-1.11.0-b496665b26f319b702eea4c9e514f7d.jar;C:\Users\antoi\AppData\Local\OmniApp\app\app\ui-unit-desktop-1.11.0-6974f16892c8d8d3723cb6de69a762de.jar;C:\Users\antoi\AppData\Local\OmniApp\app\app\ui-util-desktop-1.11.0-4acc4435b9b1c62da975d3cc6425edd.jar
Launcher Type: SUN_STANDARD

[Global flags]
     intx CICompilerCount                          = 12                                        {product} {ergonomic}
     uint ConcGCThreads                            = 4                                         {product} {ergonomic}
     uint G1ConcRefinementThreads                  = 16                                        {product} {ergonomic}
   size_t G1HeapRegionSize                         = 4194304                                   {product} {ergonomic}
    uintx GCDrainStackTargetSize                   = 64                                        {product} {ergonomic}
   size_t InitialHeapSize                          = 394264576                                 {product} {ergonomic}
   size_t MarkStackSize                            = 4194304                                   {product} {ergonomic}
   size_t MaxHeapSize                              = 6274678784                                {product} {ergonomic}
   size_t MaxNewSize                               = 3762290688                                {product} {ergonomic}
   size_t MinHeapDeltaBytes                        = 4194304                                   {product} {ergonomic}
   size_t MinHeapSize                              = 8388608                                   {product} {ergonomic}
    uintx NonNMethodCodeHeapSize                   = 7602480                                {pd product} {ergonomic}
    uintx NonProfiledCodeHeapSize                  = 122027880                              {pd product} {ergonomic}
    uintx ProfiledCodeHeapSize                     = 122027880                              {pd product} {ergonomic}
    uintx ReservedCodeCacheSize                    = 251658240                              {pd product} {ergonomic}
     bool SegmentedCodeCache                       = true                                      {product} {ergonomic}
   size_t SoftMaxHeapSize                          = 6274678784                             {manageable} {ergonomic}
     bool UseCompressedOops                        = true                           {product lp64_product} {ergonomic}
     bool UseG1GC                                  = true                                      {product} {ergonomic}
     bool UseLargePagesIndividualAllocation        = false                                  {pd product} {ergonomic}

Logging:
Log output configuration:
 #0: stdout all=warning uptime,level,tags foldmultilines=false
 #1: stderr all=off uptime,level,tags foldmultilines=false

Release file:
JAVA_VERSION="21.0.11" 
MODULES="java.base java.datatransfer java.xml java.prefs java.desktop java.logging java.transaction.xa java.sql jdk.crypto.ec jdk.unsupported jdk.zipfs" 

Environment Variables:
PATH=C:\Program Files\Eclipse Adoptium\jdk-25.0.3.9-hotspot\bin;C:\WINDOWS\system32;C:\WINDOWS;C:\WINDOWS\System32\Wbem;C:\WINDOWS\System32\WindowsPowerShell\v1.0\;C:\WINDOWS\System32\OpenSSH\;C:\Program Files (x86)\NVIDIA Corporation\PhysX\Common;C:\Program Files\dotnet\;C:\Program Files\Git\cmd;C:\Program Files (x86)\Windows Kits\10\Windows Performance Toolkit\;C:\Program Files\nodejs\;C:\Users\antoi\AppData\Local\Pub\Cache\bin\;C:\Program Files\NVIDIA Corporation\NVIDIA App\NvDLISR;C:\Program Files\Docker\Docker\resources\bin;C:\tools\nuget;C:\Users\antoi\AppData\Roaming\npm;C:\Program Files\Eclipse Adoptium\jdk-25.0.3.9-hotspot\bin;C:\WINDOWS\system32;C:\WINDOWS;C:\WINDOWS\System32\Wbem;C:\WINDOWS\System32\WindowsPowerShell\v1.0\;C:\WINDOWS\System32\OpenSSH\;C:\Program Files (x86)\NVIDIA Corporation\PhysX\Common;C:\Program Files\dotnet\;C:\Program Files\Git\cmd;C:\Program Files (x86)\Windows Kits\10\Windows Performance Toolkit\;C:\Program Files\nodejs\;C:\Users\antoi\AppData\Local\Pub\Cache\bin\;C:\Program Files\NVIDIA Corporation\NVIDIA App\NvDLISR;C:\Program Files\Docker\Docker\resources\bin;C:\tools\nuget;C:\Users\antoi\.local\bin;C:\Users\antoi\AppData\Local\Programs\Python\Python314\Scripts\;C:\Users\antoi\AppData\Local\Programs\Python\Python314\;C:\Users\antoi\AppData\Local\Microsoft\WindowsApps;C:\Users\antoi\AppData\Local\Programs\Microsoft VS Code\bin;C:\src\flutter\bin;C:\Users\antoi\AppData\Roaming\npm;C:\Users\antoi\.dotnet\tools;C:\Users\antoi\AppData\Local\Microsoft\WinGet\Links;C:\Users\antoi\AppData\Local\Programs\cursor\resources\app\bin;C:\Users\antoi\AppData\L;C:\Users\antoi\AppData\Local\OmniApp\app\app
USERNAME=antoine
OS=Windows_NT
PROCESSOR_IDENTIFIER=Intel64 Family 6 Model 170 Stepping 4, GenuineIntel
TMP=C:\Users\antoi\AppData\Local\Temp
TEMP=C:\Users\antoi\AppData\Local\Temp




Periodic native trim disabled

---------------  S Y S T E M  ---------------

OS:
 Windows 11 , 64 bit Build 26100 (10.0.26100.9444)
OS uptime: 1 days 2:04 hours
Hyper-V role detected

CPU: total 22 (initial active 22) (11 cores per cpu, 2 threads per core) family 6 model 170 stepping 4 microcode 0x1c, cx8, cmov, fxsr, ht, mmx, 3dnowpref, sse, sse2, sse3, ssse3, sse4.1, sse4.2, popcnt, lzcnt, tsc, tscinvbit, avx, avx2, aes, erms, clmul, bmi1, bmi2, adx, sha, fma, vzeroupper, clflush, clflushopt, clwb, hv, serialize, rdtscp, rdpid, fsrm, f16c, cet_ibt, cet_ss
Processor Information for processor 0
  Max Mhz: 2300, Current Mhz: 2300, Mhz Limit: 2300
Processor Information for processor 1
  Max Mhz: 2300, Current Mhz: 1478, Mhz Limit: 2300
Processor Information for processor 2
  Max Mhz: 1800, Current Mhz: 1800, Mhz Limit: 1800
Processor Information for processor 3
  Max Mhz: 1800, Current Mhz: 1500, Mhz Limit: 1800
Processor Information for processor 4
  Max Mhz: 1800, Current Mhz: 1800, Mhz Limit: 1800
Processor Information for processor 5
  Max Mhz: 1800, Current Mhz: 1800, Mhz Limit: 1800
Processor Information for processor 6
  Max Mhz: 1800, Current Mhz: 1800, Mhz Limit: 1800
Processor Information for processor 7
  Max Mhz: 1800, Current Mhz: 1800, Mhz Limit: 1800
Processor Information for processor 8
  Max Mhz: 1800, Current Mhz: 1800, Mhz Limit: 1800
Processor Information for processor 9
  Max Mhz: 1800, Current Mhz: 1800, Mhz Limit: 1800
Processor Information for processor 10
  Max Mhz: 2300, Current Mhz: 2300, Mhz Limit: 2300
Processor Information for processor 11
  Max Mhz: 2300, Current Mhz: 2300, Mhz Limit: 2300
Processor Information for processor 12
  Max Mhz: 2300, Current Mhz: 2300, Mhz Limit: 2300
Processor Information for processor 13
  Max Mhz: 2300, Current Mhz: 2300, Mhz Limit: 2300
Processor Information for processor 14
  Max Mhz: 2300, Current Mhz: 2300, Mhz Limit: 2300
Processor Information for processor 15
  Max Mhz: 2300, Current Mhz: 2300, Mhz Limit: 2300
Processor Information for processor 16
  Max Mhz: 2300, Current Mhz: 1478, Mhz Limit: 2300
Processor Information for processor 17
  Max Mhz: 2300, Current Mhz: 2300, Mhz Limit: 2300
Processor Information for processor 18
  Max Mhz: 2300, Current Mhz: 2300, Mhz Limit: 2300
Processor Information for processor 19
  Max Mhz: 2300, Current Mhz: 2300, Mhz Limit: 2300
Processor Information for processor 20
  Max Mhz: 2500, Current Mhz: 1000, Mhz Limit: 1000
Processor Information for processor 21
  Max Mhz: 2500, Current Mhz: 1000, Mhz Limit: 1000

Memory: 4k page, system-wide physical 23933M (4867M free)
TotalPageFile size 39805M (AvailPageFile size 10352M)
current process WorkingSet (physical memory assigned to process): 1114M, peak: 1117M
current process commit charge ("private bytes"): 1276M, peak: 1278M

vm_info: OpenJDK 64-Bit Server VM (21.0.11+10-LTS) for windows-amd64 JRE (21.0.11+10-LTS), built on 2026-04-18T07:30:30Z by "Administrator" with MS VC++ 17.14 (VS2022)

END.
